split,held_out,encoding,head,loss,allele,rho,euc,coverage68,n
random,,concat,ridge,naive,HLA-A*01:01,0.059641915268544086,0.06512226512226513,0.7222222222222222,36
random,,concat,ridge,naive,HLA-A*02:01,0.26943923943260767,0.07046197776546195,0.7540106951871658,187
random,,concat,ridge,naive,HLA-A*02:03,0.36562977753429754,-0.07333865077032868,0.8192771084337349,83
random,,concat,ridge,naive,HLA-A*02:10,0.24239593302843254,-0.13979691194881066,0.7948717948717948,78
random,,concat,ridge,naive,HLA-A*02:11,0.2177780029214617,0.08311960408915219,0.9468085106382979,94
random,,concat,ridge,naive,HLA-A*02:12,0.4421152436442871,0.034292495723070755,0.8695652173913043,92
random,,concat,ridge,naive,HLA-A*02:16,0.3637742210218996,-0.08695652173913045,0.9710144927536232,69
random,,concat,ridge,naive,HLA-A*02:19,0.48507614169022717,0.051328418417026005,0.8974358974358975,78
random,,concat,ridge,naive,HLA-A*02:50,0.406163877070727,0.13001487183973406,0.9142857142857143,70
random,,concat,ridge,naive,HLA-A*03:01,0.49250339424879713,-0.04195502732569729,0.5895953757225434,173
random,,concat,ridge,naive,HLA-A*11:01,0.2661816342724205,0.01851305683563748,0.608,125
random,,concat,ridge,naive,HLA-A*23:01,0.36392885496927674,0.0904857910906298,0.7936507936507936,63
random,,concat,ridge,naive,HLA-A*24:02,0.24027612535984896,-0.15869685183777732,0.7459016393442623,122
random,,concat,ridge,naive,HLA-A*24:03,0.3911998113569906,-0.06893651654910472,0.8645833333333334,96
random,,concat,ridge,naive,HLA-A*24:07,0.26957455992745716,0.001222561822728536,0.7666666666666667,60
random,,concat,ridge,naive,HLA-A*24:19,0.11251521928139187,0.07721109264281341,0.8285714285714286,70
random,,concat,ridge,naive,HLA-A*25:01,0.3530795756545311,0.0022888503901162126,0.8205128205128205,78
random,,concat,ridge,naive,HLA-A*26:01,0.03327438320128769,0.08848626534190533,0.864406779661017,59
random,,concat,ridge,naive,HLA-A*26:02,0.37688308746667737,0.2726190476190476,0.6875,64
random,,concat,ridge,naive,HLA-A*26:03,0.3309410153437099,0.07673084042947058,0.7671232876712328,73
random,,concat,ridge,naive,HLA-A*29:02,0.12021720971783402,0.06265464123234098,0.7611940298507462,67
random,,concat,ridge,naive,HLA-A*30:01,0.21505174344569794,0.021696823059120553,0.6082474226804123,97
random,,concat,ridge,naive,HLA-A*30:02,-0.045689186737798426,0.21016949152542375,0.7627118644067796,59
random,,concat,ridge,naive,HLA-A*31:01,0.216318382243014,-0.03230342974686201,0.7349397590361446,83
random,,concat,ridge,naive,HLA-A*32:07,0.20859601988602908,-0.17041095890410954,0.5135135135135135,74
random,,concat,ridge,naive,HLA-A*33:03,-0.058691620982697916,0.08701923076923077,0.36923076923076925,65
random,,concat,ridge,naive,HLA-A*43:01,0.18840229021552077,0.26258219392547755,0.7727272727272727,66
random,,concat,ridge,naive,HLA-A*66:01,0.20285445835160598,0.11703813402443537,0.8513513513513513,74
random,,concat,ridge,naive,HLA-A*68:01,0.1355833180960572,0.24406438631790744,0.6056338028169014,71
random,,concat,ridge,naive,HLA-A*68:23,0.04012573700954433,0.24151429910923586,0.725,80
random,,concat,ridge,naive,HLA-A*74:01,0.28459859904566953,-0.1798464693201535,0.7662337662337663,77
random,,concat,ridge,naive,HLA-A*80:01,0.0993043374179581,0.10731656403298195,0.8787878787878788,66
random,,concat,ridge,naive,HLA-B*07:02,0.27047964823806303,0.08080422251545245,0.8666666666666667,120
random,,concat,ridge,naive,HLA-B*08:01,0.13713527017685584,0.15331855276192272,0.872093023255814,86
random,,concat,ridge,naive,HLA-B*08:03,-0.24464548443215486,0.07782243332115456,0.7101449275362319,69
random,,concat,ridge,naive,HLA-B*14:01(C67S),0.24607829863622668,-0.0677458617332035,0.9620253164556962,79
random,,concat,ridge,naive,HLA-B*14:02(C67S),0.3512678758925397,-0.03016386598476151,0.8939393939393939,66
random,,concat,ridge,naive,HLA-B*15:01,0.1328157307772331,0.06126962965527987,0.9192825112107623,223
random,,concat,ridge,naive,HLA-B*15:02,-0.07453147241678067,-0.11485482611870768,0.7096774193548387,62
random,,concat,ridge,naive,HLA-B*15:10,0.2615542156205924,0.2091521658644946,0.7972972972972973,74
random,,concat,ridge,naive,HLA-B*15:17,-0.04146936260586519,0.2438436244062843,0.8840579710144928,69
random,,concat,ridge,naive,HLA-B*18:01,-0.03642550134199483,-0.07529869408168938,0.7166666666666667,60
random,,concat,ridge,naive,HLA-B*27:02,-0.08152160069845583,0.09733514001806684,0.41975308641975306,81
random,,concat,ridge,naive,HLA-B*27:03,0.4118252600899082,0.09259161890740837,0.5714285714285714,77
random,,concat,ridge,naive,HLA-B*27:05,0.3511424327529519,0.2627635522372364,0.8051948051948052,77
random,,concat,ridge,naive,HLA-B*27:20,0.08021602122368537,-0.1814586147019101,0.5972222222222222,72
random,,concat,ridge,naive,HLA-B*35:01,0.2840059983201943,0.028478525944993893,0.8512396694214877,121
random,,concat,ridge,naive,HLA-B*35:03,0.09180825118293616,-0.0045548654244306425,0.8351648351648352,91
random,,concat,ridge,naive,HLA-B*39:01,0.1291569924537254,0.059291090588800506,0.7786259541984732,131
random,,concat,ridge,naive,HLA-B*39:02,-0.01008127571572886,0.0777665995975855,0.6901408450704225,71
random,,concat,ridge,naive,HLA-B*39:06(C67S),0.08380949971962119,0.06993828974434321,0.9879518072289156,83
random,,concat,ridge,naive,HLA-B*39:10,0.24506175927634488,-0.24882273126346877,0.7611940298507462,67
random,,concat,ridge,naive,HLA-B*40:01,0.1364974923160882,0.16798425051524196,1.0,58
random,,concat,ridge,naive,HLA-B*41:01,0.3026299662574442,-0.17292325109674983,0.8953488372093024,86
random,,concat,ridge,naive,HLA-B*42:01,0.3249645969781321,0.329205069124424,0.9047619047619048,63
random,,concat,ridge,naive,HLA-B*42:02,0.3721933023285968,0.19291866028708135,0.7763157894736842,76
random,,concat,ridge,naive,HLA-B*44:05,0.0668371737194575,-0.08380041011619958,0.8421052631578947,76
random,,concat,ridge,naive,HLA-B*45:01,0.09323081652223261,0.13960283439769047,0.6714285714285714,70
random,,concat,ridge,naive,HLA-B*46:01,0.02513763553010712,-0.07833518449956807,0.6575342465753424,73
random,,concat,ridge,naive,HLA-B*51:01,0.29572332191968864,0.0668804879331195,0.4805194805194805,77
random,,concat,ridge,naive,HLA-B*54:01,0.37992305735031023,0.045640509725016765,0.647887323943662,71
random,,concat,ridge,naive,HLA-B*55:01,0.31096239941130865,0.2082196381344192,0.7349397590361446,83
random,,concat,ridge,naive,HLA-B*56:01,0.3390624158721712,-0.15679793717768403,0.8375,80
random,,concat,ridge,naive,HLA-B*57:01,0.37728068327453995,0.00590207914151576,0.8732394366197183,71
random,,concat,ridge,naive,HLA-B*57:02,0.18310147297495558,-0.051401230348598774,0.9210526315789473,76
random,,concat,ridge,naive,HLA-B*57:03,0.21075342143977663,0.1529112967549641,0.963855421686747,83
random,,concat,ridge,naive,HLA-B*58:01,0.40025450005431956,0.12231623479640398,0.6557377049180327,61
random,,concat,ridge,naive,HLA-B*81:01,0.3120178983510016,0.09308280883623352,0.8767123287671232,73
random,,concat,ridge,tobit,HLA-A*01:01,0.015329131570100962,-0.087001287001287,0.8611111111111112,36
random,,concat,ridge,tobit,HLA-A*02:01,0.23732188828143014,-0.15752652579221182,0.8502673796791443,187
random,,concat,ridge,tobit,HLA-A*02:03,0.3097456178124074,0.04573695478779228,0.8313253012048193,83
random,,concat,ridge,tobit,HLA-A*02:10,0.2658838129334535,-0.1654421527839249,0.8846153846153846,78
random,,concat,ridge,tobit,HLA-A*02:11,0.2687653085619884,-0.19822273597514722,0.8936170212765957,94
random,,concat,ridge,tobit,HLA-A*02:12,0.5028226622229932,-0.06271288318974153,0.967391304347826,92
random,,concat,ridge,tobit,HLA-A*02:16,0.246499010096302,0.023931311655096824,1.0,69
random,,concat,ridge,tobit,HLA-A*02:19,0.39431881800119684,0.07411575766006144,0.8589743589743589,78
random,,concat,ridge,tobit,HLA-A*02:50,0.4594545098559892,-0.24989939637826958,0.9428571428571428,70
random,,concat,ridge,tobit,HLA-A*03:01,0.4024035106385143,-0.09417747101714637,0.6358381502890174,173
random,,concat,ridge,tobit,HLA-A*11:01,0.28212037818001484,0.06216282642089093,0.632,125
random,,concat,ridge,tobit,HLA-A*23:01,0.3051787620737879,-0.03134600614439324,0.8571428571428571,63
random,,concat,ridge,tobit,HLA-A*24:02,0.1209928966083507,0.2599588263868007,0.8360655737704918,122
random,,concat,ridge,tobit,HLA-A*24:03,0.21017311148086382,-0.011530113944655453,0.8958333333333334,96
random,,concat,ridge,tobit,HLA-A*24:07,0.1833952121111101,-0.09374826340650183,0.85,60
random,,concat,ridge,tobit,HLA-A*24:19,0.10723248171311478,-0.06429883649724434,0.9142857142857143,70
random,,concat,ridge,tobit,HLA-A*25:01,0.3321505575566026,0.02196537639575614,0.7948717948717948,78
random,,concat,ridge,tobit,HLA-A*26:01,0.0845784982693524,0.10134424313267097,0.7966101694915254,59
random,,concat,ridge,tobit,HLA-A*26:02,0.22862713251246042,0.22202380952380948,0.578125,64
random,,concat,ridge,tobit,HLA-A*26:03,0.28402750188651765,0.0932679254597063,0.726027397260274,73
random,,concat,ridge,tobit,HLA-A*29:02,-0.012771204822892094,0.05211908372575626,0.7761194029850746,67
random,,concat,ridge,tobit,HLA-A*30:01,0.2509191999293257,0.09354618135914158,0.6907216494845361,97
random,,concat,ridge,tobit,HLA-A*30:02,0.14843857012633035,-0.2251899473991818,0.8305084745762712,59
random,,concat,ridge,tobit,HLA-A*31:01,0.23650767796487948,0.04374291591452919,0.7469879518072289,83
random,,concat,ridge,tobit,HLA-A*32:07,0.1285027036482066,-0.004042947056645685,0.5945945945945946,74
random,,concat,ridge,tobit,HLA-A*33:03,-0.047664710373827406,-0.12980769230769232,0.4153846153846154,65
random,,concat,ridge,tobit,HLA-A*43:01,0.1643060403077904,0.053543471453919224,0.9242424242424242,66
random,,concat,ridge,tobit,HLA-A*66:01,0.22289815577509398,0.08504998148833763,0.8918918918918919,74
random,,concat,ridge,tobit,HLA-A*68:01,0.11380036204508778,0.10087189805499662,0.6338028169014085,71
random,,concat,ridge,tobit,HLA-A*68:23,0.25363720654633914,0.19929676511954994,0.825,80
random,,concat,ridge,tobit,HLA-A*74:01,0.27022226792324017,0.17316893632683106,0.6623376623376623,77
random,,concat,ridge,tobit,HLA-A*80:01,0.09541748507033396,0.006158021083394218,0.9090909090909091,66
random,,concat,ridge,tobit,HLA-B*07:02,0.28823372878959125,0.10509757622057087,0.9,120
random,,concat,ridge,tobit,HLA-B*08:01,0.15130980431007526,0.10190103306759753,0.9534883720930233,86
random,,concat,ridge,tobit,HLA-B*08:03,-0.2665546330870973,0.14592619656558276,0.9710144927536232,69
random,,concat,ridge,tobit,HLA-B*14:01(C67S),0.21584183472062232,-0.052945472249269716,0.810126582278481,79
random,,concat,ridge,tobit,HLA-B*14:02(C67S),0.23597941173870368,-0.16856278050307905,0.7575757575757576,66
random,,concat,ridge,tobit,HLA-B*15:01,0.034621137429015875,-0.01626209810066312,0.9372197309417041,223
random,,concat,ridge,tobit,HLA-B*15:02,0.0271046543152367,0.0313515146936617,0.8225806451612904,62
random,,concat,ridge,tobit,HLA-B*15:10,0.12303098762280591,0.15406145871899293,0.7837837837837838,74
random,,concat,ridge,tobit,HLA-B*15:17,0.14583758207424194,0.3474607234198027,0.9420289855072463,69
random,,concat,ridge,tobit,HLA-B*18:01,-0.09668909836346026,-0.19933314809669356,0.7,60
random,,concat,ridge,tobit,HLA-B*27:02,-0.1359956711567224,-0.03360433604336043,0.5308641975308642,81
random,,concat,ridge,tobit,HLA-B*27:03,0.5392095703252893,0.11456964088543034,0.7142857142857143,77
random,,concat,ridge,tobit,HLA-B*27:05,0.30712454042157655,-0.004679530995320469,0.7272727272727273,77
random,,concat,ridge,tobit,HLA-B*27:20,0.1168511271711921,0.1271785966943212,0.6944444444444444,72
random,,concat,ridge,tobit,HLA-B*35:01,0.36067578809670464,0.03945264869258907,0.8842975206611571,121
random,,concat,ridge,tobit,HLA-B*35:03,0.08005736863392274,-0.10705526357700272,0.9010989010989011,91
random,,concat,ridge,tobit,HLA-B*39:01,0.08840643754819015,0.04611647894090642,0.8015267175572519,131
random,,concat,ridge,tobit,HLA-B*39:02,-0.12804398271329745,-0.13708920187793425,0.676056338028169,71
random,,concat,ridge,tobit,HLA-B*39:06(C67S),0.1239282883068203,0.006066076151295075,0.891566265060241,83
random,,concat,ridge,tobit,HLA-B*39:10,0.16846498749862127,-0.10200335222284301,0.6865671641791045,67
random,,concat,ridge,tobit,HLA-B*40:01,0.13538675322852514,0.15881755821464827,0.896551724137931,58
random,,concat,ridge,tobit,HLA-B*41:01,0.3477045977718457,0.019576395112977027,0.872093023255814,86
random,,concat,ridge,tobit,HLA-B*42:01,0.3413340374936123,0.07013248847926268,0.9047619047619048,63
random,,concat,ridge,tobit,HLA-B*42:02,0.3832049384921648,0.16809295967190704,0.868421052631579,76
random,,concat,ridge,tobit,HLA-B*44:05,-0.08231899910321559,-0.030321257689678742,0.8552631578947368,76
random,,concat,ridge,tobit,HLA-B*45:01,0.28752391889136253,0.1027906569853906,0.6714285714285714,70
random,,concat,ridge,tobit,HLA-B*46:01,-0.02114602610755703,0.0534678514130569,0.7808219178082192,73
random,,concat,ridge,tobit,HLA-B*51:01,0.27300618058421244,-0.15476628634523368,0.5844155844155844,77
random,,concat,ridge,tobit,HLA-B*54:01,0.2390239760535885,-0.23913480885311866,0.7323943661971831,71
random,,concat,ridge,tobit,HLA-B*55:01,0.3434730013720745,0.15817975735695394,0.7831325301204819,83
random,,concat,ridge,tobit,HLA-B*56:01,0.4020852158800306,-0.07972339428035631,0.8,80
random,,concat,ridge,tobit,HLA-B*57:01,0.2663680811254834,0.17290409121395037,0.8732394366197183,71
random,,concat,ridge,tobit,HLA-B*57:02,0.16233400123641295,0.03794941900205058,0.9210526315789473,76
random,,concat,ridge,tobit,HLA-B*57:03,0.13479820330195427,-0.03929306074472104,0.9759036144578314,83
random,,concat,ridge,tobit,HLA-B*58:01,0.24081987911721725,-0.12506610259122156,0.6557377049180327,61
random,,concat,ridge,tobit,HLA-B*81:01,0.32863615884338815,0.1634271257558929,0.8904109589041096,73
random,,concat,mlp,naive,HLA-A*01:01,0.3029757769149367,-0.1842985842985843,0.6944444444444444,36
random,,concat,mlp,naive,HLA-A*02:01,0.46158561789553054,-0.012730361600444709,0.7486631016042781,187
random,,concat,mlp,naive,HLA-A*02:03,0.4426856784581135,-0.28166323831913015,0.6867469879518072,83
random,,concat,mlp,naive,HLA-A*02:10,0.4284766367587276,0.012177695721999518,0.7307692307692307,78
random,,concat,mlp,naive,HLA-A*02:11,0.3618025105930302,0.05929270671531264,0.8723404255319149,94
random,,concat,mlp,naive,HLA-A*02:12,0.4758715586594874,-0.013331689348519643,0.8369565217391305,92
random,,concat,mlp,naive,HLA-A*02:16,0.35504115499565936,-0.048118377785896976,0.8840579710144928,69
random,,concat,mlp,naive,HLA-A*02:19,0.39011990057299745,-0.1113949341797443,0.7564102564102564,78
random,,concat,mlp,naive,HLA-A*02:50,0.24940716184655853,0.11979704312833521,0.8428571428571429,70
random,,concat,mlp,naive,HLA-A*03:01,0.6073175183734111,0.024338180419133094,0.6184971098265896,173
random,,concat,mlp,naive,HLA-A*11:01,0.5380778538725589,-0.0114900153609831,0.648,125
random,,concat,mlp,naive,HLA-A*23:01,0.6395765119096558,-0.13061635944700462,0.7301587301587301,63
random,,concat,mlp,naive,HLA-A*24:02,0.41649096305442607,-0.01499895909404833,0.6967213114754098,122
random,,concat,mlp,naive,HLA-A*24:03,0.39229237765928693,0.14374660879001627,0.78125,96
random,,concat,mlp,naive,HLA-A*24:07,0.569673288855672,0.1115309808280078,0.85,60
random,,concat,mlp,naive,HLA-A*24:19,0.23330909106072134,-0.18425334616394015,0.8571428571428571,70
random,,concat,mlp,naive,HLA-A*25:01,0.2799624188500253,0.028136420541483832,0.5897435897435898,78
random,,concat,mlp,naive,HLA-A*26:01,0.4744311395122808,0.007013442431326711,0.6610169491525424,59
random,,concat,mlp,naive,HLA-A*26:02,0.5201215715300006,0.09304029304029303,0.671875,64
random,,concat,mlp,naive,HLA-A*26:03,0.5584785856081139,-0.1478156238430211,0.5753424657534246,73
random,,concat,mlp,naive,HLA-A*29:02,0.2663165950939549,-0.13548567323808763,0.6865671641791045,67
random,,concat,mlp,naive,HLA-A*30:01,0.5148563175772085,-0.006324952661476961,0.5670103092783505,97
random,,concat,mlp,naive,HLA-A*30:02,0.18126210389562747,-0.26908240794856814,0.7966101694915254,59
random,,concat,mlp,naive,HLA-A*31:01,0.4903804599983837,-0.17524453213551067,0.6987951807228916,83
random,,concat,mlp,naive,HLA-A*32:07,0.48852657760806467,-0.08430951499444649,0.5135135135135135,74
random,,concat,mlp,naive,HLA-A*33:03,0.5013909575843887,0.018924825174825174,0.3230769230769231,65
random,,concat,mlp,naive,HLA-A*43:01,0.2722960639748343,-0.13303413004905545,0.7272727272727273,66
random,,concat,mlp,naive,HLA-A*66:01,0.3553701651587268,-0.23112921140318396,0.7567567567567568,74
random,,concat,mlp,naive,HLA-A*68:01,0.3840572692141919,0.2621395036887994,0.5211267605633803,71
random,,concat,mlp,naive,HLA-A*68:23,0.3448567759836479,0.09760900140646976,0.6875,80
random,,concat,mlp,naive,HLA-A*74:01,0.514250596755522,-0.026631263473368735,0.6623376623376623,77
random,,concat,mlp,naive,HLA-A*80:01,0.21143054751923726,0.19578332115645553,0.7727272727272727,66
random,,concat,mlp,naive,HLA-B*07:02,0.3586595220006423,0.14765608722827975,0.8583333333333333,120
random,,concat,mlp,naive,HLA-B*08:01,0.3342588521509804,0.265210623142601,0.8837209302325582,86
random,,concat,mlp,naive,HLA-B*08:03,-0.02240981475766055,-0.03533065400073073,0.6231884057971014,69
random,,concat,mlp,naive,HLA-B*14:01(C67S),0.18105473242307074,-0.02276046738072055,0.9367088607594937,79
random,,concat,mlp,naive,HLA-B*14:02(C67S),0.12532164766860895,-0.12055109070034445,0.7878787878787878,66
random,,concat,mlp,naive,HLA-B*15:01,0.21195462930577547,0.08288172862163892,0.8923766816143498,223
random,,concat,mlp,naive,HLA-B*15:02,0.19008688941339202,-0.12497796580292612,0.7258064516129032,62
random,,concat,mlp,naive,HLA-B*15:10,0.23388525272439395,0.01885227693446871,0.7432432432432432,74
random,,concat,mlp,naive,HLA-B*15:17,0.0372639157807554,-0.06649616368286447,0.855072463768116,69
random,,concat,mlp,naive,HLA-B*18:01,0.06499779826622012,-0.02572936926924146,0.7,60
random,,concat,mlp,naive,HLA-B*27:02,0.18716201817160275,-0.020709123757904242,0.3333333333333333,81
random,,concat,mlp,naive,HLA-B*27:03,0.6972530649441651,-0.015589673484410326,0.6103896103896104,77
random,,concat,mlp,naive,HLA-B*27:05,0.31344478819874083,-0.019401650980598345,0.6233766233766234,77
random,,concat,mlp,naive,HLA-B*27:20,0.2413426446039233,-0.06900765322528782,0.5416666666666666,72
random,,concat,mlp,naive,HLA-B*35:01,0.2837009326196821,0.037711692182631075,0.8181818181818182,121
random,,concat,mlp,naive,HLA-B*35:03,0.519914810868587,0.25580506450071666,0.8681318681318682,91
random,,concat,mlp,naive,HLA-B*39:01,0.16902224893142476,0.12706987668819728,0.6793893129770993,131
random,,concat,mlp,naive,HLA-B*39:02,0.019152740842236133,-0.006539235412474848,0.5915492957746479,71
random,,concat,mlp,naive,HLA-B*39:06(C67S),0.15744773219156483,0.09588178497963981,0.9518072289156626,83
random,,concat,mlp,naive,HLA-B*39:10,0.528431885777462,-0.002593981961848512,0.6716417910447762,67
random,,concat,mlp,naive,HLA-B*40:01,-0.10888328444472771,-0.056138300163031785,0.9482758620689655,58
random,,concat,mlp,naive,HLA-B*41:01,0.4203592898435746,0.10982593518562195,0.7790697674418605,86
random,,concat,mlp,naive,HLA-B*42:01,0.44423109246408665,0.10743087557603687,0.7777777777777778,63
random,,concat,mlp,naive,HLA-B*42:02,0.5454111268494178,0.08724538619275461,0.7631578947368421,76
random,,concat,mlp,naive,HLA-B*44:05,0.12025767720793731,0.1598906356801094,0.7631578947368421,76
random,,concat,mlp,naive,HLA-B*45:01,0.5901859872505048,0.027311696264543783,0.7142857142857143,70
random,,concat,mlp,naive,HLA-B*46:01,0.05520142395867885,0.16290262865605334,0.5205479452054794,73
random,,concat,mlp,naive,HLA-B*51:01,0.4899169033540149,-0.13951837636048162,0.4675324675324675,77
random,,concat,mlp,naive,HLA-B*54:01,0.48088555170564395,0.09124824990469824,0.5633802816901409,71
random,,concat,mlp,naive,HLA-B*55:01,0.4725059793898038,-0.004890642710213677,0.6867469879518072,83
random,,concat,mlp,naive,HLA-B*56:01,0.5488902457861113,-0.06401781528363808,0.7,80
random,,concat,mlp,naive,HLA-B*57:01,0.5487413993482592,-0.1589201877934272,0.9014084507042254,71
random,,concat,mlp,naive,HLA-B*57:02,0.29298973641943915,-0.09706083390293917,0.868421052631579,76
random,,concat,mlp,naive,HLA-B*57:03,0.3629263152763675,0.08013937282229965,0.9518072289156626,83
random,,concat,mlp,naive,HLA-B*58:01,0.43287214419156794,0.04309888947646748,0.5901639344262295,61
random,,concat,mlp,naive,HLA-B*81:01,0.2690332357366161,0.2078859681599408,0.8904109589041096,73
random,,concat,mlp,tobit,HLA-A*01:01,0.23869647730585783,0.18198198198198198,0.8333333333333334,36
random,,concat,mlp,tobit,HLA-A*02:01,0.45466621335930774,0.11745620441974756,0.8556149732620321,187
random,,concat,mlp,tobit,HLA-A*02:03,0.40046815584326706,-0.16139120943705132,0.8072289156626506,83
random,,concat,mlp,tobit,HLA-A*02:10,0.43185555051661584,-0.015946079237218476,0.8461538461538461,78
random,,concat,mlp,tobit,HLA-A*02:11,0.37696792855242733,0.012910450456959145,0.9787234042553191,94
random,,concat,mlp,tobit,HLA-A*02:12,0.5221901552899334,0.022070496123792055,0.9130434782608695,92
random,,concat,mlp,tobit,HLA-A*02:16,0.33309886985441584,0.18819875776397518,0.9855072463768116,69
random,,concat,mlp,tobit,HLA-A*02:19,0.40560024675406964,-0.14321121916058624,0.8717948717948718,78
random,,concat,mlp,tobit,HLA-A*02:50,0.22354064123683193,-0.13183448517190097,0.8857142857142857,70
random,,concat,mlp,tobit,HLA-A*03:01,0.5999209208429856,-0.1336479226444044,0.7630057803468208,173
random,,concat,mlp,tobit,HLA-A*11:01,0.5044942902871264,0.05998156682027649,0.712,125
random,,concat,mlp,tobit,HLA-A*23:01,0.6069482420915238,-0.12946428571428573,0.8253968253968254,63
random,,concat,mlp,tobit,HLA-A*24:02,0.4224962954104106,-0.00867421626390766,0.8360655737704918,122
random,,concat,mlp,tobit,HLA-A*24:03,0.40669253724607435,-0.13939229517091697,0.8645833333333334,96
random,,concat,mlp,tobit,HLA-A*24:07,0.48418893577977945,0.02139483189774938,0.9166666666666666,60
random,,concat,mlp,tobit,HLA-A*24:19,0.18776763866842647,0.015099291400577376,0.9142857142857143,70
random,,concat,mlp,tobit,HLA-A*25:01,0.33841006205194635,-0.07760593836543203,0.717948717948718,78
random,,concat,mlp,tobit,HLA-A*26:01,0.38595352849775544,-0.015488018702513153,0.7796610169491526,59
random,,concat,mlp,tobit,HLA-A*26:02,0.4432328395216013,0.07225274725274725,0.78125,64
random,,concat,mlp,tobit,HLA-A*26:03,0.574897534207351,-0.2108478341355054,0.7534246575342466,73
random,,concat,mlp,tobit,HLA-A*29:02,0.25968116473213926,-0.24283661904381837,0.7761194029850746,67
random,,concat,mlp,tobit,HLA-A*30:01,0.5040535079834749,-0.16426467494214178,0.7422680412371134,97
random,,concat,mlp,tobit,HLA-A*30:02,0.25523228178286494,-0.10368205727644654,0.8813559322033898,59
random,,concat,mlp,tobit,HLA-A*31:01,0.46687352649799024,-0.18475294907854414,0.7228915662650602,83
random,,concat,mlp,tobit,HLA-A*32:07,0.5290454481277694,-0.06251018141429099,0.6756756756756757,74
random,,concat,mlp,tobit,HLA-A*33:03,0.4712448068069121,0.21879370629370629,0.4307692307692308,65
random,,concat,mlp,tobit,HLA-A*43:01,0.21481954493047561,0.02578018995929444,0.8636363636363636,66
random,,concat,mlp,tobit,HLA-A*66:01,0.3972477222946708,-0.2444576082932247,0.8783783783783784,74
random,,concat,mlp,tobit,HLA-A*68:01,0.3561757593423014,0.27146210596914816,0.6338028169014085,71
random,,concat,mlp,tobit,HLA-A*68:23,0.31730652768637313,0.14233473980309425,0.7375,80
random,,concat,mlp,tobit,HLA-A*74:01,0.5299326680441169,-0.03819864346180136,0.7012987012987013,77
random,,concat,mlp,tobit,HLA-A*80:01,0.19661784802371846,0.16756079741154373,0.9090909090909091,66
random,,concat,mlp,tobit,HLA-B*07:02,0.37737581744412374,0.06269879852767553,0.9,120
random,,concat,mlp,tobit,HLA-B*08:01,0.3604846096363297,0.14043115241284965,0.9186046511627907,86
random,,concat,mlp,tobit,HLA-B*08:03,-0.024512612389076417,0.08217025940811107,0.855072463768116,69
random,,concat,mlp,tobit,HLA-B*14:01(C67S),0.19620330197008592,0.08222979552093478,0.7848101265822784,79
random,,concat,mlp,tobit,HLA-B*14:02(C67S),0.25122878615240357,-0.04552760672163658,0.7272727272727273,66
random,,concat,mlp,tobit,HLA-B*15:01,0.23266454133583636,0.03014028602593625,0.9372197309417041,223
random,,concat,mlp,tobit,HLA-B*15:02,0.18750549376432188,-0.05094306363476115,0.7903225806451613,62
random,,concat,mlp,tobit,HLA-B*15:10,0.35734740634611967,0.16312476860422062,0.8378378378378378,74
random,,concat,mlp,tobit,HLA-B*15:17,0.0670494500333808,0.11965655827548413,0.9130434782608695,69
random,,concat,mlp,tobit,HLA-B*18:01,-0.004762049487370883,0.3036398999722146,0.75,60
random,,concat,mlp,tobit,HLA-B*27:02,0.15544003153746141,-0.029697380307136402,0.4691358024691358,81
random,,concat,mlp,tobit,HLA-B*27:03,0.6459499408365948,0.01895472948104527,0.7532467532467533,77
random,,concat,mlp,tobit,HLA-B*27:05,0.28100084960929755,-0.07610810242389189,0.6493506493506493,77
random,,concat,mlp,tobit,HLA-B*27:20,0.40308308369227647,-0.12592449675220274,0.7083333333333334,72
random,,concat,mlp,tobit,HLA-B*35:01,0.32302390141570736,-0.16209863162173144,0.8842975206611571,121
random,,concat,mlp,tobit,HLA-B*35:03,0.46639452004535153,-0.10594043637521898,0.9340659340659341,91
random,,concat,mlp,tobit,HLA-B*39:01,0.20117467819691787,-0.05719318849089841,0.8015267175572519,131
random,,concat,mlp,tobit,HLA-B*39:02,0.144285103023278,-0.008987256874580817,0.6901408450704225,71
random,,concat,mlp,tobit,HLA-B*39:06(C67S),0.2011384433239869,0.08339280466814995,0.7590361445783133,83
random,,concat,mlp,tobit,HLA-B*39:10,0.4647709253398388,-0.1424694708276798,0.7910447761194029,67
random,,concat,mlp,tobit,HLA-B*40:01,-0.08234896179738686,-0.05226245039835123,0.9482758620689655,58
random,,concat,mlp,tobit,HLA-B*41:01,0.46416099548609946,-0.10601443464314354,0.8953488372093024,86
random,,concat,mlp,tobit,HLA-B*42:01,0.3810575331726734,0.03321812596006144,0.9523809523809523,63
random,,concat,mlp,tobit,HLA-B*42:02,0.589731252526387,0.15149692412850307,0.9210526315789473,76
random,,concat,mlp,tobit,HLA-B*44:05,0.13922701626029818,0.11584415584415586,0.8421052631578947,76
random,,concat,mlp,tobit,HLA-B*45:01,0.6041130847608621,-0.0877088618668533,0.7,70
random,,concat,mlp,tobit,HLA-B*46:01,0.00849008988288432,-0.06840059237319512,0.7397260273972602,73
random,,concat,mlp,tobit,HLA-B*51:01,0.4232431292703193,0.17837425732162573,0.6233766233766234,77
random,,concat,mlp,tobit,HLA-B*54:01,0.5241852196526225,-0.0002682763246143528,0.7323943661971831,71
random,,concat,mlp,tobit,HLA-B*55:01,0.5401377776872001,-0.04617774232819781,0.8433734939759037,83
random,,concat,mlp,tobit,HLA-B*56:01,0.6280192860794996,-0.05175808720112518,0.85,80
random,,concat,mlp,tobit,HLA-B*57:01,0.5053393570309683,0.06327967806841045,0.9014084507042254,71
random,,concat,mlp,tobit,HLA-B*57:02,0.26714333784174077,0.04257006151742994,0.9078947368421053,76
random,,concat,mlp,tobit,HLA-B*57:03,0.3062459804144321,-0.017904370093614876,0.9759036144578314,83
random,,concat,mlp,tobit,HLA-B*58:01,0.4237381448187184,0.0469592808038075,0.7377049180327869,61
random,,concat,mlp,tobit,HLA-B*81:01,0.29793724933045057,0.036097741577193636,0.9041095890410958,73
random,,concat,mlp,twopart,HLA-A*01:01,0.24462202396320779,-0.059202059202059204,0.7222222222222222,36
random,,concat,mlp,twopart,HLA-A*02:01,0.5147218700562894,0.20420870663108948,0.8074866310160428,187
random,,concat,mlp,twopart,HLA-A*02:03,0.5326734510531105,0.07822929348054238,0.7349397590361446,83
random,,concat,mlp,twopart,HLA-A*02:10,0.5290214674943909,-0.05069613930373424,0.6794871794871795,78
random,,concat,mlp,twopart,HLA-A*02:11,0.35762642122641203,0.03159339666943611,0.8936170212765957,94
random,,concat,mlp,twopart,HLA-A*02:12,0.5372186517008103,-0.07334740995330055,0.8152173913043478,92
random,,concat,mlp,twopart,HLA-A*02:16,0.4733942966650817,0.35838509316770195,0.927536231884058,69
random,,concat,mlp,twopart,HLA-A*02:19,0.4288713553922825,-0.02606254504988682,0.7564102564102564,78
random,,concat,mlp,twopart,HLA-A*02:50,0.28558178843675125,0.1027906569853906,0.9857142857142858,70
random,,concat,mlp,twopart,HLA-A*03:01,0.6153513326066619,0.14061493248536375,0.7283236994219653,173
random,,concat,mlp,twopart,HLA-A*11:01,0.5591133070181072,0.0006267281105990783,0.656,125
random,,concat,mlp,twopart,HLA-A*23:01,0.6212336140869532,-0.26310483870967744,0.7301587301587301,63
random,,concat,mlp,twopart,HLA-A*24:02,0.4524402846634066,-0.10382954256314002,0.6557377049180327,122
random,,concat,mlp,twopart,HLA-A*24:03,0.43320593192353823,-0.06261530113944656,0.75,96
random,,concat,mlp,twopart,HLA-A*24:07,0.49266787161332326,-0.09141428174492916,0.7666666666666667,60
random,,concat,mlp,twopart,HLA-A*24:19,0.11811704838063873,-0.09155804391566791,0.9428571428571428,70
random,,concat,mlp,twopart,HLA-A*25:01,0.26904348769557096,0.11306415103883458,0.6666666666666666,78
random,,concat,mlp,twopart,HLA-A*26:01,0.3665752313206178,0.14979544126241967,0.7627118644067796,59
random,,concat,mlp,twopart,HLA-A*26:02,0.43452672564699113,0.21529304029304028,0.734375,64
random,,concat,mlp,twopart,HLA-A*26:03,0.5214695568435156,0.2155683080340615,0.6575342465753424,73
random,,concat,mlp,twopart,HLA-A*29:02,0.24926833576073582,0.19590549924175912,0.7164179104477612,67
random,,concat,mlp,twopart,HLA-A*30:01,0.5066211708548919,0.08624815905743738,0.6597938144329897,97
random,,concat,mlp,twopart,HLA-A*30:02,0.13311115212513178,0.08720046756282877,0.7966101694915254,59
random,,concat,mlp,twopart,HLA-A*31:01,0.551189820799759,0.02260610385794047,0.8674698795180723,83
random,,concat,mlp,twopart,HLA-A*32:07,0.47128320865005496,0.11958533876342094,0.6081081081081081,74
random,,concat,mlp,twopart,HLA-A*33:03,0.49111992391241654,0.22862762237762235,0.5538461538461539,65
random,,concat,mlp,twopart,HLA-A*43:01,0.20777213033399405,0.07792506001461227,0.7424242424242424,66
random,,concat,mlp,twopart,HLA-A*66:01,0.28809372426477514,0.10213994816734541,0.7837837837837838,74
random,,concat,mlp,twopart,HLA-A*68:01,0.3270307369384521,0.12753185781354795,0.6619718309859155,71
random,,concat,mlp,twopart,HLA-A*68:23,0.2746633291207071,0.10086732301922176,0.675,80
random,,concat,mlp,twopart,HLA-A*74:01,0.5605186422394504,0.16869972133130026,0.7012987012987013,77
random,,concat,mlp,twopart,HLA-A*80:01,0.16417211104873405,0.528358208955224,0.8787878787878788,66
random,,concat,mlp,twopart,HLA-B*07:02,0.44175042530577896,0.2062712688381137,0.875,120
random,,concat,mlp,twopart,HLA-B*08:01,0.3201703981845619,-0.12782678428227748,0.8255813953488372,86
random,,concat,mlp,twopart,HLA-B*08:03,-0.10417860265357477,0.2340518816222141,0.6811594202898551,69
random,,concat,mlp,twopart,HLA-B*14:01(C67S),0.23070725343498302,0.8508763388510224,0.9240506329113924,79
random,,concat,mlp,twopart,HLA-B*14:02(C67S),0.29580592776313197,0.7412378666110011,0.8181818181818182,66
random,,concat,mlp,twopart,HLA-B*15:01,0.20011049901433595,0.061364856207905535,0.9372197309417041,223
random,,concat,mlp,twopart,HLA-B*15:02,0.053652537019889646,0.10050112059630834,0.7903225806451613,62
random,,concat,mlp,twopart,HLA-B*15:10,0.36837930880124015,0.20491669751943722,0.7702702702702703,74
random,,concat,mlp,twopart,HLA-B*15:17,-0.054378255903810874,0.02740226525392766,0.8695652173913043,69
random,,concat,mlp,twopart,HLA-B*18:01,-0.003369637356560683,-0.06540705751597668,0.7333333333333333,60
random,,concat,mlp,twopart,HLA-B*27:02,0.1385338894934875,0.32091237579042453,0.5432098765432098,81
random,,concat,mlp,twopart,HLA-B*27:03,0.5932198777429288,0.21507439928492558,0.6883116883116883,77
random,,concat,mlp,twopart,HLA-B*27:05,0.34013466787439084,0.23805142226194856,0.7532467532467533,77
random,,concat,mlp,twopart,HLA-B*27:20,0.292644715366393,0.17300147919480355,0.6805555555555556,72
random,,concat,mlp,twopart,HLA-B*35:01,0.3666618550645333,0.23501558054464158,0.8512396694214877,121
random,,concat,mlp,twopart,HLA-B*35:03,0.5571830336240344,0.24616977225672879,0.9120879120879121,91
random,,concat,mlp,twopart,HLA-B*39:01,0.20125515987217565,-0.052564992259648745,0.6946564885496184,131
random,,concat,mlp,twopart,HLA-B*39:02,0.12094164823577229,0.06381623071763916,0.6338028169014085,71
random,,concat,mlp,twopart,HLA-B*39:06(C67S),0.0909751248255867,0.892678728852693,0.927710843373494,83
random,,concat,mlp,twopart,HLA-B*39:10,0.4974697817828701,0.21470189161146144,0.7761194029850746,67
random,,concat,mlp,twopart,HLA-B*40:01,-0.05701793982823939,0.35267156787351195,0.9482758620689655,58
random,,concat,mlp,twopart,HLA-B*41:01,0.33980592954122646,0.4950516533798764,0.8604651162790697,86
random,,concat,mlp,twopart,HLA-B*42:01,0.4086359600821847,0.2240783410138249,0.8253968253968254,63
random,,concat,mlp,twopart,HLA-B*42:02,0.6018508918318791,0.07510594668489405,0.8289473684210527,76
random,,concat,mlp,twopart,HLA-B*44:05,0.18894118169312565,0.19928913192071085,0.8026315789473685,76
random,,concat,mlp,twopart,HLA-B*45:01,0.5986835351517517,0.7366459627329193,0.7142857142857143,70
random,,concat,mlp,twopart,HLA-B*46:01,0.13695021852130196,0.07969270640503519,0.726027397260274,73
random,,concat,mlp,twopart,HLA-B*51:01,0.458306242857416,0.2781166202218834,0.7142857142857143,77
random,,concat,mlp,twopart,HLA-B*54:01,0.4601991003118811,0.2389336016096579,0.7323943661971831,71
random,,concat,mlp,twopart,HLA-B*55:01,0.5220028487561947,0.5974980059611267,0.8313253012048193,83
random,,concat,mlp,twopart,HLA-B*56:01,0.5308979126474234,0.38178621659634315,0.825,80
random,,concat,mlp,twopart,HLA-B*57:01,0.5219821192956581,0.5186787391012743,0.9154929577464789,71
random,,concat,mlp,twopart,HLA-B*57:02,0.34594199791230856,0.05235816814764183,0.868421052631579,76
random,,concat,mlp,twopart,HLA-B*57:03,0.4878036227745564,0.2816422484362537,0.9759036144578314,83
random,,concat,mlp,twopart,HLA-B*58:01,0.44150311171489837,0.37038603913273394,0.7540983606557377,61
random,,concat,mlp,twopart,HLA-B*81:01,0.3948925754433876,-0.023262989016413677,0.8493150684931506,73
random,,joint,ridge,naive,HLA-A*01:01,0.05036714658747459,0.1093951093951094,0.6388888888888888,36
random,,joint,ridge,naive,HLA-A*02:01,0.2553136248073305,-0.0031619436318858986,0.6470588235294118,187
random,,joint,ridge,naive,HLA-A*02:03,0.4074589241330452,0.06872087653750891,0.6626506024096386,83
random,,joint,ridge,naive,HLA-A*02:10,0.5325522425447686,-0.12436930158449144,0.7435897435897436,78
random,,joint,ridge,naive,HLA-A*02:11,0.40753719171879665,0.16930968464400534,0.851063829787234,94
random,,joint,ridge,naive,HLA-A*02:12,0.531307443112532,-0.00995638302791178,0.8369565217391305,92
random,,joint,ridge,naive,HLA-A*02:16,0.20712713292779245,-0.0033248081841432226,0.8115942028985508,69
random,,joint,ridge,naive,HLA-A*02:19,0.5400035464814004,-0.11293769521617622,0.7051282051282052,78
random,,joint,ridge,naive,HLA-A*02:50,0.13005014523063482,0.43822937625754527,0.7285714285714285,70
random,,joint,ridge,naive,HLA-A*03:01,0.5731543309117074,0.04755691115324178,0.5317919075144508,173
random,,joint,ridge,naive,HLA-A*11:01,0.45621695700481796,0.15064208909370197,0.56,125
random,,joint,ridge,naive,HLA-A*23:01,0.5412835489696757,-0.009600614439324117,0.6666666666666666,63
random,,joint,ridge,naive,HLA-A*24:02,0.2796447826825344,-0.04697955528532389,0.6639344262295082,122
random,,joint,ridge,naive,HLA-A*24:03,0.5031437475227046,0.07467444384156267,0.71875,96
random,,joint,ridge,naive,HLA-A*24:07,0.4391810763879517,0.07324256737982773,0.75,60
random,,joint,ridge,naive,HLA-A*24:19,0.15147984067425455,0.15790394541160002,0.6857142857142857,70
random,,joint,ridge,naive,HLA-A*25:01,0.25815015778649625,0.015718458756433434,0.6153846153846154,78
random,,joint,ridge,naive,HLA-A*26:01,0.20665297549416464,0.02425482174167154,0.6101694915254238,59
random,,joint,ridge,naive,HLA-A*26:02,0.5394124870100578,0.14244505494505494,0.640625,64
random,,joint,ridge,naive,HLA-A*26:03,0.4599648940126912,0.14260150561520427,0.5342465753424658,73
random,,joint,ridge,naive,HLA-A*29:02,0.2542848810041567,0.19897837018117967,0.6417910447761194,67
random,,joint,ridge,naive,HLA-A*30:01,0.2582430258915799,-0.0073374710709025875,0.4845360824742268,97
random,,joint,ridge,naive,HLA-A*30:02,0.11646493142784536,-0.04143775569842198,0.6440677966101694,59
random,,joint,ridge,naive,HLA-A*31:01,0.3912082876693451,0.03643843667352336,0.6506024096385542,83
random,,joint,ridge,naive,HLA-A*32:07,0.34034327970743006,0.1712699000370233,0.4594594594594595,74
random,,joint,ridge,naive,HLA-A*33:03,0.056290600124314825,0.06481643356643356,0.24615384615384617,65
random,,joint,ridge,naive,HLA-A*43:01,0.2355397878458795,0.21423650975889785,0.6212121212121212,66
random,,joint,ridge,naive,HLA-A*66:01,0.20824024575089436,-0.16647167715660863,0.7027027027027027,74
random,,joint,ridge,naive,HLA-A*68:01,0.13457250807049018,-0.1924211938296445,0.4507042253521127,71
random,,joint,ridge,naive,HLA-A*68:23,0.10188036907872522,0.126418190342241,0.65,80
random,,joint,ridge,naive,HLA-A*74:01,0.3713050217969083,-0.11075766338924233,0.4805194805194805,77
random,,joint,ridge,naive,HLA-A*80:01,0.04448549912494208,0.0958355077758063,0.7121212121212122,66
random,,joint,ridge,naive,HLA-B*07:02,0.33298193181537594,0.16083755816376136,0.8166666666666667,120
random,,joint,ridge,naive,HLA-B*08:01,0.22298588986631443,0.2315297891409972,0.813953488372093,86
random,,joint,ridge,naive,HLA-B*08:03,0.20262958509205486,0.05042016806722689,0.7246376811594203,69
random,,joint,ridge,naive,HLA-B*14:01(C67S),0.16495558508071545,-0.111222005842259,0.9367088607594937,79
random,,joint,ridge,naive,HLA-B*14:02(C67S),0.3608220214676153,-0.04957728838325854,0.7727272727272727,66
random,,joint,ridge,naive,HLA-B*15:01,0.17547797639935891,-0.0428670983603719,0.8923766816143498,223
random,,joint,ridge,naive,HLA-B*15:02,0.06205472677960822,0.03669008587041374,0.6612903225806451,62
random,,joint,ridge,naive,HLA-B*15:10,0.2762287273769319,-0.09615697889670491,0.7297297297297297,74
random,,joint,ridge,naive,HLA-B*15:17,-0.014408226513854394,0.21582024113993425,0.8115942028985508,69
random,,joint,ridge,naive,HLA-B*18:01,-0.0759978540996207,0.05862739649902752,0.65,60
random,,joint,ridge,naive,HLA-B*27:02,0.09362694968918173,-0.10038392050587172,0.345679012345679,81
random,,joint,ridge,naive,HLA-B*27:03,0.5608537009274693,0.05050212944949787,0.4935064935064935,77
random,,joint,ridge,naive,HLA-B*27:05,0.5265688101178679,-0.05292076344707923,0.6103896103896104,77
random,,joint,ridge,naive,HLA-B*27:20,0.18563079256999443,-0.24467811434818962,0.5277777777777778,72
random,,joint,ridge,naive,HLA-B*35:01,0.32727787312840556,0.06660344126812083,0.743801652892562,121
random,,joint,ridge,naive,HLA-B*35:03,0.2185026818113841,0.11146679407548973,0.7802197802197802,91
random,,joint,ridge,naive,HLA-B*39:01,0.30161849164116705,0.09746970586665245,0.6946564885496184,131
random,,joint,ridge,naive,HLA-B*39:02,0.15911248850834833,0.02048960429242119,0.5352112676056338,71
random,,joint,ridge,naive,HLA-B*39:06(C67S),-0.029054540703215868,0.05035472902061206,0.9036144578313253,83
random,,joint,ridge,naive,HLA-B*39:10,0.2916147099632491,0.09829196264665976,0.5522388059701493,67
random,,joint,ridge,naive,HLA-B*40:01,0.2922169416197269,0.039404472607585596,0.9482758620689655,58
random,,joint,ridge,naive,HLA-B*41:01,0.20949966315262242,0.1409217415915845,0.7790697674418605,86
random,,joint,ridge,naive,HLA-B*42:01,0.4780020643193368,-0.06590821812596007,0.7777777777777778,63
random,,joint,ridge,naive,HLA-B*42:02,0.5089974927284019,-0.054846206425153796,0.6578947368421053,76
random,,joint,ridge,naive,HLA-B*44:05,-0.17042316793905457,0.01845522898154477,0.7236842105263158,76
random,,joint,ridge,naive,HLA-B*45:01,0.04480892242462792,-0.03784445805266381,0.6428571428571429,70
random,,joint,ridge,naive,HLA-B*46:01,0.17941650765565428,0.08311736393928175,0.5753424657534246,73
random,,joint,ridge,naive,HLA-B*51:01,0.24830042626860943,0.015615962984384037,0.2597402597402597,77
random,,joint,ridge,naive,HLA-B*54:01,0.24159883494849374,0.13900067069081154,0.39436619718309857,71
random,,joint,ridge,naive,HLA-B*55:01,0.45869883580189824,0.03473825616053062,0.6746987951807228,83
random,,joint,ridge,naive,HLA-B*56:01,0.440563991785597,-0.008227848101265823,0.5875,80
random,,joint,ridge,naive,HLA-B*57:01,0.5363096585840101,-0.04406438631790744,0.8028169014084507,71
random,,joint,ridge,naive,HLA-B*57:02,0.38379437718526205,-0.22881749829118248,0.8421052631578947,76
random,,joint,ridge,naive,HLA-B*57:03,0.25596961003958324,0.023172830695604718,0.9518072289156626,83
random,,joint,ridge,naive,HLA-B*58:01,0.4332163238780811,0.34822845055526175,0.6065573770491803,61
random,,joint,ridge,naive,HLA-B*81:01,0.270688872489582,-0.16706775268419108,0.8493150684931506,73
random,,joint,ridge,tobit,HLA-A*01:01,0.05423163353792021,0.08931788931788934,0.75,36
random,,joint,ridge,tobit,HLA-A*02:01,0.14001179275235745,-0.06456384263320353,0.8181818181818182,187
random,,joint,ridge,tobit,HLA-A*02:03,0.30746784496123347,-0.0892909617564334,0.8313253012048193,83
random,,joint,ridge,tobit,HLA-A*02:10,0.32350251832545796,-0.20345477307502624,0.8589743589743589,78
random,,joint,ridge,tobit,HLA-A*02:11,0.23910640397726937,-0.041317776252573775,0.9361702127659575,94
random,,joint,ridge,tobit,HLA-A*02:12,0.4917786440913078,0.14239477212829246,0.9565217391304348,92
random,,joint,ridge,tobit,HLA-A*02:16,0.19808347668722992,0.16890756302521012,0.9710144927536232,69
random,,joint,ridge,tobit,HLA-A*02:19,0.30913897198034684,0.05517267542583998,0.8717948717948718,78
random,,joint,ridge,tobit,HLA-A*02:50,0.08568503714832297,0.13095967106989764,0.7857142857142857,70
random,,joint,ridge,tobit,HLA-A*03:01,0.4408434919560432,0.07252318860061836,0.6184971098265896,173
random,,joint,ridge,tobit,HLA-A*11:01,0.39909569581081267,-0.09570506912442395,0.696,125
random,,joint,ridge,tobit,HLA-A*23:01,0.3663057487970877,-0.07478878648233488,0.8888888888888888,63
random,,joint,ridge,tobit,HLA-A*24:02,0.15251758457619286,-0.14863806543498304,0.8032786885245902,122
random,,joint,ridge,tobit,HLA-A*24:03,0.27492632673869866,-0.053825284861638636,0.8958333333333334,96
random,,joint,ridge,tobit,HLA-A*24:07,0.31374842563073957,0.004890247290914144,0.8833333333333333,60
random,,joint,ridge,tobit,HLA-A*24:19,0.11524522460191092,-0.22459977254833344,0.8142857142857143,70
random,,joint,ridge,tobit,HLA-A*25:01,0.32788795020087774,-0.009218629471794028,0.7948717948717948,78
random,,joint,ridge,tobit,HLA-A*26:01,0.11149117120220006,-0.08731735827001755,0.7796610169491526,59
random,,joint,ridge,tobit,HLA-A*26:02,0.3817172717496847,0.1137362637362637,0.65625,64
random,,joint,ridge,tobit,HLA-A*26:03,0.34411054309742717,-0.10452918672096755,0.7397260273972602,73
random,,joint,ridge,tobit,HLA-A*29:02,0.1460594129040617,-0.012131854098491502,0.8059701492537313,67
random,,joint,ridge,tobit,HLA-A*30:01,0.24774620720998403,-0.024116347569955815,0.5876288659793815,97
random,,joint,ridge,tobit,HLA-A*30:02,0.051198851334787576,-0.059906487434248985,0.7627118644067796,59
random,,joint,ridge,tobit,HLA-A*31:01,0.41353934955203253,0.1642038537424961,0.7469879518072289,83
random,,joint,ridge,tobit,HLA-A*32:07,0.29335052949942664,0.18835986671603105,0.6621621621621622,74
random,,joint,ridge,tobit,HLA-A*33:03,0.08212380602654777,0.057342657342657345,0.36923076923076925,65
random,,joint,ridge,tobit,HLA-A*43:01,0.19823491058067172,-0.06130884041331803,0.8636363636363636,66
random,,joint,ridge,tobit,HLA-A*66:01,0.17540530325409648,0.1591854868567197,0.8783783783783784,74
random,,joint,ridge,tobit,HLA-A*68:01,0.21461181526163928,0.005667337357478201,0.647887323943662,71
random,,joint,ridge,tobit,HLA-A*68:23,0.03874290601392822,-0.12864510079699953,0.7625,80
random,,joint,ridge,tobit,HLA-A*74:01,0.3736395269424771,0.13410273936589726,0.6623376623376623,77
random,,joint,ridge,tobit,HLA-A*80:01,0.26587018070516805,0.07675607974115438,0.8939393939393939,66
random,,joint,ridge,tobit,HLA-B*07:02,0.2231921705335135,0.10293075908049168,0.9,120
random,,joint,ridge,tobit,HLA-B*08:01,0.29501586055273527,0.1023350158026322,0.9302325581395349,86
random,,joint,ridge,tobit,HLA-B*08:03,-0.05659529625124996,0.006211180124223603,0.855072463768116,69
random,,joint,ridge,tobit,HLA-B*14:01(C67S),0.1660679633518581,-0.020910418695228822,0.8481012658227848,79
random,,joint,ridge,tobit,HLA-B*14:02(C67S),0.196512008151414,-0.09107608809101347,0.7575757575757576,66
random,,joint,ridge,tobit,HLA-B*15:01,-0.027707191306312908,0.07094378170611355,0.9237668161434978,223
random,,joint,ridge,tobit,HLA-B*15:02,-0.21013066739440742,-0.016494170381002742,0.7419354838709677,62
random,,joint,ridge,tobit,HLA-B*15:10,0.21995413062136443,0.08718252499074415,0.7972972972972973,74
random,,joint,ridge,tobit,HLA-B*15:17,0.2291968519684833,-0.13565948118377788,0.9420289855072463,69
random,,joint,ridge,tobit,HLA-B*18:01,0.14684378331524367,0.08696860238955267,0.75,60
random,,joint,ridge,tobit,HLA-B*27:02,-0.025451094272721627,-0.005374887082204155,0.5555555555555556,81
random,,joint,ridge,tobit,HLA-B*27:03,0.6268262912472381,0.023003312476996687,0.6883116883116883,77
random,,joint,ridge,tobit,HLA-B*27:05,0.47208300740556425,0.041353383458646614,0.7142857142857143,77
random,,joint,ridge,tobit,HLA-B*27:20,0.22194283761849318,-0.050549874590005796,0.6666666666666666,72
random,,joint,ridge,tobit,HLA-B*35:01,0.4184687902492977,0.0874204037393307,0.9008264462809917,121
random,,joint,ridge,tobit,HLA-B*35:03,0.10601287734218427,-0.05687211339385252,0.9230769230769231,91
random,,joint,ridge,tobit,HLA-B*39:01,0.13786242699411128,-0.04564671969252122,0.8015267175572519,131
random,,joint,ridge,tobit,HLA-B*39:02,-0.02184556908016037,0.028470824949698187,0.676056338028169,71
random,,joint,ridge,tobit,HLA-B*39:06(C67S),0.020647454712630162,-0.0292808866126527,0.891566265060241,83
random,,joint,ridge,tobit,HLA-B*39:10,0.16598961619279956,0.08556149732620322,0.6119402985074627,67
random,,joint,ridge,tobit,HLA-B*40:01,0.25155154946949987,0.3911839798209727,0.9310344827586207,58
random,,joint,ridge,tobit,HLA-B*41:01,0.24727401039326977,0.00946271050521251,0.8953488372093024,86
random,,joint,ridge,tobit,HLA-B*42:01,0.1790317548459921,-0.03105798771121352,0.8095238095238095,63
random,,joint,ridge,tobit,HLA-B*42:02,0.2589581170341676,0.14345864661654137,0.868421052631579,76
random,,joint,ridge,tobit,HLA-B*44:05,-0.014415056496891383,0.04188653451811347,0.8552631578947368,76
random,,joint,ridge,tobit,HLA-B*45:01,0.01037467843525169,0.1291050651736506,0.6428571428571429,70
random,,joint,ridge,tobit,HLA-B*46:01,0.10348089030761803,-0.1725595458472171,0.7808219178082192,73
random,,joint,ridge,tobit,HLA-B*51:01,0.2388821342377311,0.06259529943740469,0.5714285714285714,77
random,,joint,ridge,tobit,HLA-B*54:01,0.2424746372936996,-0.2815560026827632,0.704225352112676,71
random,,joint,ridge,tobit,HLA-B*55:01,0.45549650670083774,0.03652239620502917,0.7831325301204819,83
random,,joint,ridge,tobit,HLA-B*56:01,0.5355759192634824,-0.12733239568682606,0.8125,80
random,,joint,ridge,tobit,HLA-B*57:01,0.3611580073306217,-0.11649899396378267,0.8732394366197183,71
random,,joint,ridge,tobit,HLA-B*57:02,0.2443497712994379,0.010936431989063569,0.8947368421052632,76
random,,joint,ridge,tobit,HLA-B*57:03,0.14947483011006424,-0.03047730993661055,0.9879518072289156,83
random,,joint,ridge,tobit,HLA-B*58:01,0.15514561253593814,0.06784769962982547,0.6557377049180327,61
random,,joint,ridge,tobit,HLA-B*81:01,0.1804179863512362,-0.09206466740713318,0.9041095890410958,73
random,,joint,mlp,naive,HLA-A*01:01,0.16166437076030846,0.01312741312741313,0.6388888888888888,36
random,,joint,mlp,naive,HLA-A*02:01,0.4162077982790284,0.027532582884030262,0.6951871657754011,187
random,,joint,mlp,naive,HLA-A*02:03,0.40826716611249403,-0.003085512782838672,0.6867469879518072,83
random,,joint,mlp,naive,HLA-A*02:10,0.48109657460629063,-0.10744951251280364,0.7307692307692307,78
random,,joint,mlp,naive,HLA-A*02:11,0.35316855420356874,0.012390275620416863,0.9042553191489362,94
random,,joint,mlp,naive,HLA-A*02:12,0.6359828473445982,-0.02751105836659834,0.8913043478260869,92
random,,joint,mlp,naive,HLA-A*02:16,0.34968804130175063,0.13858238947753015,0.9130434782608695,69
random,,joint,mlp,naive,HLA-A*02:19,0.44675469648708305,0.08175368934862605,0.7435897435897436,78
random,,joint,mlp,naive,HLA-A*02:50,0.15901434794315,0.2803429271279853,0.8285714285714286,70
random,,joint,mlp,naive,HLA-A*03:01,0.6336817780507156,0.061043614501392944,0.6184971098265896,173
random,,joint,mlp,naive,HLA-A*11:01,0.5746278374909384,0.03878341013824884,0.6,125
random,,joint,mlp,naive,HLA-A*23:01,0.6267316816280513,-0.1361847158218126,0.7301587301587301,63
random,,joint,mlp,naive,HLA-A*24:02,0.43430854605775476,-0.21868607928729333,0.6967213114754098,122
random,,joint,mlp,naive,HLA-A*24:03,0.4741127000616884,-0.0026180141074335322,0.7708333333333334,96
random,,joint,mlp,naive,HLA-A*24:07,0.524915627570408,0.11981105862739652,0.8166666666666667,60
random,,joint,mlp,naive,HLA-A*24:19,0.08232561499019754,-0.047397428046540103,0.7714285714285715,70
random,,joint,mlp,naive,HLA-A*25:01,0.3164825953842086,0.020220286043070853,0.5897435897435898,78
random,,joint,mlp,naive,HLA-A*26:01,0.29554101942923444,0.01654003506721216,0.6271186440677966,59
random,,joint,mlp,naive,HLA-A*26:02,0.5507762566990229,0.027518315018315014,0.609375,64
random,,joint,mlp,naive,HLA-A*26:03,0.5781157106216638,-0.00657164013328397,0.589041095890411,73
random,,joint,mlp,naive,HLA-A*29:02,0.25152678043207666,-0.18608827520153248,0.6716417910447762,67
random,,joint,mlp,naive,HLA-A*30:01,0.5496395019156525,-0.15903113822848725,0.5154639175257731,97
random,,joint,mlp,naive,HLA-A*30:02,0.11564434308361292,-0.056750438340151955,0.7627118644067796,59
random,,joint,mlp,naive,HLA-A*31:01,0.4712305507957406,-0.11655681961294655,0.6746987951807228,83
random,,joint,mlp,naive,HLA-A*32:07,0.5624049693451204,-0.03271380970011106,0.5405405405405406,74
random,,joint,mlp,naive,HLA-A*33:03,0.47040000317155506,-0.057998251748251746,0.3384615384615385,65
random,,joint,mlp,naive,HLA-A*43:01,0.19971191363981453,-0.0865671641791045,0.6818181818181818,66
random,,joint,mlp,naive,HLA-A*66:01,0.28650246889680364,0.062450944094779706,0.7027027027027027,74
random,,joint,mlp,naive,HLA-A*68:01,0.421912104671677,0.049530516431924874,0.4788732394366197,71
random,,joint,mlp,naive,HLA-A*68:23,0.27013662594702365,0.0049929676511955,0.6125,80
random,,joint,mlp,naive,HLA-A*74:01,0.586752149214232,-0.09285451390714548,0.6493506493506493,77
random,,joint,mlp,naive,HLA-A*80:01,0.32810721890553984,0.3404028807013882,0.7575757575757576,66
random,,joint,mlp,naive,HLA-B*07:02,0.3541402383384356,0.05091325786512951,0.825,120
random,,joint,mlp,naive,HLA-B*08:01,0.33840026462040285,0.11135430916552666,0.8604651162790697,86
random,,joint,mlp,naive,HLA-B*08:03,-0.06762997715515609,-0.007599561563755938,0.5942028985507246,69
random,,joint,mlp,naive,HLA-B*14:01(C67S),0.08757450752813854,0.01002921129503408,0.9367088607594937,79
random,,joint,mlp,naive,HLA-B*14:02(C67S),0.2707628888045079,0.2332741884980691,0.7878787878787878,66
random,,joint,mlp,naive,HLA-B*15:01,0.21246545071454373,-0.0023427896185743715,0.9013452914798207,223
random,,joint,mlp,naive,HLA-B*15:02,0.07144392075808889,0.23210193649114855,0.7258064516129032,62
random,,joint,mlp,naive,HLA-B*15:10,0.3795598891870226,0.12790818215475747,0.7837837837837838,74
random,,joint,mlp,naive,HLA-B*15:17,0.07939152223750734,-0.05988308366824992,0.8695652173913043,69
random,,joint,mlp,naive,HLA-B*18:01,0.20398837716369428,0.13631564323423176,0.7166666666666667,60
random,,joint,mlp,naive,HLA-B*27:02,0.1667069645164957,-0.19941282746160793,0.38271604938271603,81
random,,joint,mlp,naive,HLA-B*27:03,0.6873711790684932,-0.04579630895420369,0.5454545454545454,77
random,,joint,mlp,naive,HLA-B*27:05,0.536141352063698,-0.1014511803985488,0.6623376623376623,77
random,,joint,mlp,naive,HLA-B*27:20,0.4172977632486283,0.09814135957296291,0.6388888888888888,72
random,,joint,mlp,naive,HLA-B*35:01,0.3525949366520254,-0.0510974122747595,0.8099173553719008,121
random,,joint,mlp,naive,HLA-B*35:03,0.42690358798063316,0.037426341774167864,0.8681318681318682,91
random,,joint,mlp,naive,HLA-B*39:01,0.18968994313762907,0.1192547910105162,0.6717557251908397,131
random,,joint,mlp,naive,HLA-B*39:02,0.1470115916141763,0.1845070422535211,0.5633802816901409,71
random,,joint,mlp,naive,HLA-B*39:06(C67S),0.16463513731305002,0.1332017967339742,0.9518072289156626,83
random,,joint,mlp,naive,HLA-B*39:10,0.5313065105197066,0.014646021230744674,0.5970149253731343,67
random,,joint,mlp,naive,HLA-B*40:01,0.011570198828782343,0.015472638346304102,0.9655172413793104,58
random,,joint,mlp,naive,HLA-B*41:01,0.3248136914946792,-0.23777536676258312,0.7558139534883721,86
random,,joint,mlp,naive,HLA-B*42:01,0.4172287162472022,-0.1769393241167435,0.7777777777777778,63
random,,joint,mlp,naive,HLA-B*42:02,0.43346177236166616,0.07926179084073821,0.6710526315789473,76
random,,joint,mlp,naive,HLA-B*44:05,0.2450969900197253,0.0337388926862611,0.7894736842105263,76
random,,joint,mlp,naive,HLA-B*45:01,0.3565336962651476,-0.12679555594436182,0.6428571428571429,70
random,,joint,mlp,naive,HLA-B*46:01,0.020607475629911384,0.03325928668394423,0.5205479452054794,73
random,,joint,mlp,naive,HLA-B*51:01,0.5298272610801706,0.24948735475051265,0.44155844155844154,77
random,,joint,mlp,naive,HLA-B*54:01,0.48806713093633214,0.05687458081824279,0.4788732394366197,71
random,,joint,mlp,naive,HLA-B*55:01,0.5075575598764112,0.06943453255530833,0.6506024096385542,83
random,,joint,mlp,naive,HLA-B*56:01,0.6425992801746434,-0.07824660103141118,0.7,80
random,,joint,mlp,naive,HLA-B*57:01,0.6461149801791659,-0.023373574782025484,0.8732394366197183,71
random,,joint,mlp,naive,HLA-B*57:02,0.3679141746693032,-0.02807928913192071,0.8552631578947368,76
random,,joint,mlp,naive,HLA-B*57:03,0.5611237670004793,-0.06454388984509465,0.9759036144578314,83
random,,joint,mlp,naive,HLA-B*58:01,0.39805704513273543,0.14949762030671598,0.5737704918032787,61
random,,joint,mlp,naive,HLA-B*81:01,0.3891829496317576,-0.02335554732815007,0.863013698630137,73
random,,joint,mlp,tobit,HLA-A*01:01,0.18047154058581047,0.2370656370656371,0.8055555555555556,36
random,,joint,mlp,tobit,HLA-A*02:01,0.3798480826496688,0.10423953695785422,0.8074866310160428,187
random,,joint,mlp,tobit,HLA-A*02:03,0.39194487678726125,0.043428067671382395,0.8433734939759037,83
random,,joint,mlp,tobit,HLA-A*02:10,0.405874614393228,-0.07760593836543203,0.8076923076923077,78
random,,joint,mlp,tobit,HLA-A*02:11,0.3962155099930343,0.07868366867752773,0.9680851063829787,94
random,,joint,mlp,tobit,HLA-A*02:12,0.6372390755061227,-0.019758642479540095,0.9347826086956522,92
random,,joint,mlp,tobit,HLA-A*02:16,0.3671907133794454,0.045341614906832306,0.9565217391304348,69
random,,joint,mlp,tobit,HLA-A*02:19,0.3685308883743945,0.05919397058637565,0.8333333333333334,78
random,,joint,mlp,tobit,HLA-A*02:50,0.015733424917553585,-0.18061411949960632,0.8714285714285714,70
random,,joint,mlp,tobit,HLA-A*03:01,0.6344934153838765,0.022008890701846282,0.7225433526011561,173
random,,joint,mlp,tobit,HLA-A*11:01,0.5592208973819967,0.0651490015360983,0.736,125
random,,joint,mlp,tobit,HLA-A*23:01,0.5721831687312181,0.0470910138248848,0.8571428571428571,63
random,,joint,mlp,tobit,HLA-A*24:02,0.43317097208723787,0.06580838738884612,0.819672131147541,122
random,,joint,mlp,tobit,HLA-A*24:03,0.46048615885043986,-0.05686380900705372,0.8541666666666666,96
random,,joint,mlp,tobit,HLA-A*24:07,0.4872469126377788,0.2471797721589331,0.8833333333333333,60
random,,joint,mlp,tobit,HLA-A*24:19,0.07619196667266775,0.1163677718484822,0.9,70
random,,joint,mlp,tobit,HLA-A*25:01,0.446472918799782,0.13888643002567053,0.7692307692307693,78
random,,joint,mlp,tobit,HLA-A*26:01,0.33054508422424556,0.24313267095265928,0.7627118644067796,59
random,,joint,mlp,tobit,HLA-A*26:02,0.47819475997595695,0.20173992673992674,0.703125,64
random,,joint,mlp,tobit,HLA-A*26:03,0.5898636167554663,0.014500802172035051,0.7397260273972602,73
random,,joint,mlp,tobit,HLA-A*29:02,0.27287208051165224,-0.14450474898236096,0.7910447761194029,67
random,,joint,mlp,tobit,HLA-A*30:01,0.546007522828104,-0.04962655165158847,0.711340206185567,97
random,,joint,mlp,tobit,HLA-A*30:02,0.16039571457086,-0.21648158971361778,0.847457627118644,59
random,,joint,mlp,tobit,HLA-A*31:01,0.4821388598207111,-0.14646740271189285,0.7228915662650602,83
random,,joint,mlp,tobit,HLA-A*32:07,0.5537528195499354,-0.0695298037763791,0.7027027027027027,74
random,,joint,mlp,tobit,HLA-A*33:03,0.4988565466783177,-0.0618006993006993,0.46153846153846156,65
random,,joint,mlp,tobit,HLA-A*43:01,0.17152225525388828,0.14831437219496926,0.8181818181818182,66
random,,joint,mlp,tobit,HLA-A*66:01,0.24031016162847518,0.04847093669011476,0.8648648648648649,74
random,,joint,mlp,tobit,HLA-A*68:01,0.46106414632863985,-0.03735747820254862,0.647887323943662,71
random,,joint,mlp,tobit,HLA-A*68:23,0.31220069016409824,0.2313408345053915,0.7375,80
random,,joint,mlp,tobit,HLA-A*74:01,0.5874248032392264,-0.03320363846679636,0.7532467532467533,77
random,,joint,mlp,tobit,HLA-A*80:01,0.36185647343612987,0.10744181191942388,0.9242424242424242,66
random,,joint,mlp,tobit,HLA-B*07:02,0.33876564226700856,0.154698242933537,0.9166666666666666,120
random,,joint,mlp,tobit,HLA-B*08:01,0.3596333724312984,-0.0738619746214444,0.9302325581395349,86
random,,joint,mlp,tobit,HLA-B*08:03,-0.0568956959128808,0.0885275849470223,0.855072463768116,69
random,,joint,mlp,tobit,HLA-B*14:01(C67S),0.1365596015773652,0.04138266796494645,0.810126582278481,79
random,,joint,mlp,tobit,HLA-B*14:02(C67S),0.28720985806745125,-0.11838012733535123,0.7575757575757576,66
random,,joint,mlp,tobit,HLA-B*15:01,0.1959681919336996,0.043239347611544916,0.9327354260089686,223
random,,joint,mlp,tobit,HLA-B*15:02,-0.0010882354206864409,0.10281785903150262,0.7580645161290323,62
random,,joint,mlp,tobit,HLA-B*15:10,0.3924205301892857,0.03102554609403924,0.8648648648648649,74
random,,joint,mlp,tobit,HLA-B*15:17,0.1163811697470599,-0.18571428571428572,0.8985507246376812,69
random,,joint,mlp,tobit,HLA-B*18:01,0.15497547015917523,0.031508752431230906,0.7666666666666667,60
random,,joint,mlp,tobit,HLA-B*27:02,0.16500716219142222,-0.26163053297199634,0.5185185185185185,81
random,,joint,mlp,tobit,HLA-B*27:03,0.6880913165007284,-0.2056101792943898,0.7402597402597403,77
random,,joint,mlp,tobit,HLA-B*27:05,0.47204350585695687,-0.3356117566643882,0.7012987012987013,77
random,,joint,mlp,tobit,HLA-B*27:20,0.48328295187101145,0.0014470383947520744,0.7361111111111112,72
random,,joint,mlp,tobit,HLA-B*35:01,0.3377585747504476,-0.0033125592738111357,0.8677685950413223,121
random,,joint,mlp,tobit,HLA-B*35:03,0.43505352211462694,-0.04674311196050327,0.9010989010989011,91
random,,joint,mlp,tobit,HLA-B*39:01,0.18715745308951684,0.08857097101371911,0.7938931297709924,131
random,,joint,mlp,tobit,HLA-B*39:02,0.10804973304670999,-0.025385647216633125,0.6619718309859155,71
random,,joint,mlp,tobit,HLA-B*39:06(C67S),0.07986731691056415,-0.034360438268754456,0.7469879518072289,83
random,,joint,mlp,tobit,HLA-B*39:10,0.5186501765851024,0.1793040146859287,0.7611940298507462,67
random,,joint,mlp,tobit,HLA-B*40:01,0.024251136745127796,-0.14442154480297767,0.9310344827586207,58
random,,joint,mlp,tobit,HLA-B*41:01,0.31030016061362403,-0.15629982546346524,0.8372093023255814,86
random,,joint,mlp,tobit,HLA-B*42:01,0.31865204147142934,-0.09365399385560676,0.8571428571428571,63
random,,joint,mlp,tobit,HLA-B*42:02,0.4370867209124059,0.021490088858509913,0.8421052631578947,76
random,,joint,mlp,tobit,HLA-B*44:05,0.15406604500709814,0.07630895420369105,0.8552631578947368,76
random,,joint,mlp,tobit,HLA-B*45:01,0.45063243335686626,-0.11283352287638876,0.6714285714285714,70
random,,joint,mlp,tobit,HLA-B*46:01,0.01967293215399688,-0.021473528322843397,0.6575342465753424,73
random,,joint,mlp,tobit,HLA-B*51:01,0.5203813494245684,0.10957463589042535,0.6103896103896104,77
random,,joint,mlp,tobit,HLA-B*54:01,0.5058108864502033,0.021998658618376927,0.7887323943661971,71
random,,joint,mlp,tobit,HLA-B*55:01,0.5264930710826816,-0.012153142185466604,0.8313253012048193,83
random,,joint,mlp,tobit,HLA-B*56:01,0.6392613921647765,-0.06950304735114862,0.8875,80
random,,joint,mlp,tobit,HLA-B*57:01,0.5897443337987651,-0.09751844399731723,0.9014084507042254,71
random,,joint,mlp,tobit,HLA-B*57:02,0.3792630435363118,-0.13700615174299383,0.9078947368421053,76
random,,joint,mlp,tobit,HLA-B*57:03,0.5257444877849352,0.1783510348012258,0.9759036144578314,83
random,,joint,mlp,tobit,HLA-B*58:01,0.38574600249976426,-0.01660497091485986,0.7704918032786885,61
random,,joint,mlp,tobit,HLA-B*81:01,0.39199907943586776,-0.24808712822411455,0.9178082191780822,73
random,,joint,mlp,twopart,HLA-A*01:01,0.2027567486667136,-0.14826254826254825,0.5555555555555556,36
random,,joint,mlp,twopart,HLA-A*02:01,0.45242068753665765,0.1659258824263467,0.679144385026738,187
random,,joint,mlp,twopart,HLA-A*02:03,0.4526784883858444,-0.08742286218042902,0.6385542168674698,83
random,,joint,mlp,twopart,HLA-A*02:10,0.48627251365863633,0.2236118312067679,0.5384615384615384,78
random,,joint,mlp,twopart,HLA-A*02:11,0.34626861416010796,0.1295307589495358,0.8297872340425532,94
random,,joint,mlp,twopart,HLA-A*02:12,0.6297633619068661,0.0926282693463619,0.782608695652174,92
random,,joint,mlp,twopart,HLA-A*02:16,0.396916023891355,0.19287541103397882,0.8405797101449275,69
random,,joint,mlp,twopart,HLA-A*02:19,0.4395836537708512,0.18645911050974343,0.6538461538461539,78
random,,joint,mlp,twopart,HLA-A*02:50,0.29027206416300755,0.12966494619893273,0.8285714285714286,70
random,,joint,mlp,twopart,HLA-A*03:01,0.6286631151138635,0.09379968571971577,0.6820809248554913,173
random,,joint,mlp,twopart,HLA-A*11:01,0.6032161341815125,0.010322580645161289,0.592,125
random,,joint,mlp,twopart,HLA-A*23:01,0.6138628423178828,-0.232286866359447,0.6666666666666666,63
random,,joint,mlp,twopart,HLA-A*24:02,0.41457296042971725,0.03359647876386636,0.5901639344262295,122
random,,joint,mlp,twopart,HLA-A*24:03,0.47530027212940174,0.05287574606619642,0.6770833333333334,96
random,,joint,mlp,twopart,HLA-A*24:07,0.5033985904059394,-0.1043623228674632,0.7166666666666667,60
random,,joint,mlp,twopart,HLA-A*24:19,0.11157567199575871,-0.005126410637739481,0.8142857142857143,70
random,,joint,mlp,twopart,HLA-A*25:01,0.383762668242136,0.2593229555254872,0.6282051282051282,78
random,,joint,mlp,twopart,HLA-A*26:01,0.3676599468963426,0.05353594389246055,0.6779661016949152,59
random,,joint,mlp,twopart,HLA-A*26:02,0.5148749923792487,0.2972985347985348,0.609375,64
random,,joint,mlp,twopart,HLA-A*26:03,0.6329653096054141,0.37294829075651,0.5753424657534246,73
random,,joint,mlp,twopart,HLA-A*29:02,0.27864810272419654,0.15476095458536196,0.5522388059701493,67
random,,joint,mlp,twopart,HLA-A*30:01,0.5354175764775968,0.15078634546602146,0.5670103092783505,97
random,,joint,mlp,twopart,HLA-A*30:02,0.14597680509363306,0.08708357685564,0.6949152542372882,59
random,,joint,mlp,twopart,HLA-A*31:01,0.49534641781244626,-0.09315310020570085,0.7831325301204819,83
random,,joint,mlp,twopart,HLA-A*32:07,0.5815524205643944,0.24069603850425764,0.6081081081081081,74
random,,joint,mlp,twopart,HLA-A*33:03,0.48789633109329117,0.18125,0.5230769230769231,65
random,,joint,mlp,twopart,HLA-A*43:01,0.1654665427114026,0.09516751904811607,0.6666666666666666,66
random,,joint,mlp,twopart,HLA-A*66:01,0.27426204298933,0.13246945575712699,0.6756756756756757,74
random,,joint,mlp,twopart,HLA-A*68:01,0.4762431435459048,0.15134138162307176,0.6056338028169014,71
random,,joint,mlp,twopart,HLA-A*68:23,0.31515545724874805,0.11275199249882795,0.575,80
random,,joint,mlp,twopart,HLA-A*74:01,0.525923122483366,0.23652663126347334,0.7012987012987013,77
random,,joint,mlp,twopart,HLA-A*80:01,0.34261181425155185,0.433002818077445,0.7878787878787878,66
random,,joint,mlp,twopart,HLA-B*07:02,0.3874981791594736,0.3971734148204735,0.8666666666666667,120
random,,joint,mlp,twopart,HLA-B*08:01,0.3686622254824179,-0.1878484834190292,0.8023255813953488,86
random,,joint,mlp,twopart,HLA-B*08:03,-0.1236445007272531,0.30116916331750093,0.7101449275362319,69
random,,joint,mlp,twopart,HLA-B*14:01(C67S),0.2981578267851775,0.8713485881207401,0.9367088607594937,79
random,,joint,mlp,twopart,HLA-B*14:02(C67S),0.3001438824392805,0.706919945725916,0.7878787878787878,66
random,,joint,mlp,twopart,HLA-B*15:01,0.23083283533087826,0.11363341240022853,0.9147982062780269,223
random,,joint,mlp,twopart,HLA-B*15:02,0.050539677560716804,0.03940973533781572,0.7419354838709677,62
random,,joint,mlp,twopart,HLA-B*15:10,0.4616003713263148,0.030433172898926317,0.7432432432432432,74
random,,joint,mlp,twopart,HLA-B*15:17,0.10325286183215197,0.12093533065400072,0.8405797101449275,69
random,,joint,mlp,twopart,HLA-B*18:01,0.11091955034034051,0.0015004167824395668,0.6833333333333333,60
random,,joint,mlp,twopart,HLA-B*27:02,0.1734602332134092,0.28125564588979224,0.5185185185185185,81
random,,joint,mlp,twopart,HLA-B*27:03,0.5704955409923962,0.34657447815342546,0.6493506493506493,77
random,,joint,mlp,twopart,HLA-B*27:05,0.48630356490418375,0.2827172827172827,0.7272727272727273,77
random,,joint,mlp,twopart,HLA-B*27:20,0.5144583286252831,-0.09888095697472507,0.6944444444444444,72
random,,joint,mlp,twopart,HLA-B*35:01,0.41188276073712826,0.1677414984419455,0.8181818181818182,121
random,,joint,mlp,twopart,HLA-B*35:03,0.5366528476384022,0.28173275999362957,0.8241758241758241,91
random,,joint,mlp,twopart,HLA-B*39:01,0.17228443950187447,0.10580793252548977,0.6564885496183206,131
random,,joint,mlp,twopart,HLA-B*39:02,0.08940189749908466,-0.026827632461435276,0.5774647887323944,71
random,,joint,mlp,twopart,HLA-B*39:06(C67S),0.05741212090980287,0.8877670962596027,0.9156626506024096,83
random,,joint,mlp,twopart,HLA-B*39:10,0.5531057481483942,0.22136642988267224,0.6417910447761194,67
random,,joint,mlp,twopart,HLA-B*40:01,0.033229611036262895,0.35593220338983056,0.9310344827586207,58
random,,joint,mlp,twopart,HLA-B*41:01,0.35136017976287603,0.5959432048681541,0.8488372093023255,86
random,,joint,mlp,twopart,HLA-B*42:01,0.4619686533745556,0.34543010752688175,0.7142857142857143,63
random,,joint,mlp,twopart,HLA-B*42:02,0.5559850333766702,0.03472317156527683,0.7763157894736842,76
random,,joint,mlp,twopart,HLA-B*44:05,0.18795647195140255,0.11885167464114832,0.8157894736842105,76
random,,joint,mlp,twopart,HLA-B*45:01,0.3202626901403474,0.6195958358848744,0.7285714285714285,70
random,,joint,mlp,twopart,HLA-B*46:01,0.0039599299826885825,0.07558928791805505,0.5205479452054794,73
random,,joint,mlp,twopart,HLA-B*51:01,0.49204361445776157,0.14882485935117512,0.6753246753246753,77
random,,joint,mlp,twopart,HLA-B*54:01,0.49432035968110216,0.104560697518444,0.6901408450704225,71
random,,joint,mlp,twopart,HLA-B*55:01,0.5258897337158152,0.5461777423281977,0.8072289156626506,83
random,,joint,mlp,twopart,HLA-B*56:01,0.5904339225780612,0.47133145804031884,0.8375,80
random,,joint,mlp,twopart,HLA-B*57:01,0.6532619728452524,0.387122736418511,0.9014084507042254,71
random,,joint,mlp,twopart,HLA-B*57:02,0.38932506840633735,-0.053205741626794256,0.8421052631578947,76
random,,joint,mlp,twopart,HLA-B*57:03,0.5322639335988382,0.0538600394609798,0.9518072289156626,83
random,,joint,mlp,twopart,HLA-B*58:01,0.3904321413084436,0.30571126388154407,0.6885245901639344,61
random,,joint,mlp,twopart,HLA-B*81:01,0.37493209496370533,0.07059113908428978,0.8493150684931506,73
random,,pep_only,mlp,tobit,HLA-A*01:01,0.11799566822027295,-0.1812097812097812,0.8333333333333334,36
random,,pep_only,mlp,tobit,HLA-A*02:01,0.3742328915958085,0.07015367449781436,0.8449197860962567,187
random,,pep_only,mlp,tobit,HLA-A*02:03,0.3841983497634531,0.012237101716972417,0.8313253012048193,83
random,,pep_only,mlp,tobit,HLA-A*02:10,0.22610880940894873,0.25097687123003576,0.9230769230769231,78
random,,pep_only,mlp,tobit,HLA-A*02:11,0.3321869564169612,-0.11651958429286836,0.851063829787234,94
random,,pep_only,mlp,tobit,HLA-A*02:12,0.5168877934793267,-0.03706672009617311,0.9130434782608695,92
random,,pep_only,mlp,tobit,HLA-A*02:16,0.37270825718681894,0.03332115454877604,0.8260869565217391,69
random,,pep_only,mlp,tobit,HLA-A*02:19,0.361385140341465,0.007650577270830435,0.8461538461538461,78
random,,pep_only,mlp,tobit,HLA-A*02:50,0.3830800200448614,-0.2531537048377219,0.9285714285714286,70
random,,pep_only,mlp,tobit,HLA-A*03:01,0.35393318027249476,-0.025742707353138865,0.7283236994219653,173
random,,pep_only,mlp,tobit,HLA-A*11:01,0.2814379478719173,-0.03295238095238095,0.72,125
random,,pep_only,mlp,tobit,HLA-A*23:01,0.5040935637244316,0.09663018433179725,0.746031746031746,63
random,,pep_only,mlp,tobit,HLA-A*24:02,0.40264827514575224,-0.034918264099318946,0.860655737704918,122
random,,pep_only,mlp,tobit,HLA-A*24:03,0.3272473589790996,0.16926207270754207,0.8333333333333334,96
random,,pep_only,mlp,tobit,HLA-A*24:07,0.33462606763399005,-0.08246735204223397,0.8833333333333333,60
random,,pep_only,mlp,tobit,HLA-A*24:19,0.22712226082136328,-0.028711398827749104,0.6285714285714286,70
random,,pep_only,mlp,tobit,HLA-A*25:01,0.2801288269449935,0.31632924037987326,0.8333333333333334,78
random,,pep_only,mlp,tobit,HLA-A*26:01,0.36590094866543754,0.09216832261835185,0.8135593220338984,59
random,,pep_only,mlp,tobit,HLA-A*26:02,0.3585773375040102,0.32980769230769225,0.75,64
random,,pep_only,mlp,tobit,HLA-A*26:03,0.1964337389979139,0.08259286683944218,0.7671232876712328,73
random,,pep_only,mlp,tobit,HLA-A*29:02,0.09245632787276813,-0.1265464123234097,0.7761194029850746,67
random,,pep_only,mlp,tobit,HLA-A*30:01,0.22109838994859438,0.06911424363559857,0.6288659793814433,97
random,,pep_only,mlp,tobit,HLA-A*30:02,0.14518552347598035,-0.2283459964932788,0.847457627118644,59
random,,pep_only,mlp,tobit,HLA-A*31:01,0.22390905348945642,-0.03352084295369632,0.8192771084337349,83
random,,pep_only,mlp,tobit,HLA-A*32:07,0.14728457107331785,0.08324324324324323,0.5675675675675675,74
random,,pep_only,mlp,tobit,HLA-A*33:03,-0.14977479187895298,-0.12403846153846153,0.47692307692307695,65
random,,pep_only,mlp,tobit,HLA-A*43:01,0.12054454966975811,-0.14747938628535645,0.7878787878787878,66
random,,pep_only,mlp,tobit,HLA-A*66:01,-0.0061661145508898185,-0.05631988152536097,0.7297297297297297,74
random,,pep_only,mlp,tobit,HLA-A*68:01,0.15910149802425003,0.01016096579476861,0.6901408450704225,71
random,,pep_only,mlp,tobit,HLA-A*68:23,0.17076189935608146,-0.063314580403188,0.8375,80
random,,pep_only,mlp,tobit,HLA-A*74:01,0.17516702168530618,0.022661548977338446,0.7012987012987013,77
random,,pep_only,mlp,tobit,HLA-A*80:01,0.1361583337628089,0.13616532721010335,0.6818181818181818,66
random,,pep_only,mlp,tobit,HLA-B*07:02,0.08895450885610118,0.07219945829571497,0.7666666666666667,120
random,,pep_only,mlp,tobit,HLA-B*08:01,-0.06603305239928949,0.03676588518326336,0.8953488372093024,86
random,,pep_only,mlp,tobit,HLA-B*08:03,-0.2139045857252657,-0.18651808549506763,0.8115942028985508,69
random,,pep_only,mlp,tobit,HLA-B*14:01(C67S),0.1164761175183718,-0.14768743914313537,0.7468354430379747,79
random,,pep_only,mlp,tobit,HLA-B*14:02(C67S),0.16729069382987385,-0.12560275545350172,0.7424242424242424,66
random,,pep_only,mlp,tobit,HLA-B*15:01,0.027080569281573923,0.08940258323666395,0.6816143497757847,223
random,,pep_only,mlp,tobit,HLA-B*15:02,-0.11459372057833034,-0.02888368462138954,0.7741935483870968,62
random,,pep_only,mlp,tobit,HLA-B*15:10,0.23369197141453335,-0.08114031840059235,0.8513513513513513,74
random,,pep_only,mlp,tobit,HLA-B*15:17,-0.168309295761459,-0.055242966751918164,0.8985507246376812,69
random,,pep_only,mlp,tobit,HLA-B*18:01,-0.13679056773079404,-0.028896915809947212,0.7,60
random,,pep_only,mlp,tobit,HLA-B*27:02,-0.049592881349102884,0.0820460704607046,0.5555555555555556,81
random,,pep_only,mlp,tobit,HLA-B*27:03,0.3617090291576886,-0.013617960986382037,0.7402597402597403,77
random,,pep_only,mlp,tobit,HLA-B*27:05,0.2697824098048309,0.06722225143277774,0.7662337662337663,77
random,,pep_only,mlp,tobit,HLA-B*27:20,-0.017106074602473383,0.5026689819280984,0.8055555555555556,72
random,,pep_only,mlp,tobit,HLA-B*35:01,-0.05516604750929335,-0.044946484216230854,0.7933884297520661,121
random,,pep_only,mlp,tobit,HLA-B*35:03,0.021494156689653054,-0.007564898869246696,0.8461538461538461,91
random,,pep_only,mlp,tobit,HLA-B*39:01,-0.0651096752835642,0.04097047990177761,0.8320610687022901,131
random,,pep_only,mlp,tobit,HLA-B*39:02,0.14724721408499467,-0.0544936284372904,0.8309859154929577,71
random,,pep_only,mlp,tobit,HLA-B*39:06(C67S),-0.02478565766136406,-0.25269719994962425,0.6265060240963856,83
random,,pep_only,mlp,tobit,HLA-B*39:10,0.36735308685266355,0.02969111660946604,0.6417910447761194,67
random,,pep_only,mlp,tobit,HLA-B*40:01,0.11918847486822985,0.31040634901104314,0.9827586206896551,58
random,,pep_only,mlp,tobit,HLA-B*41:01,0.390287776084027,0.10352375112033586,0.8604651162790697,86
random,,pep_only,mlp,tobit,HLA-B*42:01,0.1521493891900716,0.17089093701996927,0.3492063492063492,63
random,,pep_only,mlp,tobit,HLA-B*42:02,0.1533558422729942,0.19149692412850308,0.7763157894736842,76
random,,pep_only,mlp,tobit,HLA-B*44:05,0.011050631546004018,-0.04781954887218044,0.6578947368421053,76
random,,pep_only,mlp,tobit,HLA-B*45:01,0.4025738548464883,-0.0586300411162628,0.7857142857142857,70
random,,pep_only,mlp,tobit,HLA-B*46:01,0.12332805938085323,0.03566580278909046,0.7671232876712328,73
random,,pep_only,mlp,tobit,HLA-B*51:01,0.23755639225097994,0.2576633892423366,0.6493506493506493,77
random,,pep_only,mlp,tobit,HLA-B*54:01,0.39649323772160544,0.048222669349429904,0.7464788732394366,71
random,,pep_only,mlp,tobit,HLA-B*55:01,0.5259709522075088,0.03599764913311783,0.8072289156626506,83
random,,pep_only,mlp,tobit,HLA-B*56:01,0.41821627317678534,-0.02423816221284576,0.8,80
random,,pep_only,mlp,tobit,HLA-B*57:01,0.5194991265384262,-0.02458081824279007,0.8732394366197183,71
random,,pep_only,mlp,tobit,HLA-B*57:02,0.3562093702286612,-0.01919343814080656,0.9605263157894737,76
random,,pep_only,mlp,tobit,HLA-B*57:03,0.49767202706613256,-0.07340162041895805,1.0,83
random,,pep_only,mlp,tobit,HLA-B*58:01,0.6165581953475985,-0.16742464304600738,0.8852459016393442,61
random,,pep_only,mlp,tobit,HLA-B*81:01,0.12285753101447817,-0.140812044921634,0.9178082191780822,73
by_peptide,,concat,ridge,naive,HLA-A*01:01,-0.0766952827159424,-0.15425531914893617,0.5,48
by_peptide,,concat,ridge,naive,HLA-A*02:01,0.2927890306159205,0.05979526317593429,0.6255707762557078,219
by_peptide,,concat,ridge,naive,HLA-A*02:03,0.3528659952190805,0.021445959104186955,0.7088607594936709,79
by_peptide,,concat,ridge,naive,HLA-A*02:10,0.3710943482464706,0.11536273115220483,0.6133333333333333,75
by_peptide,,concat,ridge,naive,HLA-A*02:11,0.31632634561692796,0.26054040895813046,0.8860759493670886,79
by_peptide,,concat,ridge,naive,HLA-A*02:12,0.4331341688778711,0.203138966296861,0.7532467532467533,77
by_peptide,,concat,ridge,naive,HLA-A*02:16,0.36246154968388816,0.22235659077764341,0.7532467532467533,77
by_peptide,,concat,ridge,naive,HLA-A*02:19,0.46080118819597254,0.13418733802295443,0.7567567567567568,74
by_peptide,,concat,ridge,naive,HLA-A*02:50,0.23305869818768024,-0.00840931220678056,0.8846153846153846,78
by_peptide,,concat,ridge,naive,HLA-A*03:01,0.47073331705638427,0.20418967103749716,0.5093167701863354,161
by_peptide,,concat,ridge,naive,HLA-A*11:01,0.4220225758902516,0.20220976980622107,0.4803921568627451,102
by_peptide,,concat,ridge,naive,HLA-A*23:01,0.34375636549208144,-0.11129160694378086,0.6483516483516484,91
by_peptide,,concat,ridge,naive,HLA-A*24:02,0.33309863534457024,0.035169403313054945,0.5983606557377049,122
by_peptide,,concat,ridge,naive,HLA-A*24:03,0.335018748957888,-0.027570829969630572,0.5689655172413793,116
by_peptide,,concat,ridge,naive,HLA-A*24:07,0.3204624835331607,-0.028004690248192302,0.5529411764705883,85
by_peptide,,concat,ridge,naive,HLA-A*24:19,0.2466185880025785,-0.058035410282601306,0.8202247191011236,89
by_peptide,,concat,ridge,naive,HLA-A*25:01,-0.09397142376941206,-0.025755297334244705,0.47368421052631576,76
by_peptide,,concat,ridge,naive,HLA-A*26:01,0.09366098887945734,-0.2121667805878332,0.5714285714285714,56
by_peptide,,concat,ridge,naive,HLA-A*26:02,0.07404255350848454,0.11505563058717605,0.5833333333333334,72
by_peptide,,concat,ridge,naive,HLA-A*26:03,-0.014705351206432425,-0.0860827062833623,0.4583333333333333,72
by_peptide,,concat,ridge,naive,HLA-A*29:02,0.3071049969369065,0.24967874231032125,0.6052631578947368,76
by_peptide,,concat,ridge,naive,HLA-A*30:01,0.26294058068663045,-0.08111070515162588,0.5652173913043478,69
by_peptide,,concat,ridge,naive,HLA-A*30:02,-0.0015466006053455057,-0.04245472837022132,0.6619718309859155,71
by_peptide,,concat,ridge,naive,HLA-A*31:01,0.2776053464179367,-0.19905818501077505,0.4626865671641791,67
by_peptide,,concat,ridge,naive,HLA-A*32:07,0.32575423779004936,-0.09892515145593121,0.4117647058823529,85
by_peptide,,concat,ridge,naive,HLA-A*33:03,0.02656270891259272,-0.04485961799394636,0.3787878787878788,66
by_peptide,,concat,ridge,naive,HLA-A*43:01,0.1473570023048111,0.011566209871359314,0.75,68
by_peptide,,concat,ridge,naive,HLA-A*66:01,0.03359618850990312,0.09639642581164767,0.7317073170731707,82
by_peptide,,concat,ridge,naive,HLA-A*68:01,0.019006268783172103,-0.20904881342851633,0.4305555555555556,72
by_peptide,,concat,ridge,naive,HLA-A*68:23,0.16853297535983505,-0.09957621326042378,0.6973684210526315,76
by_peptide,,concat,ridge,naive,HLA-A*74:01,0.35564126910819616,0.052701465201465195,0.46875,64
by_peptide,,concat,ridge,naive,HLA-A*80:01,0.1978024672280099,-0.031589537223340035,0.7746478873239436,71
by_peptide,,concat,ridge,naive,HLA-B*07:02,0.11186552684591695,0.05976160695950865,0.7518248175182481,137
by_peptide,,concat,ridge,naive,HLA-B*08:01,0.11506101853140513,0.03885030533405737,0.7870370370370371,108
by_peptide,,concat,ridge,naive,HLA-B*08:03,0.06485825930374003,0.1266171584913035,0.5882352941176471,85
by_peptide,,concat,ridge,naive,HLA-B*14:01(C67S),0.15747265393355847,-0.2087672704485094,0.9139784946236559,93
by_peptide,,concat,ridge,naive,HLA-B*14:02(C67S),0.15616503272930285,0.0391792797023444,0.7553191489361702,94
by_peptide,,concat,ridge,naive,HLA-B*15:01,0.09283348114993759,0.14182153392330385,0.8755555555555555,225
by_peptide,,concat,ridge,naive,HLA-B*15:02,0.04016513082202385,0.05608315734898013,0.6153846153846154,78
by_peptide,,concat,ridge,naive,HLA-B*15:10,0.086494323589385,0.0647074444542799,0.6666666666666666,78
by_peptide,,concat,ridge,naive,HLA-B*15:17,0.04018162694754588,0.29430457855115394,0.726027397260274,73
by_peptide,,concat,ridge,naive,HLA-B*18:01,-0.032833063106335596,-0.15266485998193316,0.6296296296296297,81
by_peptide,,concat,ridge,naive,HLA-B*27:02,-0.08933903646852288,-0.057662337662337665,0.34210526315789475,76
by_peptide,,concat,ridge,naive,HLA-B*27:03,0.23932945380464382,0.059548315438726386,0.4189189189189189,74
by_peptide,,concat,ridge,naive,HLA-B*27:05,0.13626903323658213,0.17921734531993652,0.6229508196721312,61
by_peptide,,concat,ridge,naive,HLA-B*27:20,-0.082013864835807,0.07083796124892017,0.5205479452054794,73
by_peptide,,concat,ridge,naive,HLA-B*35:01,0.04997919565010764,0.1843489320315715,0.5970149253731343,134
by_peptide,,concat,ridge,naive,HLA-B*35:03,-0.1551201796049434,0.2008517797991482,0.7662337662337663,77
by_peptide,,concat,ridge,naive,HLA-B*39:01,0.1512893193750824,-0.0641685670977345,0.7076923076923077,130
by_peptide,,concat,ridge,naive,HLA-B*39:02,-0.005119831109160542,-0.2325725666895223,0.573170731707317,82
by_peptide,,concat,ridge,naive,HLA-B*39:06(C67S),0.05390322786685868,-0.17931656941354268,0.9156626506024096,83
by_peptide,,concat,ridge,naive,HLA-B*39:10,0.07044291212069849,0.2199699035142073,0.5128205128205128,78
by_peptide,,concat,ridge,naive,HLA-B*40:01,-0.19110532913262845,0.065892002734108,0.9210526315789473,76
by_peptide,,concat,ridge,naive,HLA-B*41:01,0.23857515854137612,0.08668821627975318,0.6585365853658537,82
by_peptide,,concat,ridge,naive,HLA-B*42:01,0.1915393997517039,0.13626794258373204,0.7894736842105263,76
by_peptide,,concat,ridge,naive,HLA-B*42:02,0.23605694242422448,0.2722249269717624,0.5949367088607594,79
by_peptide,,concat,ridge,naive,HLA-B*44:05,-0.06622136398858648,0.04038277511961722,0.7105263157894737,76
by_peptide,,concat,ridge,naive,HLA-B*45:01,0.21817019076791505,0.06686164441718949,0.6627906976744186,86
by_peptide,,concat,ridge,naive,HLA-B*46:01,0.04980940100455833,0.010264052726585784,0.5783132530120482,83
by_peptide,,concat,ridge,naive,HLA-B*51:01,0.2202295232466711,-0.18551770949031227,0.3287671232876712,73
by_peptide,,concat,ridge,naive,HLA-B*54:01,0.18056898433570914,-0.0017876859982123136,0.42857142857142855,77
by_peptide,,concat,ridge,naive,HLA-B*55:01,0.2784852289742209,0.09457630976618318,0.5384615384615384,78
by_peptide,,concat,ridge,naive,HLA-B*56:01,0.29782667063445784,0.07362952836637046,0.5131578947368421,76
by_peptide,,concat,ridge,naive,HLA-B*57:01,0.08645047155042761,-0.00025575447570332484,0.7536231884057971,69
by_peptide,,concat,ridge,naive,HLA-B*57:02,-0.02934868367777393,0.2103228064036392,0.7428571428571429,70
by_peptide,,concat,ridge,naive,HLA-B*57:03,0.09043973931255529,0.05202906939353013,0.9027777777777778,72
by_peptide,,concat,ridge,naive,HLA-B*58:01,-0.005356538859451686,0.06480796586059744,0.5066666666666667,75
by_peptide,,concat,ridge,naive,HLA-B*81:01,-0.03364450989635288,0.057889670492410214,0.7567567567567568,74
by_peptide,,concat,ridge,tobit,HLA-A*01:01,-0.2231827291507155,0.15610073816760744,0.5833333333333334,48
by_peptide,,concat,ridge,tobit,HLA-A*02:01,0.21322740262996503,0.02705679390359547,0.7625570776255708,219
by_peptide,,concat,ridge,tobit,HLA-A*02:03,0.396151085391182,0.19026290165530674,0.7974683544303798,79
by_peptide,,concat,ridge,tobit,HLA-A*02:10,0.45693189168604326,0.08620199146514936,0.8266666666666667,75
by_peptide,,concat,ridge,tobit,HLA-A*02:11,0.28117221139051907,-0.030769230769230767,0.9367088607594937,79
by_peptide,,concat,ridge,tobit,HLA-A*02:12,0.4326083132080039,-0.02208317997791682,0.9090909090909091,77
by_peptide,,concat,ridge,tobit,HLA-A*02:16,0.37722504467119394,-0.13213102686786893,0.9090909090909091,77
by_peptide,,concat,ridge,tobit,HLA-A*02:19,0.4382240780589958,-0.04014809329877822,0.8648648648648649,74
by_peptide,,concat,ridge,tobit,HLA-A*02:50,0.25477239859400974,0.09692838806762856,0.8846153846153846,78
by_peptide,,concat,ridge,tobit,HLA-A*03:01,0.4932831741513798,0.14440418679549116,0.6149068322981367,161
by_peptide,,concat,ridge,tobit,HLA-A*11:01,0.44717084518938116,-0.11746046106609519,0.6078431372549019,102
by_peptide,,concat,ridge,tobit,HLA-A*23:01,0.3848032094587295,0.11188087275043797,0.8131868131868132,91
by_peptide,,concat,ridge,tobit,HLA-A*24:02,0.36437727251508856,-0.02471408130962491,0.7213114754098361,122
by_peptide,,concat,ridge,tobit,HLA-A*24:03,0.34522984854068356,-0.003982624072579094,0.75,116
by_peptide,,concat,ridge,tobit,HLA-A*24:07,0.36344455205088955,0.07611881962087161,0.7176470588235294,85
by_peptide,,concat,ridge,tobit,HLA-A*24:19,0.3255355028813757,0.028736806264896157,0.898876404494382,89
by_peptide,,concat,ridge,tobit,HLA-A*25:01,0.043010691522985,-0.5203007518796993,0.6842105263157895,76
by_peptide,,concat,ridge,tobit,HLA-A*26:01,0.04660724675813114,-0.2944634313055366,0.6785714285714286,56
by_peptide,,concat,ridge,tobit,HLA-A*26:02,0.10035519649083854,-0.020869509293202138,0.6666666666666666,72
by_peptide,,concat,ridge,tobit,HLA-A*26:03,0.11567114245059697,-0.2542928805710979,0.6805555555555556,72
by_peptide,,concat,ridge,tobit,HLA-A*29:02,0.2766436641005737,0.15373889268626112,0.6710526315789473,76
by_peptide,,concat,ridge,tobit,HLA-A*30:01,0.2661265115213963,-0.04154183412495433,0.6811594202898551,69
by_peptide,,concat,ridge,tobit,HLA-A*30:02,0.09824276019172971,0.015325285043594903,0.8169014084507042,71
by_peptide,,concat,ridge,tobit,HLA-A*31:01,0.3048787140248773,-0.06373214143187805,0.6119402985074627,67
by_peptide,,concat,ridge,tobit,HLA-A*32:07,0.42035897774297337,-0.139358999413719,0.5294117647058824,85
by_peptide,,concat,ridge,tobit,HLA-A*33:03,0.008241361641447743,0.12990293288800756,0.4090909090909091,66
by_peptide,,concat,ridge,tobit,HLA-A*43:01,0.13477514537864055,-0.1494445928923159,0.8676470588235294,68
by_peptide,,concat,ridge,tobit,HLA-A*66:01,0.10303651289671686,-0.25455752549493366,0.8536585365853658,82
by_peptide,,concat,ridge,tobit,HLA-A*68:01,0.013633873422599972,0.08035886552189853,0.5,72
by_peptide,,concat,ridge,tobit,HLA-A*68:23,0.2579202515546775,0.018072453861927545,0.8289473684210527,76
by_peptide,,concat,ridge,tobit,HLA-A*74:01,0.35419473285964453,0.005265567765567765,0.5,64
by_peptide,,concat,ridge,tobit,HLA-A*80:01,0.18348853568778836,0.06002682763246143,0.8591549295774648,71
by_peptide,,concat,ridge,tobit,HLA-B*07:02,0.22895315685448656,0.12660779957809845,0.8686131386861314,137
by_peptide,,concat,ridge,tobit,HLA-B*08:01,0.11959128380043063,0.023007230843979532,0.8425925925925926,108
by_peptide,,concat,ridge,tobit,HLA-B*08:03,0.12703168833862757,-0.02911862419386359,0.8470588235294118,85
by_peptide,,concat,ridge,tobit,HLA-B*14:01(C67S),0.1357597971518631,0.14350511772253885,0.6344086021505376,93
by_peptide,,concat,ridge,tobit,HLA-B*14:02(C67S),0.13184440353794583,0.06758660549795903,0.6808510638297872,94
by_peptide,,concat,ridge,tobit,HLA-B*15:01,0.05596930868296853,0.11677412557943534,0.92,225
by_peptide,,concat,ridge,tobit,HLA-B*15:02,-0.027288438533851333,0.2781142907725186,0.717948717948718,78
by_peptide,,concat,ridge,tobit,HLA-B*15:10,-0.06414730085508995,0.10653903058966349,0.7307692307692307,78
by_peptide,,concat,ridge,tobit,HLA-B*15:17,0.040042643610678885,0.04078736270517093,0.8082191780821918,73
by_peptide,,concat,ridge,tobit,HLA-B*18:01,-0.033488819876365705,-0.19516711833785005,0.7037037037037037,81
by_peptide,,concat,ridge,tobit,HLA-B*27:02,-0.10510638313183707,0.18712235133287763,0.4342105263157895,76
by_peptide,,concat,ridge,tobit,HLA-B*27:03,0.35967657711206,-0.12115512773047019,0.6216216216216216,74
by_peptide,,concat,ridge,tobit,HLA-B*27:05,0.2461753924682669,-0.14653622421998938,0.6885245901639344,61
by_peptide,,concat,ridge,tobit,HLA-B*27:20,-0.06237103794920631,0.16376650623225966,0.6575342465753424,73
by_peptide,,concat,ridge,tobit,HLA-B*35:01,0.13227640489072798,0.1588473671741543,0.7761194029850746,134
by_peptide,,concat,ridge,tobit,HLA-B*35:03,-0.10214621731957135,0.1899942163100058,0.8051948051948052,77
by_peptide,,concat,ridge,tobit,HLA-B*39:01,0.05324031906915429,0.06108235808218056,0.8,130
by_peptide,,concat,ridge,tobit,HLA-B*39:02,-0.03389568356917586,0.21119709189059763,0.6951219512195121,82
by_peptide,,concat,ridge,tobit,HLA-B*39:06(C67S),0.11161862317981457,0.15209269132278241,0.7951807228915663,83
by_peptide,,concat,ridge,tobit,HLA-B*39:10,0.1584712313110681,0.25251963226646773,0.5256410256410257,78
by_peptide,,concat,ridge,tobit,HLA-B*40:01,-0.1512049690578473,-0.04910457963089543,0.868421052631579,76
by_peptide,,concat,ridge,tobit,HLA-B*41:01,0.26108730287120535,-0.001948172092162689,0.7439024390243902,82
by_peptide,,concat,ridge,tobit,HLA-B*42:01,0.24549146424026294,0.1732330827067669,0.7631578947368421,76
by_peptide,,concat,ridge,tobit,HLA-B*42:02,0.2966552892482834,0.008252190847127555,0.759493670886076,79
by_peptide,,concat,ridge,tobit,HLA-B*44:05,-0.02085227753099203,0.02736842105263158,0.8421052631578947,76
by_peptide,,concat,ridge,tobit,HLA-B*45:01,0.24469985315441312,0.022406717297985754,0.7209302325581395,86
by_peptide,,concat,ridge,tobit,HLA-B*46:01,-0.03291422524579174,0.10545317157130263,0.7469879518072289,83
by_peptide,,concat,ridge,tobit,HLA-B*51:01,0.1857008297636404,0.16478464766136003,0.684931506849315,73
by_peptide,,concat,ridge,tobit,HLA-B*54:01,0.19923983413660687,-0.02907618697092381,0.7012987012987013,77
by_peptide,,concat,ridge,tobit,HLA-B*55:01,0.32040681348380107,0.19703081728398184,0.717948717948718,78
by_peptide,,concat,ridge,tobit,HLA-B*56:01,0.39543272265397783,0.12850307587149692,0.6842105263157895,76
by_peptide,,concat,ridge,tobit,HLA-B*57:01,0.23886474000813832,0.3183047131896237,0.7681159420289855,69
by_peptide,,concat,ridge,tobit,HLA-B*57:02,0.07314406427330651,0.12893010235324992,0.8428571428571429,70
by_peptide,,concat,ridge,tobit,HLA-B*57:03,0.1793354247439074,0.21168563894784231,0.9722222222222222,72
by_peptide,,concat,ridge,tobit,HLA-B*58:01,0.08100515165853471,0.02406827880512091,0.5733333333333334,75
by_peptide,,concat,ridge,tobit,HLA-B*81:01,0.06797321406999675,0.14428730099962972,0.8513513513513513,74
by_peptide,,concat,mlp,naive,HLA-A*01:01,0.266177745896506,0.0589448545375597,0.4791666666666667,48
by_peptide,,concat,mlp,naive,HLA-A*02:01,0.5322035075459964,0.03616598306808185,0.54337899543379,219
by_peptide,,concat,mlp,naive,HLA-A*02:03,0.4808101973560206,-0.04827166504381694,0.6075949367088608,79
by_peptide,,concat,mlp,naive,HLA-A*02:10,0.49152314053482615,0.03689900426742532,0.52,75
by_peptide,,concat,mlp,naive,HLA-A*02:11,0.30316789025032553,0.09440116845180137,0.6962025316455697,79
by_peptide,,concat,mlp,naive,HLA-A*02:12,0.44383533175966877,0.011015300488984697,0.5974025974025974,77
by_peptide,,concat,mlp,naive,HLA-A*02:16,0.45739226856486304,-0.01322361848677638,0.7532467532467533,77
by_peptide,,concat,mlp,naive,HLA-A*02:19,0.4201209096945695,0.08380599777860051,0.581081081081081,74
by_peptide,,concat,mlp,naive,HLA-A*02:50,0.5023237587884772,-0.05883989428293225,0.7948717948717948,78
by_peptide,,concat,mlp,naive,HLA-A*03:01,0.656815811332166,-0.057105475040257654,0.5093167701863354,161
by_peptide,,concat,mlp,naive,HLA-A*11:01,0.6215118160255872,-0.0772797439652589,0.6372549019607843,102
by_peptide,,concat,mlp,naive,HLA-A*23:01,0.49321530850512574,-0.07448638318203536,0.5714285714285714,91
by_peptide,,concat,mlp,naive,HLA-A*24:02,0.5441451049653987,0.1255596934779807,0.4672131147540984,122
by_peptide,,concat,mlp,naive,HLA-A*24:03,0.5148003024868674,-0.04204051820243724,0.49137931034482757,116
by_peptide,,concat,mlp,naive,HLA-A*24:07,0.5087988907486771,-0.019914012116474495,0.5411764705882353,85
by_peptide,,concat,mlp,naive,HLA-A*24:19,0.22459245944175327,-0.08205652025876747,0.6966292134831461,89
by_peptide,,concat,mlp,naive,HLA-A*25:01,0.32599329291098567,-0.1368967874231032,0.47368421052631576,76
by_peptide,,concat,mlp,naive,HLA-A*26:01,0.36310376766909536,0.20314422419685577,0.5357142857142857,56
by_peptide,,concat,mlp,naive,HLA-A*26:02,0.3831114376947271,-0.1261495916136086,0.5138888888888888,72
by_peptide,,concat,mlp,naive,HLA-A*26:03,0.2937291212484832,0.154479387741977,0.4861111111111111,72
by_peptide,,concat,mlp,naive,HLA-A*29:02,0.45864499386516155,0.1552153110047847,0.5394736842105263,76
by_peptide,,concat,mlp,naive,HLA-A*30:01,0.568513704046573,-0.26843259042747536,0.43478260869565216,69
by_peptide,,concat,mlp,naive,HLA-A*30:02,0.04391000849089631,-0.036955063715627096,0.5211267605633803,71
by_peptide,,concat,mlp,naive,HLA-A*31:01,0.7217659143418018,0.05630936227951154,0.44776119402985076,67
by_peptide,,concat,mlp,naive,HLA-A*32:07,0.5519911292373927,0.13083838186437366,0.4117647058823529,85
by_peptide,,concat,mlp,naive,HLA-A*33:03,0.5683294902031444,-0.028911387120342347,0.36363636363636365,66
by_peptide,,concat,mlp,naive,HLA-A*43:01,0.18161299797282865,0.1347864259266328,0.6176470588235294,68
by_peptide,,concat,mlp,naive,HLA-A*66:01,0.2219428631754419,0.020341528716491985,0.6341463414634146,82
by_peptide,,concat,mlp,naive,HLA-A*68:01,0.4927184470117469,0.20303556498810216,0.3611111111111111,72
by_peptide,,concat,mlp,naive,HLA-A*68:23,0.46117299676503587,0.07803144224196856,0.5657894736842105,76
by_peptide,,concat,mlp,naive,HLA-A*74:01,0.7383534308678589,0.0965201465201465,0.46875,64
by_peptide,,concat,mlp,naive,HLA-A*80:01,0.3226294441929262,0.18869885982562037,0.704225352112676,71
by_peptide,,concat,mlp,naive,HLA-B*07:02,0.5266877386461205,-0.04791662777456269,0.7518248175182481,137
by_peptide,,concat,mlp,naive,HLA-B*08:01,0.29124443396726624,-0.06341993197862185,0.6851851851851852,108
by_peptide,,concat,mlp,naive,HLA-B*08:03,0.3109878117033749,0.2553253859683408,0.6705882352941176,85
by_peptide,,concat,mlp,naive,HLA-B*14:01(C67S),0.10242832025158492,0.058562859956432206,0.8279569892473119,93
by_peptide,,concat,mlp,naive,HLA-B*14:02(C67S),0.26705540832494734,0.029584943828342303,0.6595744680851063,94
by_peptide,,concat,mlp,naive,HLA-B*15:01,0.40562022343505943,0.20475136957437845,0.76,225
by_peptide,,concat,mlp,naive,HLA-B*15:02,0.13272507854074972,0.08989744432782407,0.5,78
by_peptide,,concat,mlp,naive,HLA-B*15:10,0.3703002375275542,0.03309348878969132,0.5512820512820513,78
by_peptide,,concat,mlp,naive,HLA-B*15:17,0.3736798650563855,-0.05917561397013452,0.7123287671232876,73
by_peptide,,concat,mlp,naive,HLA-B*18:01,0.4437438225886568,0.03500451671183378,0.6172839506172839,81
by_peptide,,concat,mlp,naive,HLA-B*27:02,0.5183220011937579,-0.08861244019138757,0.3157894736842105,76
by_peptide,,concat,mlp,naive,HLA-B*27:03,0.5826131824437646,-0.10753054424287299,0.5,74
by_peptide,,concat,mlp,naive,HLA-B*27:05,0.4276906247514837,0.023638286620835534,0.4918032786885246,61
by_peptide,,concat,mlp,naive,HLA-B*27:20,0.43483704404397955,-0.0718252499074417,0.5342465753424658,73
by_peptide,,concat,mlp,naive,HLA-B*35:01,0.3107703186215309,0.002665868651728825,0.6119402985074627,134
by_peptide,,concat,mlp,naive,HLA-B*35:03,0.4539948811504246,0.1226668068773332,0.6883116883116883,77
by_peptide,,concat,mlp,naive,HLA-B*39:01,0.31803435495901583,-0.10034549154023678,0.6,130
by_peptide,,concat,mlp,naive,HLA-B*39:02,0.39475098664894315,-0.032030561269468114,0.5365853658536586,82
by_peptide,,concat,mlp,naive,HLA-B*39:06(C67S),0.18421376884689192,0.04729020612064984,0.8554216867469879,83
by_peptide,,concat,mlp,naive,HLA-B*39:10,0.5273976258468613,0.08506683190227494,0.48717948717948717,78
by_peptide,,concat,mlp,naive,HLA-B*40:01,0.01025930988534538,-0.01645933014354067,0.8026315789473685,76
by_peptide,,concat,mlp,naive,HLA-B*41:01,0.41880624156704543,-0.20161948607437885,0.5487804878048781,82
by_peptide,,concat,mlp,naive,HLA-B*42:01,0.6881280926621105,-0.07655502392344497,0.7368421052631579,76
by_peptide,,concat,mlp,naive,HLA-B*42:02,0.6416868980001891,-0.003432327166504382,0.6075949367088608,79
by_peptide,,concat,mlp,naive,HLA-B*44:05,0.0698722217595864,-0.04489405331510595,0.5789473684210527,76
by_peptide,,concat,mlp,naive,HLA-B*45:01,0.37184485656559074,0.1869239115052597,0.5465116279069767,86
by_peptide,,concat,mlp,naive,HLA-B*46:01,0.1273195351193607,0.19955081650644385,0.4819277108433735,83
by_peptide,,concat,mlp,naive,HLA-B*51:01,0.4235438270873479,-0.02807602122670616,0.3287671232876712,73
by_peptide,,concat,mlp,naive,HLA-B*54:01,0.6268611666260866,0.19627740680372258,0.5454545454545454,77
by_peptide,,concat,mlp,naive,HLA-B*55:01,0.5753987858830286,0.04401927186737313,0.5256410256410257,78
by_peptide,,concat,mlp,naive,HLA-B*56:01,0.5525261319267527,0.2707587149692413,0.47368421052631576,76
by_peptide,,concat,mlp,naive,HLA-B*57:01,0.4366828986490469,0.14862988673730362,0.6811594202898551,69
by_peptide,,concat,mlp,naive,HLA-B*57:02,0.3610448449095125,0.2128422710174088,0.7571428571428571,70
by_peptide,,concat,mlp,naive,HLA-B*57:03,0.4440119942134806,0.04936008746543188,0.875,72
by_peptide,,concat,mlp,naive,HLA-B*58:01,0.311879118552715,0.08605974395448078,0.49333333333333335,75
by_peptide,,concat,mlp,naive,HLA-B*81:01,0.4980041911360243,-0.2352165864494631,0.7432432432432432,74
by_peptide,,concat,mlp,tobit,HLA-A*01:01,0.286180484407822,0.08304385584020843,0.5625,48
by_peptide,,concat,mlp,tobit,HLA-A*02:01,0.4916256832192421,0.1344190935368515,0.7077625570776256,219
by_peptide,,concat,mlp,tobit,HLA-A*02:03,0.4688325458573288,0.0006815968841285297,0.810126582278481,79
by_peptide,,concat,mlp,tobit,HLA-A*02:10,0.43278919290104895,0.03672830725462304,0.7066666666666667,75
by_peptide,,concat,mlp,tobit,HLA-A*02:11,0.2762180103412987,-0.09006815968841285,0.8227848101265823,79
by_peptide,,concat,mlp,tobit,HLA-A*02:12,0.4429019379456544,0.07702823492297174,0.7532467532467533,77
by_peptide,,concat,mlp,tobit,HLA-A*02:16,0.4531985420279525,-0.1042115778957884,0.8701298701298701,77
by_peptide,,concat,mlp,tobit,HLA-A*02:19,0.4613641345117239,-0.047552758237689736,0.7297297297297297,74
by_peptide,,concat,mlp,tobit,HLA-A*02:50,0.48097680113799135,0.11480924139151988,0.8333333333333334,78
by_peptide,,concat,mlp,tobit,HLA-A*03:01,0.6518695027756235,-0.0849465148378192,0.6708074534161491,161
by_peptide,,concat,mlp,tobit,HLA-A*11:01,0.624430508548833,-0.0052417006406523005,0.7156862745098039,102
by_peptide,,concat,mlp,tobit,HLA-A*23:01,0.48539306888252753,0.03172479694218825,0.6703296703296703,91
by_peptide,,concat,mlp,tobit,HLA-A*24:02,0.49477327431212453,0.15637711857405798,0.5983606557377049,122
by_peptide,,concat,mlp,tobit,HLA-A*24:03,0.470930678270997,0.021112520662745552,0.6379310344827587,116
by_peptide,,concat,mlp,tobit,HLA-A*24:07,0.4447122645726871,0.12362712526871215,0.611764705882353,85
by_peptide,,concat,mlp,tobit,HLA-A*24:19,0.21021261788718792,0.04508001361933947,0.7191011235955056,89
by_peptide,,concat,mlp,tobit,HLA-A*25:01,0.3196110612656395,-0.12415584415584417,0.5526315789473685,76
by_peptide,,concat,mlp,tobit,HLA-A*26:01,0.3519413835892187,0.1303485987696514,0.6071428571428571,56
by_peptide,,concat,mlp,tobit,HLA-A*26:02,0.41570433206209834,0.07167663515338608,0.6527777777777778,72
by_peptide,,concat,mlp,tobit,HLA-A*26:03,0.3036696100528314,-0.022863206637082772,0.5833333333333334,72
by_peptide,,concat,mlp,tobit,HLA-A*29:02,0.4686664301061484,0.052658920027341086,0.631578947368421,76
by_peptide,,concat,mlp,tobit,HLA-A*30:01,0.5430262573684459,-0.06770186335403727,0.5942028985507246,69
by_peptide,,concat,mlp,tobit,HLA-A*30:02,0.06072088463595615,0.13615023474178403,0.7183098591549296,71
by_peptide,,concat,mlp,tobit,HLA-A*31:01,0.7135399791631345,0.008181020033522229,0.6268656716417911,67
by_peptide,,concat,mlp,tobit,HLA-A*32:07,0.5681819728318854,0.1761579050224741,0.5529411764705883,85
by_peptide,,concat,mlp,tobit,HLA-A*33:03,0.5968173465857866,0.1833837803987058,0.5757575757575758,66
by_peptide,,concat,mlp,tobit,HLA-A*43:01,0.16571604469168863,0.19666374012291482,0.6911764705882353,68
by_peptide,,concat,mlp,tobit,HLA-A*66:01,0.21679830701214114,0.0019699393781086407,0.6707317073170732,82
by_peptide,,concat,mlp,tobit,HLA-A*68:01,0.5119681778203226,0.08203099877805649,0.4861111111111111,72
by_peptide,,concat,mlp,tobit,HLA-A*68:23,0.4337843289707322,0.21074504442925496,0.6710526315789473,76
by_peptide,,concat,mlp,tobit,HLA-A*74:01,0.7413842687219672,0.1687271062271062,0.5625,64
by_peptide,,concat,mlp,tobit,HLA-A*80:01,0.3477518546512741,0.2913480885311871,0.8028169014084507,71
by_peptide,,concat,mlp,tobit,HLA-B*07:02,0.5095063889469145,-0.0024595366550301486,0.8248175182481752,137
by_peptide,,concat,mlp,tobit,HLA-B*08:01,0.35581156931909624,-0.0652586050854078,0.7314814814814815,108
by_peptide,,concat,mlp,tobit,HLA-B*08:03,0.35503109476544953,0.02167285518858706,0.5529411764705883,85
by_peptide,,concat,mlp,tobit,HLA-B*14:01(C67S),0.18469378706695241,0.1608874697860404,0.3763440860215054,93
by_peptide,,concat,mlp,tobit,HLA-B*14:02(C67S),0.29164008467309294,0.03574034606075931,0.5,94
by_peptide,,concat,mlp,tobit,HLA-B*15:01,0.3864429088647707,0.0777180783817952,0.8133333333333334,225
by_peptide,,concat,mlp,tobit,HLA-B*15:02,0.13475490195563403,0.06625020549071181,0.6410256410256411,78
by_peptide,,concat,mlp,tobit,HLA-B*15:10,0.41109343361982126,0.10818295628422209,0.6794871794871795,78
by_peptide,,concat,mlp,tobit,HLA-B*15:17,0.34498752728984433,0.16444526718499322,0.7397260273972602,73
by_peptide,,concat,mlp,tobit,HLA-B*18:01,0.4645358346590944,-0.07524841915085817,0.7160493827160493,81
by_peptide,,concat,mlp,tobit,HLA-B*27:02,0.47838268695849073,-0.0050307587149692416,0.4605263157894737,76
by_peptide,,concat,mlp,tobit,HLA-B*27:03,0.6263785608738571,0.06407997038134024,0.7027027027027027,74
by_peptide,,concat,mlp,tobit,HLA-B*27:05,0.3788109384426046,-0.08445267054468535,0.6557377049180327,61
by_peptide,,concat,mlp,tobit,HLA-B*27:20,0.4894350680229925,-0.009842033814636556,0.7534246575342466,73
by_peptide,,concat,mlp,tobit,HLA-B*35:01,0.293109136561936,0.16569034526615045,0.7014925373134329,134
by_peptide,,concat,mlp,tobit,HLA-B*35:03,0.4822511689549885,0.233108996266891,0.8311688311688312,77
by_peptide,,concat,mlp,tobit,HLA-B*39:01,0.3777746903070212,0.0007073700309986481,0.7076923076923077,130
by_peptide,,concat,mlp,tobit,HLA-B*39:02,0.38814651368296843,0.05680173267596131,0.6585365853658537,82
by_peptide,,concat,mlp,tobit,HLA-B*39:06(C67S),0.16121779102688605,0.010431971789597413,0.1686746987951807,83
by_peptide,,concat,mlp,tobit,HLA-B*39:10,0.4994179644905092,-0.047458870243680375,0.6025641025641025,78
by_peptide,,concat,mlp,tobit,HLA-B*40:01,0.04347536659023529,-0.005386192754613808,0.881578947368421,76
by_peptide,,concat,mlp,tobit,HLA-B*41:01,0.47797823802078815,-0.08403260739434704,0.6341463414634146,82
by_peptide,,concat,mlp,tobit,HLA-B*42:01,0.6414635219323964,-0.07945317840054682,0.8421052631578947,76
by_peptide,,concat,mlp,tobit,HLA-B*42:02,0.5852803531683837,-0.037658227848101265,0.6835443037974683,79
by_peptide,,concat,mlp,tobit,HLA-B*44:05,0.07501350461312936,0.00935064935064935,0.7631578947368421,76
by_peptide,,concat,mlp,tobit,HLA-B*45:01,0.3822012936985256,0.13931789235341288,0.7209302325581395,86
by_peptide,,concat,mlp,tobit,HLA-B*46:01,0.12438829783983078,0.20206960245161829,0.6144578313253012,83
by_peptide,,concat,mlp,tobit,HLA-B*51:01,0.41263359785231546,-0.017678637541651242,0.4931506849315068,73
by_peptide,,concat,mlp,tobit,HLA-B*54:01,0.6204132755537046,0.06443556443556443,0.7142857142857143,77
by_peptide,,concat,mlp,tobit,HLA-B*55:01,0.5492872187396894,0.0807673339318909,0.6794871794871795,78
by_peptide,,concat,mlp,tobit,HLA-B*56:01,0.5421642050646406,0.09123718386876281,0.6842105263157895,76
by_peptide,,concat,mlp,tobit,HLA-B*57:01,0.3845599650395451,0.2861892583120205,0.7391304347826086,69
by_peptide,,concat,mlp,tobit,HLA-B*57:02,0.3280713536414646,0.13099466363397777,0.8142857142857143,70
by_peptide,,concat,mlp,tobit,HLA-B*57:03,0.4450735312568077,0.1763135892983472,0.9305555555555556,72
by_peptide,,concat,mlp,tobit,HLA-B*58:01,0.3182783969768066,0.12566145092460881,0.5733333333333334,75
by_peptide,,concat,mlp,tobit,HLA-B*81:01,0.5168939027047105,0.16093298778230283,0.8513513513513513,74
by_peptide,,concat,mlp,twopart,HLA-A*01:01,0.22513951878769206,-0.2797438124185844,0.4375,48
by_peptide,,concat,mlp,twopart,HLA-A*02:01,0.5591458848290844,0.1507054965896238,0.5159817351598174,219
by_peptide,,concat,mlp,twopart,HLA-A*02:03,0.45395786076444133,-0.030671859785783837,0.5443037974683544,79
by_peptide,,concat,mlp,twopart,HLA-A*02:10,0.4223406428372602,0.03072546230440967,0.4666666666666667,75
by_peptide,,concat,mlp,twopart,HLA-A*02:11,0.2511548654755868,-0.08478578383641676,0.6708860759493671,79
by_peptide,,concat,mlp,twopart,HLA-A*02:12,0.5158907049232226,-0.03509648246490352,0.5974025974025974,77
by_peptide,,concat,mlp,twopart,HLA-A*02:16,0.5096626657772652,-0.08099794941900205,0.5584415584415584,77
by_peptide,,concat,mlp,twopart,HLA-A*02:19,0.43394272318393917,-0.02406516105146242,0.5540540540540541,74
by_peptide,,concat,mlp,twopart,HLA-A*02:50,0.563772139845178,0.039871520884179106,0.6410256410256411,78
by_peptide,,concat,mlp,twopart,HLA-A*03:01,0.6372181559018978,0.1698125143777318,0.6024844720496895,161
by_peptide,,concat,mlp,twopart,HLA-A*11:01,0.6341312017220241,0.024681794278799667,0.6176470588235294,102
by_peptide,,concat,mlp,twopart,HLA-A*23:01,0.5323822659636952,0.06063067367415194,0.5714285714285714,91
by_peptide,,concat,mlp,twopart,HLA-A*24:02,0.5963676635993229,-0.05234600374726143,0.5081967213114754,122
by_peptide,,concat,mlp,twopart,HLA-A*24:03,0.5602787618424319,0.04521585361165571,0.45689655172413796,116
by_peptide,,concat,mlp,twopart,HLA-A*24:07,0.5396191766195731,0.1221809654094196,0.5294117647058824,85
by_peptide,,concat,mlp,twopart,HLA-A*24:19,0.20505481843138873,0.03566564521620702,0.6966292134831461,89
by_peptide,,concat,mlp,twopart,HLA-A*25:01,0.21198721154183478,0.31942583732057417,0.5394736842105263,76
by_peptide,,concat,mlp,twopart,HLA-A*26:01,0.43351265186524046,-0.13499658236500342,0.5,56
by_peptide,,concat,mlp,twopart,HLA-A*26:02,0.4094884935117993,-0.011190430252749375,0.5277777777777778,72
by_peptide,,concat,mlp,twopart,HLA-A*26:03,0.3361199660670259,0.3003087015242138,0.5,72
by_peptide,,concat,mlp,twopart,HLA-A*29:02,0.4448312928171347,0.09126452494873546,0.4473684210526316,76
by_peptide,,concat,mlp,twopart,HLA-A*30:01,0.539508842400583,0.20683229813664597,0.5362318840579711,69
by_peptide,,concat,mlp,twopart,HLA-A*30:02,-0.02358565923151896,0.010026827632461434,0.49295774647887325,71
by_peptide,,concat,mlp,twopart,HLA-A*31:01,0.6563178184299782,0.082209274483199,0.4925373134328358,67
by_peptide,,concat,mlp,twopart,HLA-A*32:07,0.5326372392752337,0.19824115692788744,0.5411764705882353,85
by_peptide,,concat,mlp,twopart,HLA-A*33:03,0.5839469786680401,0.06853146853146853,0.6515151515151515,66
by_peptide,,concat,mlp,twopart,HLA-A*43:01,0.15414228724188306,0.06500744360041226,0.5882352941176471,68
by_peptide,,concat,mlp,twopart,HLA-A*66:01,0.18250872180196703,0.22578117347438534,0.6463414634146342,82
by_peptide,,concat,mlp,twopart,HLA-A*68:01,0.5073099377342676,0.21441893369348514,0.4583333333333333,72
by_peptide,,concat,mlp,twopart,HLA-A*68:23,0.4416783059039274,0.12440191387559808,0.6052631578947368,76
by_peptide,,concat,mlp,twopart,HLA-A*74:01,0.7075399126844255,0.004212454212454211,0.515625,64
by_peptide,,concat,mlp,twopart,HLA-A*80:01,0.27789840812973404,0.38839704896042926,0.7746478873239436,71
by_peptide,,concat,mlp,twopart,HLA-B*07:02,0.5157766478181193,0.13337502566878862,0.7226277372262774,137
by_peptide,,concat,mlp,twopart,HLA-B*08:01,0.3257979588413458,0.0979260148427601,0.6481481481481481,108
by_peptide,,concat,mlp,twopart,HLA-B*08:03,0.3241404633575287,0.1663670119210475,0.7764705882352941,85
by_peptide,,concat,mlp,twopart,HLA-B*14:01(C67S),0.19214917505925136,0.8439467637492166,0.8817204301075269,93
by_peptide,,concat,mlp,twopart,HLA-B*14:02(C67S),0.3335670010688949,0.7348553263735866,0.7872340425531915,94
by_peptide,,concat,mlp,twopart,HLA-B*15:01,0.3748632880697054,0.21744416350611045,0.7955555555555556,225
by_peptide,,concat,mlp,twopart,HLA-B*15:02,0.11814840914261156,0.2891159473437954,0.6794871794871795,78
by_peptide,,concat,mlp,twopart,HLA-B*15:10,0.3745835231172423,0.020346741865729205,0.5512820512820513,78
by_peptide,,concat,mlp,twopart,HLA-B*15:17,0.40918238632940934,0.2398494384795755,0.6164383561643836,73
by_peptide,,concat,mlp,twopart,HLA-B*18:01,0.3884454370331859,0.0712962962962963,0.5802469135802469,81
by_peptide,,concat,mlp,twopart,HLA-B*27:02,0.4391796452986911,0.1675461380724539,0.618421052631579,76
by_peptide,,concat,mlp,twopart,HLA-B*27:03,0.4583096934618691,0.14363569048500555,0.527027027027027,74
by_peptide,,concat,mlp,twopart,HLA-B*27:05,0.32921516340321016,-0.10809095716552086,0.5737704918032787,61
by_peptide,,concat,mlp,twopart,HLA-B*27:20,0.48184898024045925,0.2690361594471184,0.6438356164383562,73
by_peptide,,concat,mlp,twopart,HLA-B*35:01,0.2634055577908878,0.09408346737490493,0.5970149253731343,134
by_peptide,,concat,mlp,twopart,HLA-B*35:03,0.36796316688513203,0.2754613807245386,0.6753246753246753,77
by_peptide,,concat,mlp,twopart,HLA-B*39:01,0.3599373725236481,0.00746971828100889,0.6384615384615384,130
by_peptide,,concat,mlp,twopart,HLA-B*39:02,0.32762552504930953,-0.0746944417235337,0.5365853658536586,82
by_peptide,,concat,mlp,twopart,HLA-B*39:06(C67S),0.1506830917403593,0.8683304647160068,0.9036144578313253,83
by_peptide,,concat,mlp,twopart,HLA-B*39:10,0.51474980607537,0.25641447160434505,0.5,78
by_peptide,,concat,mlp,twopart,HLA-B*40:01,-0.0742669935892425,0.11275461380724539,0.8552631578947368,76
by_peptide,,concat,mlp,twopart,HLA-B*41:01,0.44828266202270617,0.3976121287317291,0.7195121951219512,82
by_peptide,,concat,mlp,twopart,HLA-B*42:01,0.7020878133521306,0.29719753930280246,0.7105263157894737,76
by_peptide,,concat,mlp,twopart,HLA-B*42:02,0.6643275029467206,0.07604673807205453,0.5569620253164557,79
by_peptide,,concat,mlp,twopart,HLA-B*44:05,0.027060103104152928,0.06714969241285032,0.6447368421052632,76
by_peptide,,concat,mlp,twopart,HLA-B*45:01,0.4200974941490857,0.5321288740034906,0.8255813953488372,86
by_peptide,,concat,mlp,twopart,HLA-B*46:01,0.206160083202363,0.01643507829226313,0.6867469879518072,83
by_peptide,,concat,mlp,twopart,HLA-B*51:01,0.29745648986392487,0.46717265210415904,0.589041095890411,73
by_peptide,,concat,mlp,twopart,HLA-B*54:01,0.6105592159365641,0.18392134181607867,0.6493506493506493,77
by_peptide,,concat,mlp,twopart,HLA-B*55:01,0.5388425918823538,0.5458212673402546,0.717948717948718,78
by_peptide,,concat,mlp,twopart,HLA-B*56:01,0.547727555087569,0.43548872180451126,0.6842105263157895,76
by_peptide,,concat,mlp,twopart,HLA-B*57:01,0.4792124296553246,0.5194738765071247,0.8115942028985508,69
by_peptide,,concat,mlp,twopart,HLA-B*57:02,0.4577063806501522,0.0697926690578252,0.7428571428571429,70
by_peptide,,concat,mlp,twopart,HLA-B*57:03,0.5351594248882541,0.03736574699337578,0.8611111111111112,72
by_peptide,,concat,mlp,twopart,HLA-B*58:01,0.2359876759920035,0.054879089615931714,0.5466666666666666,75
by_peptide,,concat,mlp,twopart,HLA-B*81:01,0.43248515219109307,0.19209181784524246,0.7162162162162162,74
by_peptide,,joint,ridge,naive,HLA-A*01:01,-0.14882472294560617,0.05927051671732523,0.4166666666666667,48
by_peptide,,joint,ridge,naive,HLA-A*02:01,0.30785509692537666,0.09360083174334778,0.639269406392694,219
by_peptide,,joint,ridge,naive,HLA-A*02:03,0.48626343706274205,0.05382181110029212,0.7468354430379747,79
by_peptide,,joint,ridge,naive,HLA-A*02:10,0.4509816274807793,-0.12654338549075392,0.64,75
by_peptide,,joint,ridge,naive,HLA-A*02:11,0.27388089338441834,0.02758033106134372,0.7341772151898734,79
by_peptide,,joint,ridge,naive,HLA-A*02:12,0.41727962043137484,0.10473736789526263,0.7272727272727273,77
by_peptide,,joint,ridge,naive,HLA-A*02:16,0.2912865168599583,-0.11501656238498342,0.7402597402597403,77
by_peptide,,joint,ridge,naive,HLA-A*02:19,0.31776838086492887,0.13368382080710844,0.6756756756756757,74
by_peptide,,joint,ridge,naive,HLA-A*02:50,0.3169289725585465,0.350851679965604,0.7948717948717948,78
by_peptide,,joint,ridge,naive,HLA-A*03:01,0.5356096079896573,0.17244363929146542,0.5279503105590062,161
by_peptide,,joint,ridge,naive,HLA-A*11:01,0.5126151717280518,0.02135696150997167,0.5588235294117647,102
by_peptide,,joint,ridge,naive,HLA-A*23:01,0.5215251248174617,-0.1569039655996178,0.6703296703296703,91
by_peptide,,joint,ridge,naive,HLA-A*24:02,0.39147241676736777,-0.06379266475228092,0.6147540983606558,122
by_peptide,,joint,ridge,naive,HLA-A*24:03,0.45756349061511714,-0.031115211624956753,0.6206896551724138,116
by_peptide,,joint,ridge,naive,HLA-A*24:07,0.47428995479101044,-0.15645886261481337,0.611764705882353,85
by_peptide,,joint,ridge,naive,HLA-A*24:19,0.26318554318280823,0.13626149131767112,0.7191011235955056,89
by_peptide,,joint,ridge,naive,HLA-A*25:01,0.16824117593797291,-0.1084894053315106,0.5394736842105263,76
by_peptide,,joint,ridge,naive,HLA-A*26:01,0.26793156371420856,0.06008202323991798,0.5892857142857143,56
by_peptide,,joint,ridge,naive,HLA-A*26:02,0.1481978294777258,0.11129333076082065,0.6388888888888888,72
by_peptide,,joint,ridge,naive,HLA-A*26:03,0.10564850084621284,-0.139976847385684,0.4722222222222222,72
by_peptide,,joint,ridge,naive,HLA-A*29:02,0.10058400554990425,-0.01676008202323992,0.4605263157894737,76
by_peptide,,joint,ridge,naive,HLA-A*30:01,0.2860523910775621,0.0012056996711728172,0.4782608695652174,69
by_peptide,,joint,ridge,naive,HLA-A*30:02,0.04034610274814362,-0.03024815560026828,0.6338028169014085,71
by_peptide,,joint,ridge,naive,HLA-A*31:01,0.6111350725335606,-0.27432356931917956,0.5074626865671642,67
by_peptide,,joint,ridge,naive,HLA-A*32:07,0.25735336008926224,0.012702755520812976,0.4,85
by_peptide,,joint,ridge,naive,HLA-A*33:03,0.17650790287195164,-0.00014612253418223568,0.3939393939393939,66
by_peptide,,joint,ridge,naive,HLA-A*43:01,-0.030960285841439728,-0.023056075123105698,0.6323529411764706,68
by_peptide,,joint,ridge,naive,HLA-A*66:01,-0.03146007932035868,-0.13564284237219884,0.7195121951219512,82
by_peptide,,joint,ridge,naive,HLA-A*68:01,-0.02022357891018996,0.0005788153579008297,0.3611111111111111,72
by_peptide,,joint,ridge,naive,HLA-A*68:23,0.02773188418270339,-0.10501708817498291,0.631578947368421,76
by_peptide,,joint,ridge,naive,HLA-A*74:01,0.6216891343775274,-0.13914835164835163,0.46875,64
by_peptide,,joint,ridge,naive,HLA-A*80:01,0.09853608229920338,0.06294433266264252,0.7605633802816901,71
by_peptide,,joint,ridge,naive,HLA-B*07:02,0.3491105524682812,0.14768420856124106,0.7883211678832117,137
by_peptide,,joint,ridge,naive,HLA-B*08:01,0.1060004879933541,-0.01794849809940267,0.7777777777777778,108
by_peptide,,joint,ridge,naive,HLA-B*08:03,0.20846148428307515,0.3451827242524917,0.6941176470588235,85
by_peptide,,joint,ridge,naive,HLA-B*14:01(C67S),0.13201929321070965,0.0551460714392289,0.8924731182795699,93
by_peptide,,joint,ridge,naive,HLA-B*14:02(C67S),0.14878114259481948,-0.10967741935483871,0.7446808510638298,94
by_peptide,,joint,ridge,naive,HLA-B*15:01,0.2149871796203617,0.009522756005056891,0.8488888888888889,225
by_peptide,,joint,ridge,naive,HLA-B*15:02,0.009324501312124932,0.005475537121106741,0.6153846153846154,78
by_peptide,,joint,ridge,naive,HLA-B*15:10,0.13956372213066867,0.06268415129174623,0.7051282051282052,78
by_peptide,,joint,ridge,naive,HLA-B*15:17,0.009404539127999784,0.11375416512402815,0.7397260273972602,73
by_peptide,,joint,ridge,naive,HLA-B*18:01,0.11031411733075633,-0.15070009033423667,0.5925925925925926,81
by_peptide,,joint,ridge,naive,HLA-B*27:02,0.24869342728339242,0.12915926179084075,0.3684210526315789,76
by_peptide,,joint,ridge,naive,HLA-B*27:03,0.42187432585503665,-0.03585338763420954,0.44594594594594594,74
by_peptide,,joint,ridge,naive,HLA-B*27:05,0.5300117478006728,0.04325753569539925,0.6065573770491803,61
by_peptide,,joint,ridge,naive,HLA-B*27:20,-0.014221967444461879,0.21060101197087505,0.5342465753424658,73
by_peptide,,joint,ridge,naive,HLA-B*35:01,0.09077287699664727,0.041604010025062664,0.6194029850746269,134
by_peptide,,joint,ridge,naive,HLA-B*35:03,-0.01970573516351808,-0.06756401493243598,0.7662337662337663,77
by_peptide,,joint,ridge,naive,HLA-B*39:01,0.27771998637093687,0.022431004110393424,0.7,130
by_peptide,,joint,ridge,naive,HLA-B*39:02,0.003624272768105117,0.1424342355873358,0.5975609756097561,82
by_peptide,,joint,ridge,naive,HLA-B*39:06(C67S),0.17814709377138235,0.2754922127534528,0.9156626506024096,83
by_peptide,,joint,ridge,naive,HLA-B*39:10,0.36849593820723403,-0.06637666131337017,0.46153846153846156,78
by_peptide,,joint,ridge,naive,HLA-B*40:01,0.10814052275674468,-0.11792207792207793,0.9210526315789473,76
by_peptide,,joint,ridge,naive,HLA-B*41:01,0.21959385350611174,0.07010154438893787,0.6707317073170732,82
by_peptide,,joint,ridge,naive,HLA-B*42:01,0.46214742315706636,0.10077922077922077,0.7105263157894737,76
by_peptide,,joint,ridge,naive,HLA-B*42:02,0.3372694637836922,-0.01874391431353457,0.5949367088607594,79
by_peptide,,joint,ridge,naive,HLA-B*44:05,0.2450723738937509,-0.10061517429938484,0.7894736842105263,76
by_peptide,,joint,ridge,naive,HLA-B*45:01,0.2467432757277277,0.03333176093211944,0.6744186046511628,86
by_peptide,,joint,ridge,naive,HLA-B*46:01,0.03078339962192682,0.18131060828680573,0.6144578313253012,83
by_peptide,,joint,ridge,naive,HLA-B*51:01,0.026847892101567863,0.10563988646180429,0.273972602739726,73
by_peptide,,joint,ridge,naive,HLA-B*54:01,0.09007423485027691,0.027209632472790367,0.36363636363636365,77
by_peptide,,joint,ridge,naive,HLA-B*55:01,0.41023060445688775,0.011798328254024455,0.6153846153846154,78
by_peptide,,joint,ridge,naive,HLA-B*56:01,0.38985437707842685,0.0723444976076555,0.4868421052631579,76
by_peptide,,joint,ridge,naive,HLA-B*57:01,0.5859848036667804,-0.21395688710266716,0.7681159420289855,69
by_peptide,,joint,ridge,naive,HLA-B*57:02,0.31772226530401565,0.24528037791969207,0.8428571428571429,70
by_peptide,,joint,ridge,naive,HLA-B*57:03,0.4571042844145156,0.02797607563187344,0.9166666666666666,72
by_peptide,,joint,ridge,naive,HLA-B*58:01,0.30335150868846794,0.09092460881934566,0.5066666666666667,75
by_peptide,,joint,ridge,naive,HLA-B*81:01,0.2137512164988891,-0.007152906330988521,0.7702702702702703,74
by_peptide,,joint,ridge,tobit,HLA-A*01:01,-0.36972453085318235,0.21081198436821533,0.5833333333333334,48
by_peptide,,joint,ridge,tobit,HLA-A*02:01,0.1932855756119422,-0.050622093753927365,0.7534246575342466,219
by_peptide,,joint,ridge,tobit,HLA-A*02:03,0.5373632144931364,-0.12950340798442064,0.8481012658227848,79
by_peptide,,joint,ridge,tobit,HLA-A*02:10,0.505573166301801,0.03621621621621622,0.8133333333333334,75
by_peptide,,joint,ridge,tobit,HLA-A*02:11,0.24704056583274536,-0.08067185978578384,0.810126582278481,79
by_peptide,,joint,ridge,tobit,HLA-A*02:12,0.4367231338247148,-0.07292707292707293,0.8441558441558441,77
by_peptide,,joint,ridge,tobit,HLA-A*02:16,0.3247705967643819,0.010252904989747093,0.8961038961038961,77
by_peptide,,joint,ridge,tobit,HLA-A*02:19,0.34234543186049604,0.1160310995927434,0.8378378378378378,74
by_peptide,,joint,ridge,tobit,HLA-A*02:50,0.367893569318889,-0.12593735378545506,0.9102564102564102,78
by_peptide,,joint,ridge,tobit,HLA-A*03:01,0.5509564393220333,-0.013295098124498866,0.6645962732919255,161
by_peptide,,joint,ridge,tobit,HLA-A*11:01,0.4911492063681334,-0.05367795488857852,0.5882352941176471,102
by_peptide,,joint,ridge,tobit,HLA-A*23:01,0.4682590185483029,-0.0181079789775442,0.8351648351648352,91
by_peptide,,joint,ridge,tobit,HLA-A*24:02,0.3614934734441759,-0.09168233533033068,0.7049180327868853,122
by_peptide,,joint,ridge,tobit,HLA-A*24:03,0.4118502490980183,-0.024457002268096724,0.75,116
by_peptide,,joint,ridge,tobit,HLA-A*24:07,0.42527102392968064,-0.0040062536642564,0.8,85
by_peptide,,joint,ridge,tobit,HLA-A*24:19,0.29011976137603007,-0.05589036431733062,0.7528089887640449,89
by_peptide,,joint,ridge,tobit,HLA-A*25:01,0.18247632739041894,-0.15901572112098428,0.6842105263157895,76
by_peptide,,joint,ridge,tobit,HLA-A*26:01,0.20813553084323855,-0.16691729323308271,0.6964285714285714,56
by_peptide,,joint,ridge,tobit,HLA-A*26:02,0.0733018059092261,-0.06788217891825842,0.6666666666666666,72
by_peptide,,joint,ridge,tobit,HLA-A*26:03,0.1430608859825778,-0.10833494115377197,0.6111111111111112,72
by_peptide,,joint,ridge,tobit,HLA-A*29:02,0.045069082111104504,0.13886534518113464,0.618421052631579,76
by_peptide,,joint,ridge,tobit,HLA-A*30:01,0.26982808434097977,0.011655096821337233,0.6521739130434783,69
by_peptide,,joint,ridge,tobit,HLA-A*30:02,0.10755598557609286,0.054761904761904755,0.7605633802816901,71
by_peptide,,joint,ridge,tobit,HLA-A*31:01,0.5775125607838621,0.17216058743714582,0.5970149253731343,67
by_peptide,,joint,ridge,tobit,HLA-A*32:07,0.30270353738568007,-0.052882548368184484,0.5058823529411764,85
by_peptide,,joint,ridge,tobit,HLA-A*33:03,0.06965140284898091,0.09708798664022546,0.42424242424242425,66
by_peptide,,joint,ridge,tobit,HLA-A*43:01,-0.027897214355561525,-0.05401381837614993,0.8235294117647058,68
by_peptide,,joint,ridge,tobit,HLA-A*66:01,0.05852491826641912,0.13377085578084696,0.8536585365853658,82
by_peptide,,joint,ridge,tobit,HLA-A*68:01,-0.03851569241884492,0.23052929448839155,0.4861111111111111,72
by_peptide,,joint,ridge,tobit,HLA-A*68:23,0.12652328941970023,0.16429254955570743,0.7631578947368421,76
by_peptide,,joint,ridge,tobit,HLA-A*74:01,0.48739087219056626,0.03846153846153846,0.5,64
by_peptide,,joint,ridge,tobit,HLA-A*80:01,0.15378347622868074,-0.04637826961770623,0.8732394366197183,71
by_peptide,,joint,ridge,tobit,HLA-B*07:02,0.34814176712518735,0.019904978811581757,0.9051094890510949,137
by_peptide,,joint,ridge,tobit,HLA-B*08:01,0.05333072660682428,0.14363561881353185,0.9074074074074074,108
by_peptide,,joint,ridge,tobit,HLA-B*08:03,0.16543381117288852,0.14750830564784054,0.8235294117647058,85
by_peptide,,joint,ridge,tobit,HLA-B*14:01(C67S),0.07387495283778017,0.24262182566918322,0.7311827956989247,93
by_peptide,,joint,ridge,tobit,HLA-B*14:02(C67S),0.15921100528797222,0.26846078820937036,0.648936170212766,94
by_peptide,,joint,ridge,tobit,HLA-B*15:01,0.162388125918331,0.1345385587863464,0.9244444444444444,225
by_peptide,,joint,ridge,tobit,HLA-B*15:02,-0.07642285157039536,0.025683177581911756,0.717948717948718,78
by_peptide,,joint,ridge,tobit,HLA-B*15:10,0.17098723099549315,0.13236130957649944,0.7692307692307693,78
by_peptide,,joint,ridge,tobit,HLA-B*15:17,0.03888444913678729,0.06167468838701715,0.821917808219178,73
by_peptide,,joint,ridge,tobit,HLA-B*18:01,0.17471395460819694,-0.17522583559168925,0.7654320987654321,81
by_peptide,,joint,ridge,tobit,HLA-B*27:02,0.20285004050899877,-0.12702665755297335,0.5,76
by_peptide,,joint,ridge,tobit,HLA-B*27:03,0.47836754734643844,-0.15095149944465008,0.6486486486486487,74
by_peptide,,joint,ridge,tobit,HLA-B*27:05,0.44137587604577655,0.04653622421998942,0.7049180327868853,61
by_peptide,,joint,ridge,tobit,HLA-B*27:20,0.041232801561325944,0.03989263235838579,0.6712328767123288,73
by_peptide,,joint,ridge,tobit,HLA-B*35:01,0.0820672589505718,0.027524033965510793,0.7686567164179104,134
by_peptide,,joint,ridge,tobit,HLA-B*35:03,-0.02695397286385083,0.1599453178400547,0.8311688311688312,77
by_peptide,,joint,ridge,tobit,HLA-B*39:01,0.19966491541240763,0.06485681901978725,0.823076923076923,130
by_peptide,,joint,ridge,tobit,HLA-B*39:02,-0.026930966623238923,0.12667472056246665,0.7317073170731707,82
by_peptide,,joint,ridge,tobit,HLA-B*39:06(C67S),0.2400845670085104,-0.07848117207505982,0.8795180722891566,83
by_peptide,,joint,ridge,tobit,HLA-B*39:10,0.3112072650680966,0.27363775465041285,0.5256410256410257,78
by_peptide,,joint,ridge,tobit,HLA-B*40:01,0.03313387264706338,0.1029665071770335,0.9210526315789473,76
by_peptide,,joint,ridge,tobit,HLA-B*41:01,0.2239891396624494,0.04765947257866154,0.8292682926829268,82
by_peptide,,joint,ridge,tobit,HLA-B*42:01,0.3264058883769311,0.18406015037593987,0.6973684210526315,76
by_peptide,,joint,ridge,tobit,HLA-B*42:02,0.24456240111780853,-0.09700584225900682,0.7341772151898734,79
by_peptide,,joint,ridge,tobit,HLA-B*44:05,0.19814449423056096,0.0989747095010253,0.8947368421052632,76
by_peptide,,joint,ridge,tobit,HLA-B*45:01,0.27867175343576694,0.0799377329119298,0.7558139534883721,86
by_peptide,,joint,ridge,tobit,HLA-B*46:01,-0.06062577472976101,-0.005856177322530539,0.7108433734939759,83
by_peptide,,joint,ridge,tobit,HLA-B*51:01,0.08000252893464598,-0.028137726767863757,0.684931506849315,73
by_peptide,,joint,ridge,tobit,HLA-B*54:01,0.1265328537182461,-0.16233766233766234,0.7272727272727273,77
by_peptide,,joint,ridge,tobit,HLA-B*55:01,0.4886511521350476,-0.048167022850567155,0.7435897435897436,78
by_peptide,,joint,ridge,tobit,HLA-B*56:01,0.4934136634890591,-0.15696514012303484,0.7368421052631579,76
by_peptide,,joint,ridge,tobit,HLA-B*57:01,0.5919166022229724,-0.03737668980635733,0.7971014492753623,69
by_peptide,,joint,ridge,tobit,HLA-B*57:02,0.4210380372007139,0.07931064648762139,0.8571428571428571,70
by_peptide,,joint,ridge,tobit,HLA-B*57:03,0.44114906097541645,-0.09675863399575536,0.9861111111111112,72
by_peptide,,joint,ridge,tobit,HLA-B*58:01,0.38599933226390115,-0.06455192034139402,0.6266666666666667,75
by_peptide,,joint,ridge,tobit,HLA-B*81:01,0.10725488985968196,0.1366160681229174,0.8378378378378378,74
by_peptide,,joint,mlp,naive,HLA-A*01:01,0.21747542604286715,0.013569257490230134,0.4583333333333333,48
by_peptide,,joint,mlp,naive,HLA-A*02:01,0.5073299291292923,0.08301209912369897,0.5707762557077626,219
by_peptide,,joint,mlp,naive,HLA-A*02:03,0.4747726819664362,-0.049269717624148,0.6708860759493671,79
by_peptide,,joint,mlp,naive,HLA-A*02:10,0.3976854811063581,0.09960170697012802,0.49333333333333335,75
by_peptide,,joint,mlp,naive,HLA-A*02:11,0.3044703460544203,-0.063047711781889,0.6962025316455697,79
by_peptide,,joint,mlp,naive,HLA-A*02:12,0.43581603279419384,0.048767022451232975,0.6103896103896104,77
by_peptide,,joint,mlp,naive,HLA-A*02:16,0.4045565727910591,-0.05144855144855144,0.7142857142857143,77
by_peptide,,joint,mlp,naive,HLA-A*02:19,0.37486298878350394,-0.0151795631247686,0.581081081081081,74
by_peptide,,joint,mlp,naive,HLA-A*02:50,0.33238275351168267,0.3205528648566623,0.717948717948718,78
by_peptide,,joint,mlp,naive,HLA-A*03:01,0.6530195050858815,0.0157637451115712,0.5714285714285714,161
by_peptide,,joint,mlp,naive,HLA-A*11:01,0.6592794710211536,0.08651916019700198,0.6078431372549019,102
by_peptide,,joint,mlp,naive,HLA-A*23:01,0.5374085726865663,-0.1411211976429368,0.5824175824175825,91
by_peptide,,joint,mlp,naive,HLA-A*24:02,0.5909208550330464,0.11318117381146715,0.5737704918032787,122
by_peptide,,joint,mlp,naive,HLA-A*24:03,0.461908885047449,0.011202091262061278,0.5086206896551724,116
by_peptide,,joint,mlp,naive,HLA-A*24:07,0.5355685104765411,-0.009458667187805355,0.6,85
by_peptide,,joint,mlp,naive,HLA-A*24:19,0.20663057352389497,-0.037487231869254345,0.6853932584269663,89
by_peptide,,joint,mlp,naive,HLA-A*25:01,0.37354091866881456,-0.03526999316473001,0.4342105263157895,76
by_peptide,,joint,mlp,naive,HLA-A*26:01,0.4223502677853638,0.020164046479835954,0.5535714285714286,56
by_peptide,,joint,mlp,naive,HLA-A*26:02,0.41225824540467865,-0.12843269663643966,0.5416666666666666,72
by_peptide,,joint,mlp,naive,HLA-A*26:03,0.33250524286544475,-0.17139365875619014,0.4305555555555556,72
by_peptide,,joint,mlp,naive,HLA-A*29:02,0.41305567326067255,-0.062064251537935745,0.5,76
by_peptide,,joint,mlp,naive,HLA-A*30:01,0.5752170498492017,-0.05381804895871393,0.4927536231884058,69
by_peptide,,joint,mlp,naive,HLA-A*30:02,0.25391147329498387,-0.06727028839704895,0.6056338028169014,71
by_peptide,,joint,mlp,naive,HLA-A*31:01,0.7155165995094649,-0.03950834064969272,0.417910447761194,67
by_peptide,,joint,mlp,naive,HLA-A*32:07,0.5431049458482298,0.062302130154387333,0.4235294117647059,85
by_peptide,,joint,mlp,naive,HLA-A*33:03,0.591366367232388,0.15537000313119717,0.36363636363636365,66
by_peptide,,joint,mlp,naive,HLA-A*43:01,0.091989077218304,0.049967553536664495,0.5588235294117647,68
by_peptide,,joint,mlp,naive,HLA-A*66:01,0.1117487069210892,-0.22427923074411468,0.573170731707317,82
by_peptide,,joint,mlp,naive,HLA-A*68:01,0.48572297148181764,-0.05871760241816196,0.3611111111111111,72
by_peptide,,joint,mlp,naive,HLA-A*68:23,0.3805583314576921,0.012576896787423105,0.5394736842105263,76
by_peptide,,joint,mlp,naive,HLA-A*74:01,0.7404428721157668,-0.038507326007326,0.484375,64
by_peptide,,joint,mlp,naive,HLA-A*80:01,0.2957908225550109,0.1777330650570087,0.647887323943662,71
by_peptide,,joint,mlp,naive,HLA-B*07:02,0.6018911599178486,0.010892900479772993,0.6934306569343066,137
by_peptide,,joint,mlp,naive,HLA-B*08:01,0.22182378758174112,0.0973544066230339,0.6759259259259259,108
by_peptide,,joint,mlp,naive,HLA-B*08:03,0.18055734946634977,0.07019738127809264,0.5529411764705883,85
by_peptide,,joint,mlp,naive,HLA-B*14:01(C67S),0.10474692029729989,0.01959058219689057,0.7849462365591398,93
by_peptide,,joint,mlp,naive,HLA-B*14:02(C67S),0.2922247605202679,0.04467001408806849,0.6595744680851063,94
by_peptide,,joint,mlp,naive,HLA-B*15:01,0.43608791853395495,0.06952275600505689,0.8088888888888889,225
by_peptide,,joint,mlp,naive,HLA-B*15:02,0.22605889643640023,0.009876199749617471,0.6153846153846154,78
by_peptide,,joint,mlp,naive,HLA-B*15:10,0.482303056548385,0.09462689209524652,0.6282051282051282,78
by_peptide,,joint,mlp,naive,HLA-B*15:17,0.32505113974592365,0.0019745773170430705,0.6986301369863014,73
by_peptide,,joint,mlp,naive,HLA-B*18:01,0.483744985560494,0.005939476061427281,0.6172839506172839,81
by_peptide,,joint,mlp,naive,HLA-B*27:02,0.6776625000732414,-0.22892686261107315,0.4342105263157895,76
by_peptide,,joint,mlp,naive,HLA-B*27:03,0.6095103351299531,-0.1283228433913365,0.5135135135135135,74
by_peptide,,joint,mlp,naive,HLA-B*27:05,0.4999094993141954,0.00898995240613432,0.5573770491803278,61
by_peptide,,joint,mlp,naive,HLA-B*27:20,0.610485351715121,0.11338393187708258,0.5616438356164384,73
by_peptide,,joint,mlp,naive,HLA-B*35:01,0.3567278836554642,-0.028521552637813443,0.5970149253731343,134
by_peptide,,joint,mlp,naive,HLA-B*35:03,0.5493795845353842,-0.11556864188443135,0.7272727272727273,77
by_peptide,,joint,mlp,naive,HLA-B*39:01,0.49755168930953936,-0.11960015840718839,0.6923076923076923,130
by_peptide,,joint,mlp,naive,HLA-B*39:02,0.30812868419438255,0.18742721563761824,0.4634146341463415,82
by_peptide,,joint,mlp,naive,HLA-B*39:06(C67S),0.20598001523267287,0.012258091599848872,0.8313253012048193,83
by_peptide,,joint,mlp,naive,HLA-B*39:10,0.6207686677034666,-0.028490496844927223,0.5769230769230769,78
by_peptide,,joint,mlp,naive,HLA-B*40:01,0.1653132323180686,-0.11289131920710867,0.8421052631578947,76
by_peptide,,joint,mlp,naive,HLA-B*41:01,0.40787281506180656,0.30359922073116313,0.5609756097560976,82
by_peptide,,joint,mlp,naive,HLA-B*42:01,0.659415640704185,0.20237867395762132,0.6973684210526315,76
by_peptide,,joint,mlp,naive,HLA-B*42:02,0.6386039738605376,0.24761441090555014,0.5949367088607594,79
by_peptide,,joint,mlp,naive,HLA-B*44:05,0.21209159133325725,0.054846206425153796,0.6578947368421053,76
by_peptide,,joint,mlp,naive,HLA-B*45:01,0.4637988723647439,0.025803103919996226,0.627906976744186,86
by_peptide,,joint,mlp,naive,HLA-B*46:01,0.09874267573737523,0.0316317534948155,0.4457831325301205,83
by_peptide,,joint,mlp,naive,HLA-B*51:01,0.4727707813958144,0.12942737257805753,0.3972602739726027,73
by_peptide,,joint,mlp,naive,HLA-B*54:01,0.5703299825067019,0.09461591040538408,0.5194805194805194,77
by_peptide,,joint,mlp,naive,HLA-B*55:01,0.643546399200138,-0.07191542634580608,0.6282051282051282,78
by_peptide,,joint,mlp,naive,HLA-B*56:01,0.6425744254245584,0.11811346548188653,0.6447368421052632,76
by_peptide,,joint,mlp,naive,HLA-B*57:01,0.7142507934343144,0.16832298136645965,0.7681159420289855,69
by_peptide,,joint,mlp,naive,HLA-B*57:02,0.5684994126485267,0.21406701076021345,0.7571428571428571,70
by_peptide,,joint,mlp,naive,HLA-B*57:03,0.5661370058798921,-0.12161553797671878,0.9027777777777778,72
by_peptide,,joint,mlp,naive,HLA-B*58:01,0.5266120483504142,0.1701564722617354,0.5466666666666666,75
by_peptide,,joint,mlp,naive,HLA-B*81:01,0.5229177871025986,-0.20148093298778227,0.7297297297297297,74
by_peptide,,joint,mlp,tobit,HLA-A*01:01,0.2538934553977087,-0.06089882761615284,0.5416666666666666,48
by_peptide,,joint,mlp,tobit,HLA-A*02:01,0.45568937283628835,0.004649993716224708,0.6621004566210046,219
by_peptide,,joint,mlp,tobit,HLA-A*02:03,0.46288023733816186,0.007083739045764362,0.759493670886076,79
by_peptide,,joint,mlp,tobit,HLA-A*02:10,0.4038635066209144,-0.1842674253200569,0.6933333333333334,75
by_peptide,,joint,mlp,tobit,HLA-A*02:11,0.2912266832987649,0.037682570593963,0.8354430379746836,79
by_peptide,,joint,mlp,tobit,HLA-A*02:12,0.39786239982152827,0.2576370997423629,0.7142857142857143,77
by_peptide,,joint,mlp,tobit,HLA-A*02:16,0.3510372601523043,0.004048582995951416,0.7922077922077922,77
by_peptide,,joint,mlp,tobit,HLA-A*02:19,0.3597671388953285,0.14253980007404662,0.7162162162162162,74
by_peptide,,joint,mlp,tobit,HLA-A*02:50,0.29952766110886136,0.043538739741271384,0.8205128205128205,78
by_peptide,,joint,mlp,tobit,HLA-A*03:01,0.6463142845893084,0.08613699102829539,0.6583850931677019,161
by_peptide,,joint,mlp,tobit,HLA-A*11:01,0.645257302871684,0.1659532600890015,0.7156862745098039,102
by_peptide,,joint,mlp,tobit,HLA-A*23:01,0.5263204285372214,-0.05884695015129798,0.7472527472527473,91
by_peptide,,joint,mlp,tobit,HLA-A*24:02,0.5914863706765395,-0.02799871786822461,0.7049180327868853,122
by_peptide,,joint,mlp,tobit,HLA-A*24:03,0.45539656673079226,-0.10048052896628609,0.6551724137931034,116
by_peptide,,joint,mlp,tobit,HLA-A*24:07,0.5381319755235806,0.03844049247606019,0.7764705882352941,85
by_peptide,,joint,mlp,tobit,HLA-A*24:19,0.18091907239698954,-0.055686074225400076,0.7191011235955056,89
by_peptide,,joint,mlp,tobit,HLA-A*25:01,0.31364506211890286,-0.03395762132604238,0.5921052631578947,76
by_peptide,,joint,mlp,tobit,HLA-A*26:01,0.41043227616777234,-0.041626794258373206,0.625,56
by_peptide,,joint,mlp,tobit,HLA-A*26:02,0.35729799418143865,0.008778699594829251,0.6805555555555556,72
by_peptide,,joint,mlp,tobit,HLA-A*26:03,0.2849880633246597,-0.06411987909190303,0.5555555555555556,72
by_peptide,,joint,mlp,tobit,HLA-A*29:02,0.39577827908563795,0.021681476418318524,0.6052631578947368,76
by_peptide,,joint,mlp,tobit,HLA-A*30:01,0.6126747568891657,-0.08717573986116187,0.6521739130434783,69
by_peptide,,joint,mlp,tobit,HLA-A*30:02,0.23738638204439005,-0.029946344735077127,0.704225352112676,71
by_peptide,,joint,mlp,tobit,HLA-A*31:01,0.7140790574394065,-0.15388299145981327,0.5671641791044776,67
by_peptide,,joint,mlp,tobit,HLA-A*32:07,0.5377870741425906,0.04809458667187806,0.5058823529411764,85
by_peptide,,joint,mlp,tobit,HLA-A*33:03,0.6458545298959231,0.07608809101346416,0.5757575757575758,66
by_peptide,,joint,mlp,tobit,HLA-A*43:01,0.12942446354254952,0.08256670611138679,0.6911764705882353,68
by_peptide,,joint,mlp,tobit,HLA-A*66:01,0.11183817746305966,-0.08636170699056389,0.7439024390243902,82
by_peptide,,joint,mlp,tobit,HLA-A*68:01,0.46913509215098764,-0.06254421506206188,0.4444444444444444,72
by_peptide,,joint,mlp,tobit,HLA-A*68:23,0.3813545934787796,0.08363636363636363,0.6578947368421053,76
by_peptide,,joint,mlp,tobit,HLA-A*74:01,0.7279062246283192,0.04656593406593406,0.640625,64
by_peptide,,joint,mlp,tobit,HLA-A*80:01,0.3166592201959206,0.11384976525821595,0.8169014084507042,71
by_peptide,,joint,mlp,tobit,HLA-B*07:02,0.5624534259751331,0.06337857262867062,0.7591240875912408,137
by_peptide,,joint,mlp,tobit,HLA-B*08:01,0.26799486172931747,-0.06890737088799337,0.6944444444444444,108
by_peptide,,joint,mlp,tobit,HLA-B*08:03,0.2652049195157891,0.18915380105530583,0.6588235294117647,85
by_peptide,,joint,mlp,tobit,HLA-B*14:01(C67S),0.19427562592990708,-0.26270478350392407,0.45161290322580644,93
by_peptide,,joint,mlp,tobit,HLA-B*14:02(C67S),0.38806444817895774,-0.29503305277607195,0.5212765957446809,94
by_peptide,,joint,mlp,tobit,HLA-B*15:01,0.4344114840569589,0.0004129793510324485,0.8666666666666667,225
by_peptide,,joint,mlp,tobit,HLA-B*15:02,0.21452696216058859,0.07100494442266594,0.7051282051282052,78
by_peptide,,joint,mlp,tobit,HLA-B*15:10,0.4788228870067634,0.05180895054312776,0.8076923076923077,78
by_peptide,,joint,mlp,tobit,HLA-B*15:17,0.3223023581945542,0.3132173269159571,0.7123287671232876,73
by_peptide,,joint,mlp,tobit,HLA-B*18:01,0.4402049972607356,-0.037420957542908764,0.7283950617283951,81
by_peptide,,joint,mlp,tobit,HLA-B*27:02,0.6220114069162045,-0.17419002050580998,0.5789473684210527,76
by_peptide,,joint,mlp,tobit,HLA-B*27:03,0.6312243420875604,-0.14280636801184743,0.6621621621621622,74
by_peptide,,joint,mlp,tobit,HLA-B*27:05,0.4649537605431143,-0.12427287149656265,0.6229508196721312,61
by_peptide,,joint,mlp,tobit,HLA-B*27:20,0.6253927151810027,0.10076514871035419,0.7534246575342466,73
by_peptide,,joint,mlp,tobit,HLA-B*35:01,0.2950887086240927,0.07866182870110601,0.6865671641791045,134
by_peptide,,joint,mlp,tobit,HLA-B*35:03,0.544380799914465,-0.07734370892265628,0.8181818181818182,77
by_peptide,,joint,mlp,tobit,HLA-B*39:01,0.5708902013894932,-0.147813024894509,0.8076923076923077,130
by_peptide,,joint,mlp,tobit,HLA-B*39:02,0.325387645779847,-0.02273593017054669,0.6463414634146342,82
by_peptide,,joint,mlp,tobit,HLA-B*39:06(C67S),0.25631702194027933,-0.047835943075437634,0.20481927710843373,83
by_peptide,,joint,mlp,tobit,HLA-B*39:10,0.5754947903232333,0.08987215316329239,0.6923076923076923,78
by_peptide,,joint,mlp,tobit,HLA-B*40:01,0.18006527069793105,-0.1371155160628845,0.9473684210526315,76
by_peptide,,joint,mlp,tobit,HLA-B*41:01,0.46501153509419635,-0.14711420206571543,0.6219512195121951,82
by_peptide,,joint,mlp,tobit,HLA-B*42:01,0.6321798291326671,0.1098838004101162,0.8421052631578947,76
by_peptide,,joint,mlp,tobit,HLA-B*42:02,0.6302447408178461,0.09184518013631937,0.759493670886076,79
by_peptide,,joint,mlp,tobit,HLA-B*44:05,0.19821286235361338,-0.20973342447026658,0.7894736842105263,76
by_peptide,,joint,mlp,tobit,HLA-B*45:01,0.42669217609023713,-0.07205056842303882,0.7093023255813954,86
by_peptide,,joint,mlp,tobit,HLA-B*46:01,0.1208297108842391,-0.023592628353133787,0.6024096385542169,83
by_peptide,,joint,mlp,tobit,HLA-B*51:01,0.461214666590068,-0.008916450697272616,0.6438356164383562,73
by_peptide,,joint,mlp,tobit,HLA-B*54:01,0.5980559141179448,-0.1540301803459698,0.6883116883116883,77
by_peptide,,joint,mlp,tobit,HLA-B*55:01,0.6105957476214474,-0.10299826755522958,0.6282051282051282,78
by_peptide,,joint,mlp,tobit,HLA-B*56:01,0.6276988372230891,-0.11376623376623377,0.7368421052631579,76
by_peptide,,joint,mlp,tobit,HLA-B*57:01,0.7004648541972386,0.150383631713555,0.7971014492753623,69
by_peptide,,joint,mlp,tobit,HLA-B*57:02,0.5289592409633158,-0.022727670370046364,0.8571428571428571,70
by_peptide,,joint,mlp,tobit,HLA-B*57:03,0.5064175052454412,-0.03640105473020774,0.9166666666666666,72
by_peptide,,joint,mlp,tobit,HLA-B*58:01,0.4682329168342035,0.23749644381223328,0.6266666666666667,75
by_peptide,,joint,mlp,tobit,HLA-B*81:01,0.5012912984247485,-0.11386893743058124,0.8108108108108109,74
by_peptide,,joint,mlp,twopart,HLA-A*01:01,0.13284427424363093,-0.1028006947459835,0.4375,48
by_peptide,,joint,mlp,twopart,HLA-A*02:01,0.5536273738513431,0.11166497195151212,0.5251141552511416,219
by_peptide,,joint,mlp,twopart,HLA-A*02:03,0.4031623935855382,0.028894839337877315,0.569620253164557,79
by_peptide,,joint,mlp,twopart,HLA-A*02:10,0.3936000126209257,-0.04628733997155049,0.4666666666666667,75
by_peptide,,joint,mlp,twopart,HLA-A*02:11,0.29771461735093796,-0.1519717624148004,0.7088607594936709,79
by_peptide,,joint,mlp,twopart,HLA-A*02:12,0.4085898554868192,0.019927440980072555,0.5974025974025974,77
by_peptide,,joint,mlp,twopart,HLA-A*02:16,0.4223700507142998,-0.019822282980177717,0.6363636363636364,77
by_peptide,,joint,mlp,twopart,HLA-A*02:19,0.3411899104755327,-0.20583487597186223,0.5540540540540541,74
by_peptide,,joint,mlp,twopart,HLA-A*02:50,0.3468880618203955,0.02072610933370427,0.7307692307692307,78
by_peptide,,joint,mlp,twopart,HLA-A*03:01,0.6173362464501481,0.26765297906602253,0.5962732919254659,161
by_peptide,,joint,mlp,twopart,HLA-A*11:01,0.640307969620056,0.24165540483231648,0.5588235294117647,102
by_peptide,,joint,mlp,twopart,HLA-A*23:01,0.5668973008768499,0.09084249084249085,0.5054945054945055,91
by_peptide,,joint,mlp,twopart,HLA-A*24:02,0.644383579551824,0.0706857752766662,0.5655737704918032,122
by_peptide,,joint,mlp,twopart,HLA-A*24:03,0.5425661797542203,0.0217429746665129,0.4396551724137931,116
by_peptide,,joint,mlp,twopart,HLA-A*24:07,0.5898807031334756,0.09374633574359977,0.5529411764705883,85
by_peptide,,joint,mlp,twopart,HLA-A*24:19,0.28222376454636755,0.0688287368062649,0.6966292134831461,89
by_peptide,,joint,mlp,twopart,HLA-A*25:01,0.3703220540129008,0.10400546821599455,0.5394736842105263,76
by_peptide,,joint,mlp,twopart,HLA-A*26:01,0.48527176819869927,0.03171565276828435,0.5357142857142857,56
by_peptide,,joint,mlp,twopart,HLA-A*26:02,0.41087336945823894,0.04736639012155123,0.5138888888888888,72
by_peptide,,joint,mlp,twopart,HLA-A*26:03,0.3711170588823343,0.1944819602546788,0.4722222222222222,72
by_peptide,,joint,mlp,twopart,HLA-A*29:02,0.4222693707882465,-0.02498974709501025,0.4473684210526316,76
by_peptide,,joint,mlp,twopart,HLA-A*30:01,0.5974449025518745,0.14501278772378517,0.6086956521739131,69
by_peptide,,joint,mlp,twopart,HLA-A*30:02,0.24034509624592057,0.04989939637826961,0.5915492957746479,71
by_peptide,,joint,mlp,twopart,HLA-A*31:01,0.6334369404815492,0.3668688642349749,0.5074626865671642,67
by_peptide,,joint,mlp,twopart,HLA-A*32:07,0.5054053869536053,0.3488567520031269,0.49411764705882355,85
by_peptide,,joint,mlp,twopart,HLA-A*33:03,0.5946326286703371,0.22170963364993218,0.6212121212121212,66
by_peptide,,joint,mlp,twopart,HLA-A*43:01,0.13089783970031374,-0.06844295148299423,0.5441176470588235,68
by_peptide,,joint,mlp,twopart,HLA-A*66:01,0.114555845175412,0.13779780368084804,0.6219512195121951,82
by_peptide,,joint,mlp,twopart,HLA-A*68:01,0.4611982301228312,0.29178725319956267,0.5138888888888888,72
by_peptide,,joint,mlp,twopart,HLA-A*68:23,0.4097454531272106,0.0896514012303486,0.5789473684210527,76
by_peptide,,joint,mlp,twopart,HLA-A*74:01,0.7256560571305722,-0.03296703296703296,0.5,64
by_peptide,,joint,mlp,twopart,HLA-A*80:01,0.3084798307443654,0.5097920858484238,0.7183098591549296,71
by_peptide,,joint,mlp,twopart,HLA-B*07:02,0.5345524080940314,0.2082438814942035,0.7226277372262774,137
by_peptide,,joint,mlp,twopart,HLA-B*08:01,0.23076370402849758,-0.12804024121866872,0.6296296296296297,108
by_peptide,,joint,mlp,twopart,HLA-B*08:03,0.24724571779230392,0.17281610318546023,0.6941176470588235,85
by_peptide,,joint,mlp,twopart,HLA-B*14:01(C67S),0.11712132717111569,0.8108083912745068,0.8602150537634409,93
by_peptide,,joint,mlp,twopart,HLA-B*14:02(C67S),0.28660432818290893,0.7672217606473287,0.7659574468085106,94
by_peptide,,joint,mlp,twopart,HLA-B*15:01,0.41364835308951164,0.16586493889591236,0.8177777777777778,225
by_peptide,,joint,mlp,twopart,HLA-B*15:02,0.21011209623321514,0.3494859570808938,0.782051282051282,78
by_peptide,,joint,mlp,twopart,HLA-B*15:10,0.41834697379997754,0.016502484856915235,0.6282051282051282,78
by_peptide,,joint,mlp,twopart,HLA-B*15:17,0.40487390288653263,0.07972355917561398,0.684931506849315,73
by_peptide,,joint,mlp,twopart,HLA-B*18:01,0.49874824821273483,0.17962962962962964,0.6172839506172839,81
by_peptide,,joint,mlp,twopart,HLA-B*27:02,0.6175382037218548,0.08948735475051264,0.6447368421052632,76
by_peptide,,joint,mlp,twopart,HLA-B*27:03,0.6075168175420372,0.2537282487967419,0.6216216216216216,74
by_peptide,,joint,mlp,twopart,HLA-B*27:05,0.4704437741437318,0.04944473823373876,0.6065573770491803,61
by_peptide,,joint,mlp,twopart,HLA-B*27:20,0.5963101158175741,0.2155683080340615,0.7397260273972602,73
by_peptide,,joint,mlp,twopart,HLA-B*35:01,0.4047425040014618,0.1532063990822828,0.6268656716417911,134
by_peptide,,joint,mlp,twopart,HLA-B*35:03,0.520399788430424,0.08107681791892317,0.7272727272727273,77
by_peptide,,joint,mlp,twopart,HLA-B*39:01,0.43782507286461303,0.01676111922872086,0.6538461538461539,130
by_peptide,,joint,mlp,twopart,HLA-B*39:02,0.29364250960620336,-0.24534996353979602,0.5365853658536586,82
by_peptide,,joint,mlp,twopart,HLA-B*39:06(C67S),0.3292810870376241,0.9395911170815665,0.9036144578313253,83
by_peptide,,joint,mlp,twopart,HLA-B*39:10,0.6398353509625917,0.1121789602802261,0.5897435897435898,78
by_peptide,,joint,mlp,twopart,HLA-B*40:01,0.15719070793621306,0.046343130553656874,0.8947368421052632,76
by_peptide,,joint,mlp,twopart,HLA-B*41:01,0.43607082818667653,0.4318085349528194,0.6463414634146342,82
by_peptide,,joint,mlp,twopart,HLA-B*42:01,0.6350920921169709,0.10545454545454545,0.6052631578947368,76
by_peptide,,joint,mlp,twopart,HLA-B*42:02,0.6502654695192193,-0.047395326192794546,0.6075949367088608,79
by_peptide,,joint,mlp,twopart,HLA-B*44:05,0.19915634245173697,-0.011428571428571429,0.6710526315789473,76
by_peptide,,joint,mlp,twopart,HLA-B*45:01,0.44528035529408105,0.4748242841643474,0.8255813953488372,86
by_peptide,,joint,mlp,twopart,HLA-B*46:01,0.08591445649928486,0.022711053272322736,0.6506024096385542,83
by_peptide,,joint,mlp,twopart,HLA-B*51:01,0.41001514283590773,0.3677958780698507,0.6438356164383562,73
by_peptide,,joint,mlp,twopart,HLA-B*54:01,0.6007051563194237,0.27086071822913926,0.6363636363636364,77
by_peptide,,joint,mlp,twopart,HLA-B*55:01,0.6070188206155106,0.5856548514776362,0.7564102564102564,78
by_peptide,,joint,mlp,twopart,HLA-B*56:01,0.6144727598100891,0.5996172248803827,0.7368421052631579,76
by_peptide,,joint,mlp,twopart,HLA-B*57:01,0.7101314888814033,0.5060284983558642,0.8260869565217391,69
by_peptide,,joint,mlp,twopart,HLA-B*57:02,0.5759066281590867,0.10849444493045228,0.7428571428571429,70
by_peptide,,joint,mlp,twopart,HLA-B*57:03,0.6399620820749178,-0.0641520355006753,0.9027777777777778,72
by_peptide,,joint,mlp,twopart,HLA-B*58:01,0.4541345065561266,0.16099573257467995,0.6,75
by_peptide,,joint,mlp,twopart,HLA-B*81:01,0.38994611668995727,0.31859311366160675,0.7432432432432432,74
by_peptide,,pep_only,mlp,tobit,HLA-A*01:01,0.06218242624169958,-0.1033434650455927,0.7708333333333334,48
by_peptide,,pep_only,mlp,tobit,HLA-A*02:01,0.4035803230137526,-0.07546128623167708,0.7671232876712328,219
by_peptide,,pep_only,mlp,tobit,HLA-A*02:03,0.4543595502964096,0.09014118792599807,0.7088607594936709,79
by_peptide,,pep_only,mlp,tobit,HLA-A*02:10,0.47058333516175627,-0.044978662873399716,0.88,75
by_peptide,,pep_only,mlp,tobit,HLA-A*02:11,0.23813030743463895,-0.07799415774099318,0.6582278481012658,79
by_peptide,,pep_only,mlp,tobit,HLA-A*02:12,0.4758467956628349,-0.02897102897102897,0.7012987012987013,77
by_peptide,,pep_only,mlp,tobit,HLA-A*02:16,0.4348854979341707,0.0668804879331195,0.7402597402597403,77
by_peptide,,pep_only,mlp,tobit,HLA-A*02:19,0.449408932490372,-0.10889300259163272,0.7567567567567568,74
by_peptide,,pep_only,mlp,tobit,HLA-A*02:50,0.36578163689730664,-0.01842461336132222,0.7051282051282052,78
by_peptide,,pep_only,mlp,tobit,HLA-A*03:01,0.466061162124621,-0.07749309868875087,0.6956521739130435,161
by_peptide,,pep_only,mlp,tobit,HLA-A*11:01,0.36573592996230775,0.01332760346280202,0.5686274509803921,102
by_peptide,,pep_only,mlp,tobit,HLA-A*23:01,0.4020248816217206,-0.0928173275999363,0.6373626373626373,91
by_peptide,,pep_only,mlp,tobit,HLA-A*24:02,0.43874754029798296,0.024866086623201958,0.8032786885245902,122
by_peptide,,pep_only,mlp,tobit,HLA-A*24:03,0.47274350446907343,-0.0573328720255257,0.7327586206896551,116
by_peptide,,pep_only,mlp,tobit,HLA-A*24:07,0.3555193356840878,-0.07023646667969514,0.8,85
by_peptide,,pep_only,mlp,tobit,HLA-A*24:19,0.2263834816233997,-0.07398706162751108,0.6179775280898876,89
by_peptide,,pep_only,mlp,tobit,HLA-A*25:01,-0.03481091130037721,0.03346548188653452,0.631578947368421,76
by_peptide,,pep_only,mlp,tobit,HLA-A*26:01,0.0715079497055483,-0.05126452494873547,0.7321428571428571,56
by_peptide,,pep_only,mlp,tobit,HLA-A*26:02,0.06718258661100422,0.02312045790726092,0.7083333333333334,72
by_peptide,,pep_only,mlp,tobit,HLA-A*26:03,-0.07213015843155123,-0.13496044761721013,0.5694444444444444,72
by_peptide,,pep_only,mlp,tobit,HLA-A*29:02,0.12765009769256938,-0.0067259056732740935,0.6710526315789473,76
by_peptide,,pep_only,mlp,tobit,HLA-A*30:01,0.1369213627542441,-0.26671538180489585,0.5507246376811594,69
by_peptide,,pep_only,mlp,tobit,HLA-A*30:02,-0.09575475052226086,-0.1606975184439973,0.7605633802816901,71
by_peptide,,pep_only,mlp,tobit,HLA-A*31:01,0.38060922891003507,-0.04266102641870861,0.5970149253731343,67
by_peptide,,pep_only,mlp,tobit,HLA-A*32:07,0.22852021554400265,0.0033027164354113743,0.5411764705882353,85
by_peptide,,pep_only,mlp,tobit,HLA-A*33:03,-0.00467226801719872,-0.08589917545141428,0.4696969696969697,66
by_peptide,,pep_only,mlp,tobit,HLA-A*43:01,-0.046702146895446654,-0.25808298660151924,0.7794117647058824,68
by_peptide,,pep_only,mlp,tobit,HLA-A*66:01,0.09015275485297239,-0.04341485181920093,0.7073170731707317,82
by_peptide,,pep_only,mlp,tobit,HLA-A*68:01,-0.018438190723897106,-0.14959161360859222,0.5555555555555556,72
by_peptide,,pep_only,mlp,tobit,HLA-A*68:23,0.1372453693933098,-0.040109364319890636,0.7631578947368421,76
by_peptide,,pep_only,mlp,tobit,HLA-A*74:01,0.39118473121546504,0.06405677655677655,0.59375,64
by_peptide,,pep_only,mlp,tobit,HLA-A*80:01,0.06709655409478829,-0.1368879946344735,0.6338028169014085,71
by_peptide,,pep_only,mlp,tobit,HLA-B*07:02,0.19518106635198487,-0.12124535628278603,0.6788321167883211,137
by_peptide,,pep_only,mlp,tobit,HLA-B*08:01,-0.04809125048098646,0.08758943286937798,0.8703703703703703,108
by_peptide,,pep_only,mlp,tobit,HLA-B*08:03,0.14408589109508388,0.0360171975767051,0.8352941176470589,85
by_peptide,,pep_only,mlp,tobit,HLA-B*14:01(C67S),0.06588154715531531,-0.16513980484020171,0.6021505376344086,93
by_peptide,,pep_only,mlp,tobit,HLA-B*14:02(C67S),-0.03640078661443894,0.09566159737022721,0.574468085106383,94
by_peptide,,pep_only,mlp,tobit,HLA-B*15:01,0.16549706364578357,0.022239780868099454,0.5822222222222222,225
by_peptide,,pep_only,mlp,tobit,HLA-B*15:02,-0.19618243304857136,0.18762250407820025,0.7307692307692307,78
by_peptide,,pep_only,mlp,tobit,HLA-B*15:10,0.020498581036364195,0.03794939237977212,0.782051282051282,78
by_peptide,,pep_only,mlp,tobit,HLA-B*15:17,-0.08692635591381083,0.0381340244353943,0.7808219178082192,73
by_peptide,,pep_only,mlp,tobit,HLA-B*18:01,-0.0662540460754568,-0.03710478771454381,0.6172839506172839,81
by_peptide,,pep_only,mlp,tobit,HLA-B*27:02,0.0523725964058982,0.2143814080656186,0.5526315789473685,76
by_peptide,,pep_only,mlp,tobit,HLA-B*27:03,0.08679468882772373,0.11582376897445387,0.6081081081081081,74
by_peptide,,pep_only,mlp,tobit,HLA-B*27:05,0.13056684519729345,-0.08196721311475409,0.6721311475409836,61
by_peptide,,pep_only,mlp,tobit,HLA-B*27:20,-0.036637532781351956,-0.03236455633715908,0.7534246575342466,73
by_peptide,,pep_only,mlp,tobit,HLA-B*35:01,-0.08698119667052139,0.19692265489594635,0.6940298507462687,134
by_peptide,,pep_only,mlp,tobit,HLA-B*35:03,-0.08338762029475374,0.044113780955886216,0.7662337662337663,77
by_peptide,,pep_only,mlp,tobit,HLA-B*39:01,-0.05057885187181974,-0.0614811072116238,0.7923076923076923,130
by_peptide,,pep_only,mlp,tobit,HLA-B*39:02,0.15868201493125292,-0.2068654019873532,0.7926829268292683,82
by_peptide,,pep_only,mlp,tobit,HLA-B*39:06(C67S),0.08854066326419371,-0.06011502455816296,0.5662650602409639,83
by_peptide,,pep_only,mlp,tobit,HLA-B*39:10,0.17089116243802807,0.06880461310841057,0.5641025641025641,78
by_peptide,,pep_only,mlp,tobit,HLA-B*40:01,-0.00924570650548482,-0.008639781271360218,0.8947368421052632,76
by_peptide,,pep_only,mlp,tobit,HLA-B*41:01,0.2345451316224072,-0.0854474809808339,0.7560975609756098,82
by_peptide,,pep_only,mlp,tobit,HLA-B*42:01,0.2863725267898807,-0.1279289131920711,0.3684210526315789,76
by_peptide,,pep_only,mlp,tobit,HLA-B*42:02,0.20955354319994784,-0.20579357351509253,0.6962025316455697,79
by_peptide,,pep_only,mlp,tobit,HLA-B*44:05,0.1443114341390753,-0.17153793574846204,0.5263157894736842,76
by_peptide,,pep_only,mlp,tobit,HLA-B*45:01,0.3407523244557255,-0.08914571442049152,0.7325581395348837,86
by_peptide,,pep_only,mlp,tobit,HLA-B*46:01,0.08076586260608838,0.09306914067419504,0.7590361445783133,83
by_peptide,,pep_only,mlp,tobit,HLA-B*51:01,-0.008256861485072561,0.041095890410958916,0.4794520547945205,73
by_peptide,,pep_only,mlp,tobit,HLA-B*54:01,0.04530344336073684,-0.09214469740785529,0.5194805194805194,77
by_peptide,,pep_only,mlp,tobit,HLA-B*55:01,0.18612897368093095,-0.04128782609795268,0.5384615384615384,78
by_peptide,,pep_only,mlp,tobit,HLA-B*56:01,0.18360554630926448,-0.05900205058099795,0.5789473684210527,76
by_peptide,,pep_only,mlp,tobit,HLA-B*57:01,0.3216169914710635,0.06792108147606869,0.6811594202898551,69
by_peptide,,pep_only,mlp,tobit,HLA-B*57:02,0.20685918871452474,0.09421747878575802,0.8285714285714286,70
by_peptide,,pep_only,mlp,tobit,HLA-B*57:03,0.28399332687920836,0.14000900379445624,0.9027777777777778,72
by_peptide,,pep_only,mlp,tobit,HLA-B*58:01,0.2747118809199329,-0.12438122332859174,0.64,75
by_peptide,,pep_only,mlp,tobit,HLA-B*81:01,0.01914256597551112,0.20198445020362824,0.8513513513513513,74
groove:A*02:01 +8,HLA-A*02:01;HLA-A*02:03;HLA-A*02:05;HLA-A*02:10;HLA-A*02:11;HLA-A*02:12;HLA-A*02:16;HLA-A*02:19;HLA-A*02:50,concat,ridge,tobit,HLA-A*02:01,0.10112019802560004,-0.05308595244422343,0.5874877810361682,1023
groove:A*02:01 +8,HLA-A*02:01;HLA-A*02:03;HLA-A*02:05;HLA-A*02:10;HLA-A*02:11;HLA-A*02:12;HLA-A*02:16;HLA-A*02:19;HLA-A*02:50,concat,ridge,tobit,HLA-A*02:03,0.19818449958798554,0.03101950125974567,0.8021108179419525,379
groove:A*02:01 +8,HLA-A*02:01;HLA-A*02:03;HLA-A*02:05;HLA-A*02:10;HLA-A*02:11;HLA-A*02:12;HLA-A*02:16;HLA-A*02:19;HLA-A*02:50,concat,ridge,tobit,HLA-A*02:05,-0.052614487997430084,-0.15844155844155844,0.9047619047619048,21
groove:A*02:01 +8,HLA-A*02:01;HLA-A*02:03;HLA-A*02:05;HLA-A*02:10;HLA-A*02:11;HLA-A*02:12;HLA-A*02:16;HLA-A*02:19;HLA-A*02:50,concat,ridge,tobit,HLA-A*02:10,0.13731615624056012,0.030664745344911013,0.23513513513513515,370
groove:A*02:01 +8,HLA-A*02:01;HLA-A*02:03;HLA-A*02:05;HLA-A*02:10;HLA-A*02:11;HLA-A*02:12;HLA-A*02:16;HLA-A*02:19;HLA-A*02:50,concat,ridge,tobit,HLA-A*02:11,0.13366491761047192,-0.049210537337186416,0.9076517150395779,379
groove:A*02:01 +8,HLA-A*02:01;HLA-A*02:03;HLA-A*02:05;HLA-A*02:10;HLA-A*02:11;HLA-A*02:12;HLA-A*02:16;HLA-A*02:19;HLA-A*02:50,concat,ridge,tobit,HLA-A*02:12,0.14516668682349876,-0.06686281854964003,0.7231182795698925,372
groove:A*02:01 +8,HLA-A*02:01;HLA-A*02:03;HLA-A*02:05;HLA-A*02:10;HLA-A*02:11;HLA-A*02:12;HLA-A*02:16;HLA-A*02:19;HLA-A*02:50,concat,ridge,tobit,HLA-A*02:16,0.09199712660382042,-0.06770466003262295,0.579088471849866,373
groove:A*02:01 +8,HLA-A*02:01;HLA-A*02:03;HLA-A*02:05;HLA-A*02:10;HLA-A*02:11;HLA-A*02:12;HLA-A*02:16;HLA-A*02:19;HLA-A*02:50,concat,ridge,tobit,HLA-A*02:19,0.1320270199625725,0.09330074652553531,0.7853107344632768,354
groove:A*02:01 +8,HLA-A*02:01;HLA-A*02:03;HLA-A*02:05;HLA-A*02:10;HLA-A*02:11;HLA-A*02:12;HLA-A*02:16;HLA-A*02:19;HLA-A*02:50,concat,ridge,tobit,HLA-A*02:50,0.09725965057695296,-0.06464990328820117,0.0,375
groove:A*02:01 +8,HLA-A*02:01;HLA-A*02:03;HLA-A*02:05;HLA-A*02:10;HLA-A*02:11;HLA-A*02:12;HLA-A*02:16;HLA-A*02:19;HLA-A*02:50,concat,mlp,naive,HLA-A*02:01,0.11184774706979392,-0.08297326172087965,0.34506353861192574,1023
groove:A*02:01 +8,HLA-A*02:01;HLA-A*02:03;HLA-A*02:05;HLA-A*02:10;HLA-A*02:11;HLA-A*02:12;HLA-A*02:16;HLA-A*02:19;HLA-A*02:50,concat,mlp,naive,HLA-A*02:03,0.10787710755412096,0.06461977282696627,0.2849604221635884,379
groove:A*02:01 +8,HLA-A*02:01;HLA-A*02:03;HLA-A*02:05;HLA-A*02:10;HLA-A*02:11;HLA-A*02:12;HLA-A*02:16;HLA-A*02:19;HLA-A*02:50,concat,mlp,naive,HLA-A*02:05,-0.15459565609121434,-0.04285714285714286,0.2857142857142857,21
groove:A*02:01 +8,HLA-A*02:01;HLA-A*02:03;HLA-A*02:05;HLA-A*02:10;HLA-A*02:11;HLA-A*02:12;HLA-A*02:16;HLA-A*02:19;HLA-A*02:50,concat,mlp,naive,HLA-A*02:10,0.24224540370340028,0.09522163015030019,0.4810810810810811,370
groove:A*02:01 +8,HLA-A*02:01;HLA-A*02:03;HLA-A*02:05;HLA-A*02:10;HLA-A*02:11;HLA-A*02:12;HLA-A*02:16;HLA-A*02:19;HLA-A*02:50,concat,mlp,naive,HLA-A*02:11,-0.09063288709563361,-0.03685400837185311,0.1662269129287599,379
groove:A*02:01 +8,HLA-A*02:01;HLA-A*02:03;HLA-A*02:05;HLA-A*02:10;HLA-A*02:11;HLA-A*02:12;HLA-A*02:16;HLA-A*02:19;HLA-A*02:50,concat,mlp,naive,HLA-A*02:12,-0.062350883012193124,0.09208780772764137,0.22580645161290322,372
groove:A*02:01 +8,HLA-A*02:01;HLA-A*02:03;HLA-A*02:05;HLA-A*02:10;HLA-A*02:11;HLA-A*02:12;HLA-A*02:16;HLA-A*02:19;HLA-A*02:50,concat,mlp,naive,HLA-A*02:16,-0.09725798360040543,0.01719711730344021,0.26273458445040215,373
groove:A*02:01 +8,HLA-A*02:01;HLA-A*02:03;HLA-A*02:05;HLA-A*02:10;HLA-A*02:11;HLA-A*02:12;HLA-A*02:16;HLA-A*02:19;HLA-A*02:50,concat,mlp,naive,HLA-A*02:19,-0.0064235824655268035,-0.05152723611076359,0.2570621468926554,354
groove:A*02:01 +8,HLA-A*02:01;HLA-A*02:03;HLA-A*02:05;HLA-A*02:10;HLA-A*02:11;HLA-A*02:12;HLA-A*02:16;HLA-A*02:19;HLA-A*02:50,concat,mlp,naive,HLA-A*02:50,0.18946836050616006,0.0625884628512914,0.9973333333333333,375
groove:A*02:01 +8,HLA-A*02:01;HLA-A*02:03;HLA-A*02:05;HLA-A*02:10;HLA-A*02:11;HLA-A*02:12;HLA-A*02:16;HLA-A*02:19;HLA-A*02:50,concat,mlp,tobit,HLA-A*02:01,0.09972844645223432,-0.12182305445879793,0.3890518084066471,1023
groove:A*02:01 +8,HLA-A*02:01;HLA-A*02:03;HLA-A*02:05;HLA-A*02:10;HLA-A*02:11;HLA-A*02:12;HLA-A*02:16;HLA-A*02:19;HLA-A*02:50,concat,mlp,tobit,HLA-A*02:03,0.020105798474703847,-0.05122877554484275,0.35092348284960423,379
groove:A*02:01 +8,HLA-A*02:01;HLA-A*02:03;HLA-A*02:05;HLA-A*02:10;HLA-A*02:11;HLA-A*02:12;HLA-A*02:16;HLA-A*02:19;HLA-A*02:50,concat,mlp,tobit,HLA-A*02:05,-0.16498864137465732,-0.1909090909090909,0.2857142857142857,21
groove:A*02:01 +8,HLA-A*02:01;HLA-A*02:03;HLA-A*02:05;HLA-A*02:10;HLA-A*02:11;HLA-A*02:12;HLA-A*02:16;HLA-A*02:19;HLA-A*02:50,concat,mlp,tobit,HLA-A*02:10,0.14815836167876814,0.00174210105181113,0.6108108108108108,370
groove:A*02:01 +8,HLA-A*02:01;HLA-A*02:03;HLA-A*02:05;HLA-A*02:10;HLA-A*02:11;HLA-A*02:12;HLA-A*02:16;HLA-A*02:19;HLA-A*02:50,concat,mlp,tobit,HLA-A*02:11,-0.07512943062889514,-0.019364153567736398,0.19261213720316622,379
groove:A*02:01 +8,HLA-A*02:01;HLA-A*02:03;HLA-A*02:05;HLA-A*02:10;HLA-A*02:11;HLA-A*02:12;HLA-A*02:16;HLA-A*02:19;HLA-A*02:50,concat,mlp,tobit,HLA-A*02:12,-0.09858660715069847,-0.02505691893442999,0.2849462365591398,372
groove:A*02:01 +8,HLA-A*02:01;HLA-A*02:03;HLA-A*02:05;HLA-A*02:10;HLA-A*02:11;HLA-A*02:12;HLA-A*02:16;HLA-A*02:19;HLA-A*02:50,concat,mlp,tobit,HLA-A*02:16,-0.14694429203369105,-0.03906106786427556,0.26541554959785524,373
groove:A*02:01 +8,HLA-A*02:01;HLA-A*02:03;HLA-A*02:05;HLA-A*02:10;HLA-A*02:11;HLA-A*02:12;HLA-A*02:16;HLA-A*02:19;HLA-A*02:50,concat,mlp,tobit,HLA-A*02:19,-0.0883560467606507,0.023865959477033134,0.3615819209039548,354
groove:A*02:01 +8,HLA-A*02:01;HLA-A*02:03;HLA-A*02:05;HLA-A*02:10;HLA-A*02:11;HLA-A*02:12;HLA-A*02:16;HLA-A*02:19;HLA-A*02:50,concat,mlp,tobit,HLA-A*02:50,0.20429473905505235,-0.054209807714188187,0.43466666666666665,375
groove:A*02:01 +8,HLA-A*02:01;HLA-A*02:03;HLA-A*02:05;HLA-A*02:10;HLA-A*02:11;HLA-A*02:12;HLA-A*02:16;HLA-A*02:19;HLA-A*02:50,joint,ridge,tobit,HLA-A*02:01,-0.001753591848309037,0.06965365934533319,0.7155425219941349,1023
groove:A*02:01 +8,HLA-A*02:01;HLA-A*02:03;HLA-A*02:05;HLA-A*02:10;HLA-A*02:11;HLA-A*02:12;HLA-A*02:16;HLA-A*02:19;HLA-A*02:50,joint,ridge,tobit,HLA-A*02:03,0.2542194993730481,0.07976405393430806,0.6596306068601583,379
groove:A*02:01 +8,HLA-A*02:01;HLA-A*02:03;HLA-A*02:05;HLA-A*02:10;HLA-A*02:11;HLA-A*02:12;HLA-A*02:16;HLA-A*02:19;HLA-A*02:50,joint,ridge,tobit,HLA-A*02:05,0.11692108443873353,0.36103896103896105,0.6190476190476191,21
groove:A*02:01 +8,HLA-A*02:01;HLA-A*02:03;HLA-A*02:05;HLA-A*02:10;HLA-A*02:11;HLA-A*02:12;HLA-A*02:16;HLA-A*02:19;HLA-A*02:50,joint,ridge,tobit,HLA-A*02:10,0.2607571855780613,0.12393555872617079,0.6405405405405405,370
groove:A*02:01 +8,HLA-A*02:01;HLA-A*02:03;HLA-A*02:05;HLA-A*02:10;HLA-A*02:11;HLA-A*02:12;HLA-A*02:16;HLA-A*02:19;HLA-A*02:50,joint,ridge,tobit,HLA-A*02:11,0.078149928019616,0.12105373371864137,0.662269129287599,379
groove:A*02:01 +8,HLA-A*02:01;HLA-A*02:03;HLA-A*02:05;HLA-A*02:10;HLA-A*02:11;HLA-A*02:12;HLA-A*02:16;HLA-A*02:19;HLA-A*02:50,joint,ridge,tobit,HLA-A*02:12,0.2073127784276337,0.0494271042522704,0.8225806451612904,372
groove:A*02:01 +8,HLA-A*02:01;HLA-A*02:03;HLA-A*02:05;HLA-A*02:10;HLA-A*02:11;HLA-A*02:12;HLA-A*02:16;HLA-A*02:19;HLA-A*02:50,joint,ridge,tobit,HLA-A*02:16,0.05197044535564907,0.04801642339732902,0.8418230563002681,373
groove:A*02:01 +8,HLA-A*02:01;HLA-A*02:03;HLA-A*02:05;HLA-A*02:10;HLA-A*02:11;HLA-A*02:12;HLA-A*02:16;HLA-A*02:19;HLA-A*02:50,joint,ridge,tobit,HLA-A*02:19,0.17415337372013256,0.030889615795314452,0.7090395480225988,354
groove:A*02:01 +8,HLA-A*02:01;HLA-A*02:03;HLA-A*02:05;HLA-A*02:10;HLA-A*02:11;HLA-A*02:12;HLA-A*02:16;HLA-A*02:19;HLA-A*02:50,joint,ridge,tobit,HLA-A*02:50,0.0001586134861336252,0.37377608374103993,0.27466666666666667,375
groove:A*02:01 +8,HLA-A*02:01;HLA-A*02:03;HLA-A*02:05;HLA-A*02:10;HLA-A*02:11;HLA-A*02:12;HLA-A*02:16;HLA-A*02:19;HLA-A*02:50,joint,mlp,naive,HLA-A*02:01,0.11096407632615156,-0.015601383295504761,0.31573802541544477,1023
groove:A*02:01 +8,HLA-A*02:01;HLA-A*02:03;HLA-A*02:05;HLA-A*02:10;HLA-A*02:11;HLA-A*02:12;HLA-A*02:16;HLA-A*02:19;HLA-A*02:50,joint,mlp,naive,HLA-A*02:03,0.1371284788214821,0.058129713024866476,0.26649076517150394,379
groove:A*02:01 +8,HLA-A*02:01;HLA-A*02:03;HLA-A*02:05;HLA-A*02:10;HLA-A*02:11;HLA-A*02:12;HLA-A*02:16;HLA-A*02:19;HLA-A*02:50,joint,mlp,naive,HLA-A*02:05,-0.15914258715272064,-0.11168831168831168,0.2857142857142857,21
groove:A*02:01 +8,HLA-A*02:01;HLA-A*02:03;HLA-A*02:05;HLA-A*02:10;HLA-A*02:11;HLA-A*02:12;HLA-A*02:16;HLA-A*02:19;HLA-A*02:50,joint,mlp,naive,HLA-A*02:10,0.23612682976952337,0.011135492865819604,0.5297297297297298,370
groove:A*02:01 +8,HLA-A*02:01;HLA-A*02:03;HLA-A*02:05;HLA-A*02:10;HLA-A*02:11;HLA-A*02:12;HLA-A*02:16;HLA-A*02:19;HLA-A*02:50,joint,mlp,naive,HLA-A*02:11,0.05174027714285709,-0.020014636415136344,0.14511873350923482,379
groove:A*02:01 +8,HLA-A*02:01;HLA-A*02:03;HLA-A*02:05;HLA-A*02:10;HLA-A*02:11;HLA-A*02:12;HLA-A*02:16;HLA-A*02:19;HLA-A*02:50,joint,mlp,naive,HLA-A*02:12,0.0015517290924750523,0.03348863707620249,0.1989247311827957,372
groove:A*02:01 +8,HLA-A*02:01;HLA-A*02:03;HLA-A*02:05;HLA-A*02:10;HLA-A*02:11;HLA-A*02:12;HLA-A*02:16;HLA-A*02:19;HLA-A*02:50,joint,mlp,naive,HLA-A*02:16,-0.09435584050998161,0.020026999266052836,0.225201072386059,373
groove:A*02:01 +8,HLA-A*02:01;HLA-A*02:03;HLA-A*02:05;HLA-A*02:10;HLA-A*02:11;HLA-A*02:12;HLA-A*02:16;HLA-A*02:19;HLA-A*02:50,joint,mlp,naive,HLA-A*02:19,0.03491497344248752,0.0057710839869968365,0.1977401129943503,354
groove:A*02:01 +8,HLA-A*02:01;HLA-A*02:03;HLA-A*02:05;HLA-A*02:10;HLA-A*02:11;HLA-A*02:12;HLA-A*02:16;HLA-A*02:19;HLA-A*02:50,joint,mlp,naive,HLA-A*02:50,0.07475667513496358,-0.19894572761406304,0.6666666666666666,375
groove:A*02:01 +8,HLA-A*02:01;HLA-A*02:03;HLA-A*02:05;HLA-A*02:10;HLA-A*02:11;HLA-A*02:12;HLA-A*02:16;HLA-A*02:19;HLA-A*02:50,joint,mlp,tobit,HLA-A*02:01,0.09566928733852291,-0.022728970907114628,0.34408602150537637,1023
groove:A*02:01 +8,HLA-A*02:01;HLA-A*02:03;HLA-A*02:05;HLA-A*02:10;HLA-A*02:11;HLA-A*02:12;HLA-A*02:16;HLA-A*02:19;HLA-A*02:50,joint,mlp,tobit,HLA-A*02:03,0.12833529898802892,-0.02361113866460346,0.34564643799472294,379
groove:A*02:01 +8,HLA-A*02:01;HLA-A*02:03;HLA-A*02:05;HLA-A*02:10;HLA-A*02:11;HLA-A*02:12;HLA-A*02:16;HLA-A*02:19;HLA-A*02:50,joint,mlp,tobit,HLA-A*02:05,-0.10522897599486017,0.03766233766233767,0.19047619047619047,21
groove:A*02:01 +8,HLA-A*02:01;HLA-A*02:03;HLA-A*02:05;HLA-A*02:10;HLA-A*02:11;HLA-A*02:12;HLA-A*02:16;HLA-A*02:19;HLA-A*02:50,joint,mlp,tobit,HLA-A*02:10,0.2192947377469531,-0.04099842397127257,0.6162162162162163,370
groove:A*02:01 +8,HLA-A*02:01;HLA-A*02:03;HLA-A*02:05;HLA-A*02:10;HLA-A*02:11;HLA-A*02:12;HLA-A*02:16;HLA-A*02:19;HLA-A*02:50,joint,mlp,tobit,HLA-A*02:11,0.030223269932271854,-0.06307479340391436,0.1820580474934037,379
groove:A*02:01 +8,HLA-A*02:01;HLA-A*02:03;HLA-A*02:05;HLA-A*02:10;HLA-A*02:11;HLA-A*02:12;HLA-A*02:16;HLA-A*02:19;HLA-A*02:50,joint,mlp,tobit,HLA-A*02:12,-0.012958505619627348,0.03373130160263486,0.1935483870967742,372
groove:A*02:01 +8,HLA-A*02:01;HLA-A*02:03;HLA-A*02:05;HLA-A*02:10;HLA-A*02:11;HLA-A*02:12;HLA-A*02:16;HLA-A*02:19;HLA-A*02:50,joint,mlp,tobit,HLA-A*02:16,-0.1029965957862188,-0.0048118167805202006,0.20107238605898123,373
groove:A*02:01 +8,HLA-A*02:01;HLA-A*02:03;HLA-A*02:05;HLA-A*02:10;HLA-A*02:11;HLA-A*02:12;HLA-A*02:16;HLA-A*02:19;HLA-A*02:50,joint,mlp,tobit,HLA-A*02:19,-0.017335745982131265,-0.06994347126596909,0.2401129943502825,354
groove:A*02:01 +8,HLA-A*02:01;HLA-A*02:03;HLA-A*02:05;HLA-A*02:10;HLA-A*02:11;HLA-A*02:12;HLA-A*02:16;HLA-A*02:19;HLA-A*02:50,joint,mlp,tobit,HLA-A*02:50,0.10758420518117033,0.17081215155307772,0.312,375
groove:B*15:01 +5,HLA-B*15:01;HLA-B*15:02;HLA-B*15:10;HLA-B*35:01;HLA-B*35:03;HLA-B*35:08,concat,ridge,tobit,HLA-B*15:01,0.1073344318941358,0.08475159071025005,0.8579439252336448,1070
groove:B*15:01 +5,HLA-B*15:01;HLA-B*15:02;HLA-B*15:10;HLA-B*35:01;HLA-B*35:03;HLA-B*35:08,concat,ridge,tobit,HLA-B*15:02,-0.058761014227037695,0.09590300224427287,0.7363896848137536,349
groove:B*15:01 +5,HLA-B*15:01;HLA-B*15:02;HLA-B*15:10;HLA-B*35:01;HLA-B*35:03;HLA-B*35:08,concat,ridge,tobit,HLA-B*15:10,0.03090153210721156,0.07155024784356778,0.7410468319559229,363
groove:B*15:01 +5,HLA-B*15:01;HLA-B*15:02;HLA-B*15:10;HLA-B*35:01;HLA-B*35:03;HLA-B*35:08,concat,ridge,tobit,HLA-B*35:01,0.22124886155083537,0.03410730367617406,0.25384615384615383,650
groove:B*15:01 +5,HLA-B*15:01;HLA-B*15:02;HLA-B*15:10;HLA-B*35:01;HLA-B*35:03;HLA-B*35:08,concat,ridge,tobit,HLA-B*35:03,-0.08039274730334355,0.02136441108414696,0.3537234042553192,376
groove:B*15:01 +5,HLA-B*15:01;HLA-B*15:02;HLA-B*15:10;HLA-B*35:01;HLA-B*35:03;HLA-B*35:08,concat,ridge,tobit,HLA-B*35:08,0.3571778939929437,-0.14163614163614163,0.14814814814814814,27
groove:B*15:01 +5,HLA-B*15:01;HLA-B*15:02;HLA-B*15:10;HLA-B*35:01;HLA-B*35:03;HLA-B*35:08,concat,mlp,naive,HLA-B*15:01,0.16132763349122872,-0.034478047789652626,0.1542056074766355,1070
groove:B*15:01 +5,HLA-B*15:01;HLA-B*15:02;HLA-B*15:10;HLA-B*35:01;HLA-B*35:03;HLA-B*35:08,concat,mlp,naive,HLA-B*15:02,-0.053698469187013716,0.049051335977529045,0.4469914040114613,349
groove:B*15:01 +5,HLA-B*15:01;HLA-B*15:02;HLA-B*15:10;HLA-B*35:01;HLA-B*35:03;HLA-B*35:08,concat,mlp,naive,HLA-B*15:10,0.37195670023515115,0.016872128373886287,0.5234159779614325,363
groove:B*15:01 +5,HLA-B*15:01;HLA-B*15:02;HLA-B*15:10;HLA-B*35:01;HLA-B*35:03;HLA-B*35:08,concat,mlp,naive,HLA-B*35:01,0.27672574312143655,-0.019259100658772614,0.3323076923076923,650
groove:B*15:01 +5,HLA-B*15:01;HLA-B*15:02;HLA-B*15:10;HLA-B*35:01;HLA-B*35:03;HLA-B*35:08,concat,mlp,naive,HLA-B*35:03,0.22585476744201088,0.13521304814041424,0.32978723404255317,376
groove:B*15:01 +5,HLA-B*15:01;HLA-B*15:02;HLA-B*15:10;HLA-B*35:01;HLA-B*35:03;HLA-B*35:08,concat,mlp,naive,HLA-B*35:08,0.3838283886562251,0.16727716727716724,0.4074074074074074,27
groove:B*15:01 +5,HLA-B*15:01;HLA-B*15:02;HLA-B*15:10;HLA-B*35:01;HLA-B*35:03;HLA-B*35:08,concat,mlp,tobit,HLA-B*15:01,0.1307251244234693,0.12163539414524367,0.27476635514018694,1070
groove:B*15:01 +5,HLA-B*15:01;HLA-B*15:02;HLA-B*15:10;HLA-B*35:01;HLA-B*35:03;HLA-B*35:08,concat,mlp,tobit,HLA-B*15:02,-0.02333427237685084,0.03460471156153401,0.5386819484240688,349
groove:B*15:01 +5,HLA-B*15:01;HLA-B*15:02;HLA-B*15:10;HLA-B*35:01;HLA-B*35:03;HLA-B*35:08,concat,mlp,tobit,HLA-B*15:10,0.37369190569114796,0.008976959755463022,0.6363636363636364,363
groove:B*15:01 +5,HLA-B*15:01;HLA-B*15:02;HLA-B*15:10;HLA-B*35:01;HLA-B*35:03;HLA-B*35:08,concat,mlp,tobit,HLA-B*35:01,0.27565462526553763,-0.00635054393392283,0.30615384615384617,650
groove:B*15:01 +5,HLA-B*15:01;HLA-B*15:02;HLA-B*15:10;HLA-B*35:01;HLA-B*35:03;HLA-B*35:08,concat,mlp,tobit,HLA-B*35:03,0.24943025548556344,0.1399598171454371,0.2925531914893617,376
groove:B*15:01 +5,HLA-B*15:01;HLA-B*15:02;HLA-B*15:10;HLA-B*35:01;HLA-B*35:03;HLA-B*35:08,concat,mlp,tobit,HLA-B*35:08,0.4104788833195065,0.051892551892551896,0.37037037037037035,27
groove:B*15:01 +5,HLA-B*15:01;HLA-B*15:02;HLA-B*15:10;HLA-B*35:01;HLA-B*35:03;HLA-B*35:08,joint,ridge,tobit,HLA-B*15:01,0.08760278256021585,0.014172259705960444,0.48878504672897194,1070
groove:B*15:01 +5,HLA-B*15:01;HLA-B*15:02;HLA-B*15:10;HLA-B*35:01;HLA-B*35:03;HLA-B*35:08,joint,ridge,tobit,HLA-B*15:02,-0.10269939062222277,0.09604866825694806,0.6991404011461319,349
groove:B*15:01 +5,HLA-B*15:01;HLA-B*15:02;HLA-B*15:10;HLA-B*35:01;HLA-B*35:03;HLA-B*35:08,joint,ridge,tobit,HLA-B*15:10,0.1957697495642619,-0.004403934137677291,0.8016528925619835,363
groove:B*15:01 +5,HLA-B*15:01;HLA-B*15:02;HLA-B*15:10;HLA-B*35:01;HLA-B*35:03;HLA-B*35:08,joint,ridge,tobit,HLA-B*35:01,0.1836078043629085,0.02562035068529832,0.5169230769230769,650
groove:B*15:01 +5,HLA-B*15:01;HLA-B*15:02;HLA-B*15:10;HLA-B*35:01;HLA-B*35:03;HLA-B*35:08,joint,ridge,tobit,HLA-B*35:03,-0.1236763294489444,0.08181026478978877,0.4601063829787234,376
groove:B*15:01 +5,HLA-B*15:01;HLA-B*15:02;HLA-B*15:10;HLA-B*35:01;HLA-B*35:03;HLA-B*35:08,joint,ridge,tobit,HLA-B*35:08,0.42885853481142466,0.026862026862026864,0.37037037037037035,27
groove:B*15:01 +5,HLA-B*15:01;HLA-B*15:02;HLA-B*15:10;HLA-B*35:01;HLA-B*35:03;HLA-B*35:08,joint,mlp,naive,HLA-B*15:01,0.1165490102178633,0.030848548996196407,0.17196261682242991,1070
groove:B*15:01 +5,HLA-B*15:01;HLA-B*15:02;HLA-B*15:10;HLA-B*35:01;HLA-B*35:03;HLA-B*35:08,joint,mlp,naive,HLA-B*15:02,-0.11731234311969188,0.03528392169040326,0.39255014326647564,349
groove:B*15:01 +5,HLA-B*15:01;HLA-B*15:02;HLA-B*15:10;HLA-B*35:01;HLA-B*35:03;HLA-B*35:08,joint,mlp,naive,HLA-B*15:10,0.4101638696105674,0.021690514407741935,0.5977961432506887,363
groove:B*15:01 +5,HLA-B*15:01;HLA-B*15:02;HLA-B*15:10;HLA-B*35:01;HLA-B*35:03;HLA-B*35:08,joint,mlp,naive,HLA-B*35:01,0.33570251404649487,0.12624606943075667,0.42923076923076925,650
groove:B*15:01 +5,HLA-B*15:01;HLA-B*15:02;HLA-B*15:10;HLA-B*35:01;HLA-B*35:03;HLA-B*35:08,joint,mlp,naive,HLA-B*35:03,0.2686390760638523,0.18024606354760428,0.3271276595744681,376
groove:B*15:01 +5,HLA-B*15:01;HLA-B*15:02;HLA-B*15:10;HLA-B*35:01;HLA-B*35:03;HLA-B*35:08,joint,mlp,naive,HLA-B*35:08,0.4003700749989515,0.05067155067155067,0.5925925925925926,27
groove:B*15:01 +5,HLA-B*15:01;HLA-B*15:02;HLA-B*15:10;HLA-B*35:01;HLA-B*35:03;HLA-B*35:08,joint,mlp,tobit,HLA-B*15:01,0.15127556349917107,0.04325047225118246,0.2794392523364486,1070
groove:B*15:01 +5,HLA-B*15:01;HLA-B*15:02;HLA-B*15:10;HLA-B*35:01;HLA-B*35:03;HLA-B*35:08,joint,mlp,tobit,HLA-B*15:02,-0.058790259439551566,0.03129730263807924,0.5100286532951289,349
groove:B*15:01 +5,HLA-B*15:01;HLA-B*15:02;HLA-B*15:10;HLA-B*35:01;HLA-B*35:03;HLA-B*35:08,joint,mlp,tobit,HLA-B*15:10,0.39717787687177286,-0.01881267903367351,0.6914600550964187,363
groove:B*15:01 +5,HLA-B*15:01;HLA-B*15:02;HLA-B*15:10;HLA-B*35:01;HLA-B*35:03;HLA-B*35:08,joint,mlp,tobit,HLA-B*35:01,0.29363012928036514,0.055344873824917575,0.4307692307692308,650
groove:B*15:01 +5,HLA-B*15:01;HLA-B*15:02;HLA-B*15:10;HLA-B*35:01;HLA-B*35:03;HLA-B*35:08,joint,mlp,tobit,HLA-B*35:03,0.261859930674082,0.012445397595801115,0.32978723404255317,376
groove:B*15:01 +5,HLA-B*15:01;HLA-B*15:02;HLA-B*15:10;HLA-B*35:01;HLA-B*35:03;HLA-B*35:08,joint,mlp,tobit,HLA-B*35:08,0.3648360821145763,0.3833943833943834,0.5925925925925926,27
groove:B*14:01(C67S) +5,HLA-B*14:01(C67S);HLA-B*14:02(C67S);HLA-B*39:01;HLA-B*39:02;HLA-B*39:06(C67S);HLA-B*39:10,concat,ridge,tobit,HLA-B*14:01(C67S),0.1610761773634468,-0.021323966681481267,0.6818181818181818,374
groove:B*14:01(C67S) +5,HLA-B*14:01(C67S);HLA-B*14:02(C67S);HLA-B*39:01;HLA-B*39:02;HLA-B*39:06(C67S);HLA-B*39:10,concat,ridge,tobit,HLA-B*14:02(C67S),0.19122617369426456,0.005527945904770188,0.5052356020942408,382
groove:B*14:01(C67S) +5,HLA-B*14:01(C67S);HLA-B*14:02(C67S);HLA-B*39:01;HLA-B*39:02;HLA-B*39:06(C67S);HLA-B*39:10,concat,ridge,tobit,HLA-B*39:01,0.03635498292055681,0.025390047264280614,0.7132352941176471,680
groove:B*14:01(C67S) +5,HLA-B*14:01(C67S);HLA-B*14:02(C67S);HLA-B*39:01;HLA-B*39:02;HLA-B*39:06(C67S);HLA-B*39:10,concat,ridge,tobit,HLA-B*39:02,-0.10682321875400896,0.0011314142678347935,0.5813333333333334,375
groove:B*14:01(C67S) +5,HLA-B*14:01(C67S);HLA-B*14:02(C67S);HLA-B*39:01;HLA-B*39:02;HLA-B*39:06(C67S);HLA-B*39:10,concat,ridge,tobit,HLA-B*39:06(C67S),0.05713418196577856,0.04583578559415249,0.9525065963060686,379
groove:B*14:01(C67S) +5,HLA-B*14:01(C67S);HLA-B*14:02(C67S);HLA-B*39:01;HLA-B*39:02;HLA-B*39:06(C67S);HLA-B*39:10,concat,ridge,tobit,HLA-B*39:10,0.25457277342689216,-0.0550909193521079,0.4228723404255319,376
groove:B*14:01(C67S) +5,HLA-B*14:01(C67S);HLA-B*14:02(C67S);HLA-B*39:01;HLA-B*39:02;HLA-B*39:06(C67S);HLA-B*39:10,concat,mlp,naive,HLA-B*14:01(C67S),0.14298077919745397,-0.05835305587016673,0.06417112299465241,374
groove:B*14:01(C67S) +5,HLA-B*14:01(C67S);HLA-B*14:02(C67S);HLA-B*39:01;HLA-B*39:02;HLA-B*39:06(C67S);HLA-B*39:10,concat,mlp,naive,HLA-B*14:02(C67S),0.10538300556916368,-0.02416626311524191,0.1518324607329843,382
groove:B*14:01(C67S) +5,HLA-B*14:01(C67S);HLA-B*14:02(C67S);HLA-B*39:01;HLA-B*39:02;HLA-B*39:06(C67S);HLA-B*39:10,concat,mlp,naive,HLA-B*39:01,0.14364089373342137,0.04998616550030703,0.4588235294117647,680
groove:B*14:01(C67S) +5,HLA-B*14:01(C67S);HLA-B*14:02(C67S);HLA-B*39:01;HLA-B*39:02;HLA-B*39:06(C67S);HLA-B*39:10,concat,mlp,naive,HLA-B*39:02,-0.055967392979913565,0.00920855614973262,0.30666666666666664,375
groove:B*14:01(C67S) +5,HLA-B*14:01(C67S);HLA-B*14:02(C67S);HLA-B*39:01;HLA-B*39:02;HLA-B*39:06(C67S);HLA-B*39:10,concat,mlp,naive,HLA-B*39:06(C67S),0.11685640460317044,-0.07084201268342359,0.19788918205804748,379
groove:B*14:01(C67S) +5,HLA-B*14:01(C67S);HLA-B*14:02(C67S);HLA-B*39:01;HLA-B*39:02;HLA-B*39:06(C67S);HLA-B*39:10,concat,mlp,naive,HLA-B*39:10,0.45296683217642436,0.054619109430554764,0.31117021276595747,376
groove:B*14:01(C67S) +5,HLA-B*14:01(C67S);HLA-B*14:02(C67S);HLA-B*39:01;HLA-B*39:02;HLA-B*39:06(C67S);HLA-B*39:10,concat,mlp,tobit,HLA-B*14:01(C67S),0.1467997979331399,0.11895858123897866,0.19786096256684493,374
groove:B*14:01(C67S) +5,HLA-B*14:01(C67S);HLA-B*14:02(C67S);HLA-B*39:01;HLA-B*39:02;HLA-B*39:06(C67S);HLA-B*39:10,concat,mlp,tobit,HLA-B*14:02(C67S),0.07732694436436283,0.08698315503338866,0.2513089005235602,382
groove:B*14:01(C67S) +5,HLA-B*14:01(C67S);HLA-B*14:02(C67S);HLA-B*39:01;HLA-B*39:02;HLA-B*39:06(C67S);HLA-B*39:10,concat,mlp,tobit,HLA-B*39:01,0.12303125635363812,-0.030567145791965,0.611764705882353,680
groove:B*14:01(C67S) +5,HLA-B*14:01(C67S);HLA-B*14:02(C67S);HLA-B*39:01;HLA-B*39:02;HLA-B*39:06(C67S);HLA-B*39:10,concat,mlp,tobit,HLA-B*39:02,-0.06566557847814082,-0.11537365544280685,0.39466666666666667,375
groove:B*14:01(C67S) +5,HLA-B*14:01(C67S);HLA-B*14:02(C67S);HLA-B*39:01;HLA-B*39:02;HLA-B*39:06(C67S);HLA-B*39:10,concat,mlp,tobit,HLA-B*39:06(C67S),0.12248732944476483,-0.13301216982650116,0.6912928759894459,379
groove:B*14:01(C67S) +5,HLA-B*14:01(C67S);HLA-B*14:02(C67S);HLA-B*39:01;HLA-B*39:02;HLA-B*39:06(C67S);HLA-B*39:10,concat,mlp,tobit,HLA-B*39:10,0.41984011841127755,0.10331599431773787,0.44680851063829785,376
groove:B*14:01(C67S) +5,HLA-B*14:01(C67S);HLA-B*14:02(C67S);HLA-B*39:01;HLA-B*39:02;HLA-B*39:06(C67S);HLA-B*39:10,joint,ridge,tobit,HLA-B*14:01(C67S),0.05442577542419133,0.04735737122048429,0.5374331550802139,374
groove:B*14:01(C67S) +5,HLA-B*14:01(C67S);HLA-B*14:02(C67S);HLA-B*39:01;HLA-B*39:02;HLA-B*39:06(C67S);HLA-B*39:10,joint,ridge,tobit,HLA-B*14:02(C67S),0.06333600532886456,0.014108172161226966,0.4895287958115183,382
groove:B*14:01(C67S) +5,HLA-B*14:01(C67S);HLA-B*14:02(C67S);HLA-B*39:01;HLA-B*39:02;HLA-B*39:06(C67S);HLA-B*39:10,joint,ridge,tobit,HLA-B*39:01,0.14255666130801556,0.030476887898542245,0.6838235294117647,680
groove:B*14:01(C67S) +5,HLA-B*14:01(C67S);HLA-B*14:02(C67S);HLA-B*39:01;HLA-B*39:02;HLA-B*39:06(C67S);HLA-B*39:10,joint,ridge,tobit,HLA-B*39:02,-0.030203873876348132,0.05943839227661816,0.5786666666666667,375
groove:B*14:01(C67S) +5,HLA-B*14:01(C67S);HLA-B*14:02(C67S);HLA-B*39:01;HLA-B*39:02;HLA-B*39:06(C67S);HLA-B*39:10,joint,ridge,tobit,HLA-B*39:06(C67S),0.007352596944888127,0.04604089632838128,0.8575197889182058,379
groove:B*14:01(C67S) +5,HLA-B*14:01(C67S);HLA-B*14:02(C67S);HLA-B*39:01;HLA-B*39:02;HLA-B*39:06(C67S);HLA-B*39:10,joint,ridge,tobit,HLA-B*39:10,0.26672038323690034,0.10729047914667869,0.5132978723404256,376
groove:B*14:01(C67S) +5,HLA-B*14:01(C67S);HLA-B*14:02(C67S);HLA-B*39:01;HLA-B*39:02;HLA-B*39:06(C67S);HLA-B*39:10,joint,mlp,naive,HLA-B*14:01(C67S),0.15638097108639704,-0.019548737652506774,0.0748663101604278,374
groove:B*14:01(C67S) +5,HLA-B*14:01(C67S);HLA-B*14:02(C67S);HLA-B*39:01;HLA-B*39:02;HLA-B*39:06(C67S);HLA-B*39:10,joint,mlp,naive,HLA-B*14:02(C67S),0.1662287184215184,-0.01854757868606957,0.17801047120418848,382
groove:B*14:01(C67S) +5,HLA-B*14:01(C67S);HLA-B*14:02(C67S);HLA-B*39:01;HLA-B*39:02;HLA-B*39:06(C67S);HLA-B*39:10,joint,mlp,naive,HLA-B*39:01,0.17170913882846922,0.054812211978236255,0.46176470588235297,680
groove:B*14:01(C67S) +5,HLA-B*14:01(C67S);HLA-B*14:02(C67S);HLA-B*39:01;HLA-B*39:02;HLA-B*39:06(C67S);HLA-B*39:10,joint,mlp,naive,HLA-B*39:02,-0.034739757010386806,-0.02497212424621686,0.32,375
groove:B*14:01(C67S) +5,HLA-B*14:01(C67S);HLA-B*14:02(C67S);HLA-B*39:01;HLA-B*39:02;HLA-B*39:06(C67S);HLA-B*39:10,joint,mlp,naive,HLA-B*39:06(C67S),0.01987727298689922,-0.10123373517346576,0.0870712401055409,379
groove:B*14:01(C67S) +5,HLA-B*14:01(C67S);HLA-B*14:02(C67S);HLA-B*39:01;HLA-B*39:02;HLA-B*39:06(C67S);HLA-B*39:10,joint,mlp,naive,HLA-B*39:10,0.47244129029063575,0.12598656809075004,0.3537234042553192,376
groove:B*14:01(C67S) +5,HLA-B*14:01(C67S);HLA-B*14:02(C67S);HLA-B*39:01;HLA-B*39:02;HLA-B*39:06(C67S);HLA-B*39:10,joint,mlp,tobit,HLA-B*14:01(C67S),0.1381851169507813,-0.17664951040128457,0.3609625668449198,374
groove:B*14:01(C67S) +5,HLA-B*14:01(C67S);HLA-B*14:02(C67S);HLA-B*39:01;HLA-B*39:02;HLA-B*39:06(C67S);HLA-B*39:10,joint,mlp,tobit,HLA-B*14:02(C67S),0.11708260422795498,-0.08685033019458407,0.43455497382198954,382
groove:B*14:01(C67S) +5,HLA-B*14:01(C67S);HLA-B*14:02(C67S);HLA-B*39:01;HLA-B*39:02;HLA-B*39:06(C67S);HLA-B*39:10,joint,mlp,tobit,HLA-B*39:01,0.16778705222890866,0.044936057896522524,0.6102941176470589,680
groove:B*14:01(C67S) +5,HLA-B*14:01(C67S);HLA-B*14:02(C67S);HLA-B*39:01;HLA-B*39:02;HLA-B*39:06(C67S);HLA-B*39:10,joint,mlp,tobit,HLA-B*39:02,-0.035546606004200815,0.06009489476020575,0.432,375
groove:B*14:01(C67S) +5,HLA-B*14:01(C67S);HLA-B*14:02(C67S);HLA-B*39:01;HLA-B*39:02;HLA-B*39:06(C67S);HLA-B*39:10,joint,mlp,tobit,HLA-B*39:06(C67S),0.0570717940118099,-0.11905687702104865,0.41688654353562005,379
groove:B*14:01(C67S) +5,HLA-B*14:01(C67S);HLA-B*14:02(C67S);HLA-B*39:01;HLA-B*39:02;HLA-B*39:06(C67S);HLA-B*39:10,joint,mlp,tobit,HLA-B*39:10,0.44126822205596344,0.11079519160223489,0.4734042553191489,376
groove:A*03:01 +3,HLA-A*03:01;HLA-A*11:01;HLA-A*30:01;HLA-A*30:02,concat,ridge,tobit,HLA-A*03:01,0.03144682213779879,0.02275789809720715,0.47502903600464574,861
groove:A*03:01 +3,HLA-A*03:01;HLA-A*11:01;HLA-A*30:01;HLA-A*30:02,concat,ridge,tobit,HLA-A*11:01,-0.05543503023117757,0.00043290075740766285,0.389948006932409,577
groove:A*03:01 +3,HLA-A*03:01;HLA-A*11:01;HLA-A*30:01;HLA-A*30:02,concat,ridge,tobit,HLA-A*30:01,-0.28926437483778256,-0.12643290356267825,0.5259067357512953,386
groove:A*03:01 +3,HLA-A*03:01;HLA-A*11:01;HLA-A*30:01;HLA-A*30:02,concat,ridge,tobit,HLA-A*30:02,0.11604219185811594,-0.03120260011147774,0.6457765667574932,367
groove:A*03:01 +3,HLA-A*03:01;HLA-A*11:01;HLA-A*30:01;HLA-A*30:02,concat,mlp,naive,HLA-A*03:01,-0.15647964007552712,0.009336805934832132,0.29500580720092917,861
groove:A*03:01 +3,HLA-A*03:01;HLA-A*11:01;HLA-A*30:01;HLA-A*30:02,concat,mlp,naive,HLA-A*11:01,0.09968868404784977,0.09246554035009866,0.30155979202772965,577
groove:A*03:01 +3,HLA-A*03:01;HLA-A*11:01;HLA-A*30:01;HLA-A*30:02,concat,mlp,naive,HLA-A*30:01,-0.07767218640783494,-0.0021490097643851107,0.34196891191709844,386
groove:A*03:01 +3,HLA-A*03:01;HLA-A*11:01;HLA-A*30:01;HLA-A*30:02,concat,mlp,naive,HLA-A*30:02,0.24929824988907945,-0.06137951761600774,0.4986376021798365,367
groove:A*03:01 +3,HLA-A*03:01;HLA-A*11:01;HLA-A*30:01;HLA-A*30:02,concat,mlp,tobit,HLA-A*03:01,-0.1251140612087252,-0.038010209117515396,0.3832752613240418,861
groove:A*03:01 +3,HLA-A*03:01;HLA-A*11:01;HLA-A*30:01;HLA-A*30:02,concat,mlp,tobit,HLA-A*11:01,0.09389539199572684,0.017162297429931295,0.36395147313691506,577
groove:A*03:01 +3,HLA-A*03:01;HLA-A*11:01;HLA-A*30:01;HLA-A*30:02,concat,mlp,tobit,HLA-A*30:01,-0.07484159747116269,-0.05989194963770214,0.4274611398963731,386
groove:A*03:01 +3,HLA-A*03:01;HLA-A*11:01;HLA-A*30:01;HLA-A*30:02,concat,mlp,tobit,HLA-A*30:02,0.28226952818517304,-0.1161373739806293,0.5858310626702997,367
groove:A*03:01 +3,HLA-A*03:01;HLA-A*11:01;HLA-A*30:01;HLA-A*30:02,joint,ridge,tobit,HLA-A*03:01,0.1578422074110507,0.1362461003852634,0.4796747967479675,861
groove:A*03:01 +3,HLA-A*03:01;HLA-A*11:01;HLA-A*30:01;HLA-A*30:02,joint,ridge,tobit,HLA-A*11:01,0.04059934845894593,-0.09010607646030101,0.4714038128249567,577
groove:A*03:01 +3,HLA-A*03:01;HLA-A*11:01;HLA-A*30:01;HLA-A*30:02,joint,ridge,tobit,HLA-A*30:01,-0.2704573192765034,0.0970870636372504,0.4637305699481865,386
groove:A*03:01 +3,HLA-A*03:01;HLA-A*11:01;HLA-A*30:01;HLA-A*30:02,joint,ridge,tobit,HLA-A*30:02,0.11764764843074767,-0.1296807541643928,0.784741144414169,367
groove:A*03:01 +3,HLA-A*03:01;HLA-A*11:01;HLA-A*30:01;HLA-A*30:02,joint,mlp,naive,HLA-A*03:01,0.07527011497582317,-0.0018043339585795827,0.31126596980255516,861
groove:A*03:01 +3,HLA-A*03:01;HLA-A*11:01;HLA-A*30:01;HLA-A*30:02,joint,mlp,naive,HLA-A*11:01,0.2455918846928806,0.028900967250541837,0.34488734835355284,577
groove:A*03:01 +3,HLA-A*03:01;HLA-A*11:01;HLA-A*30:01;HLA-A*30:02,joint,mlp,naive,HLA-A*30:01,0.00433780077115247,0.12328831147965984,0.2849740932642487,386
groove:A*03:01 +3,HLA-A*03:01;HLA-A*11:01;HLA-A*30:01;HLA-A*30:02,joint,mlp,naive,HLA-A*30:02,0.26607192003674685,-0.05516157474932074,0.5803814713896458,367
groove:A*03:01 +3,HLA-A*03:01;HLA-A*11:01;HLA-A*30:01;HLA-A*30:02,joint,mlp,tobit,HLA-A*03:01,0.07278849288976923,-0.05289863396510341,0.37282229965156793,861
groove:A*03:01 +3,HLA-A*03:01;HLA-A*11:01;HLA-A*30:01;HLA-A*30:02,joint,mlp,tobit,HLA-A*11:01,0.2572602976921399,-0.1162627758820931,0.4020797227036395,577
groove:A*03:01 +3,HLA-A*03:01;HLA-A*11:01;HLA-A*30:01;HLA-A*30:02,joint,mlp,tobit,HLA-A*30:01,0.024017965415217377,0.00645005508148404,0.4015544041450777,386
groove:A*03:01 +3,HLA-A*03:01;HLA-A*11:01;HLA-A*30:01;HLA-A*30:02,joint,mlp,tobit,HLA-A*30:02,0.2776135946532996,-0.0703856178177941,0.5912806539509536,367
groove:A*23:01 +4,HLA-A*23:01;HLA-A*24:02;HLA-A*24:03;HLA-A*24:07;HLA-A*24:19,concat,ridge,tobit,HLA-A*23:01,0.0018806792260429464,0.22929909580073815,0.553763440860215,372
groove:A*23:01 +4,HLA-A*23:01;HLA-A*24:02;HLA-A*24:03;HLA-A*24:07;HLA-A*24:19,concat,ridge,tobit,HLA-A*24:02,-0.01336160177260169,0.06431105710008064,0.675392670157068,573
groove:A*23:01 +4,HLA-A*23:01;HLA-A*24:02;HLA-A*24:03;HLA-A*24:07;HLA-A*24:19,concat,ridge,tobit,HLA-A*24:03,0.10423422914977046,0.11624335882514504,0.712890625,512
groove:A*23:01 +4,HLA-A*23:01;HLA-A*24:02;HLA-A*24:03;HLA-A*24:07;HLA-A*24:19,concat,ridge,tobit,HLA-A*24:07,-0.07937905061570127,0.0933512505750466,0.6676136363636364,352
groove:A*23:01 +4,HLA-A*23:01;HLA-A*24:02;HLA-A*24:03;HLA-A*24:07;HLA-A*24:19,concat,ridge,tobit,HLA-A*24:19,0.10360952161390855,0.17717915279556623,0.0,378
groove:A*23:01 +4,HLA-A*23:01;HLA-A*24:02;HLA-A*24:03;HLA-A*24:07;HLA-A*24:19,concat,mlp,naive,HLA-A*23:01,-0.04096253172330183,0.09818052888745192,0.28763440860215056,372
groove:A*23:01 +4,HLA-A*23:01;HLA-A*24:02;HLA-A*24:03;HLA-A*24:07;HLA-A*24:19,concat,mlp,naive,HLA-A*24:02,0.013987112596235769,0.05149772969974732,0.41361256544502617,573
groove:A*23:01 +4,HLA-A*23:01;HLA-A*24:02;HLA-A*24:03;HLA-A*24:07;HLA-A*24:19,concat,mlp,naive,HLA-A*24:03,0.17288712485649116,-0.048029516571108134,0.421875,512
groove:A*23:01 +4,HLA-A*23:01;HLA-A*24:02;HLA-A*24:03;HLA-A*24:07;HLA-A*24:19,concat,mlp,naive,HLA-A*24:07,-0.1176924918011939,0.06900339194956757,0.35511363636363635,352
groove:A*23:01 +4,HLA-A*23:01;HLA-A*24:02;HLA-A*24:03;HLA-A*24:07;HLA-A*24:19,concat,mlp,naive,HLA-A*24:19,0.01571869279337976,0.03303057702111473,0.0,378
groove:A*23:01 +4,HLA-A*23:01;HLA-A*24:02;HLA-A*24:03;HLA-A*24:07;HLA-A*24:19,concat,mlp,tobit,HLA-A*23:01,-0.04056888763340801,-0.14367931171855203,0.2849462365591398,372
groove:A*23:01 +4,HLA-A*23:01;HLA-A*24:02;HLA-A*24:03;HLA-A*24:07;HLA-A*24:19,concat,mlp,tobit,HLA-A*24:02,0.019492890714227926,0.024758092118582476,0.4537521815008726,573
groove:A*23:01 +4,HLA-A*23:01;HLA-A*24:02;HLA-A*24:03;HLA-A*24:07;HLA-A*24:19,concat,mlp,tobit,HLA-A*24:03,0.1955378488782214,0.032635992092102405,0.509765625,512
groove:A*23:01 +4,HLA-A*23:01;HLA-A*24:02;HLA-A*24:03;HLA-A*24:07;HLA-A*24:19,concat,mlp,tobit,HLA-A*24:07,-0.10290254665854286,0.012787770932246851,0.4034090909090909,352
groove:A*23:01 +4,HLA-A*23:01;HLA-A*24:02;HLA-A*24:03;HLA-A*24:07;HLA-A*24:19,concat,mlp,tobit,HLA-A*24:19,0.0709436483631001,0.06944887419821456,0.0,378
groove:A*23:01 +4,HLA-A*23:01;HLA-A*24:02;HLA-A*24:03;HLA-A*24:07;HLA-A*24:19,joint,ridge,tobit,HLA-A*23:01,0.04384078457129071,0.2177169347437558,0.3870967741935484,372
groove:A*23:01 +4,HLA-A*23:01;HLA-A*24:02;HLA-A*24:03;HLA-A*24:07;HLA-A*24:19,joint,ridge,tobit,HLA-A*24:02,0.00017625102183210163,-0.027091029261888666,0.6684118673647469,573
groove:A*23:01 +4,HLA-A*23:01;HLA-A*24:02;HLA-A*24:03;HLA-A*24:07;HLA-A*24:19,joint,ridge,tobit,HLA-A*24:03,0.16965480788261064,0.0455167251908293,0.70703125,512
groove:A*23:01 +4,HLA-A*23:01;HLA-A*24:02;HLA-A*24:03;HLA-A*24:07;HLA-A*24:19,joint,ridge,tobit,HLA-A*24:07,-0.028738108879786783,-0.029392860837620043,0.6903409090909091,352
groove:A*23:01 +4,HLA-A*23:01;HLA-A*24:02;HLA-A*24:03;HLA-A*24:07;HLA-A*24:19,joint,ridge,tobit,HLA-A*24:19,0.12700109909490656,-0.12510702229563117,0.5396825396825397,378
groove:A*23:01 +4,HLA-A*23:01;HLA-A*24:02;HLA-A*24:03;HLA-A*24:07;HLA-A*24:19,joint,mlp,naive,HLA-A*23:01,0.0041250450261068414,0.18798481913100923,0.21774193548387097,372
groove:A*23:01 +4,HLA-A*23:01;HLA-A*24:02;HLA-A*24:03;HLA-A*24:07;HLA-A*24:19,joint,mlp,naive,HLA-A*24:02,0.018032748490087454,0.10187112083421622,0.3647469458987784,573
groove:A*23:01 +4,HLA-A*23:01;HLA-A*24:02;HLA-A*24:03;HLA-A*24:07;HLA-A*24:19,joint,mlp,naive,HLA-A*24:03,0.19552023017274833,0.021651141981666497,0.41796875,512
groove:A*23:01 +4,HLA-A*23:01;HLA-A*24:02;HLA-A*24:03;HLA-A*24:07;HLA-A*24:19,joint,mlp,naive,HLA-A*24:07,-0.06487951730523422,0.10407105485009166,0.30113636363636365,352
groove:A*23:01 +4,HLA-A*23:01;HLA-A*24:02;HLA-A*24:03;HLA-A*24:07;HLA-A*24:19,joint,mlp,naive,HLA-A*24:19,0.10402047311099862,0.09637888875446878,0.6772486772486772,378
groove:A*23:01 +4,HLA-A*23:01;HLA-A*24:02;HLA-A*24:03;HLA-A*24:07;HLA-A*24:19,joint,mlp,tobit,HLA-A*23:01,0.009550735819177066,0.07585632488420986,0.21505376344086022,372
groove:A*23:01 +4,HLA-A*23:01;HLA-A*24:02;HLA-A*24:03;HLA-A*24:07;HLA-A*24:19,joint,mlp,tobit,HLA-A*24:02,0.014136142520544284,0.1189507721240578,0.40663176265270506,573
groove:A*23:01 +4,HLA-A*23:01;HLA-A*24:02;HLA-A*24:03;HLA-A*24:07;HLA-A*24:19,joint,mlp,tobit,HLA-A*24:03,0.20609726673503767,0.08075831344914798,0.423828125,512
groove:A*23:01 +4,HLA-A*23:01;HLA-A*24:02;HLA-A*24:03;HLA-A*24:07;HLA-A*24:19,joint,mlp,tobit,HLA-A*24:07,-0.05206932751525349,0.06687461892844328,0.3181818181818182,352
groove:A*23:01 +4,HLA-A*23:01;HLA-A*24:02;HLA-A*24:03;HLA-A*24:07;HLA-A*24:19,joint,mlp,tobit,HLA-A*24:19,0.08658906447306747,0.3694114698572891,0.7407407407407407,378
groove:A*25:01 +5,HLA-A*25:01;HLA-A*26:01;HLA-A*26:02;HLA-A*26:03;HLA-A*43:01;HLA-A*66:01,concat,ridge,tobit,HLA-A*25:01,-0.04768938087989386,0.03445650281411206,0.5757575757575758,363
groove:A*25:01 +5,HLA-A*25:01;HLA-A*26:01;HLA-A*26:02;HLA-A*26:03;HLA-A*43:01;HLA-A*66:01,concat,ridge,tobit,HLA-A*26:01,-0.113994952958866,0.09143455849555261,0.6066176470588235,272
groove:A*25:01 +5,HLA-A*25:01;HLA-A*26:01;HLA-A*26:02;HLA-A*26:03;HLA-A*43:01;HLA-A*66:01,concat,ridge,tobit,HLA-A*26:02,-0.02717903661560736,0.033820463729065255,0.673469387755102,343
groove:A*25:01 +5,HLA-A*25:01;HLA-A*26:01;HLA-A*26:02;HLA-A*26:03;HLA-A*43:01;HLA-A*66:01,concat,ridge,tobit,HLA-A*26:03,-0.05483382282992608,0.04803513008846076,0.5777126099706745,341
groove:A*25:01 +5,HLA-A*25:01;HLA-A*26:01;HLA-A*26:02;HLA-A*26:03;HLA-A*43:01;HLA-A*66:01,concat,ridge,tobit,HLA-A*43:01,0.03125284538820959,-0.13213976336087727,0.3593314763231198,359
groove:A*25:01 +5,HLA-A*25:01;HLA-A*26:01;HLA-A*26:02;HLA-A*26:03;HLA-A*43:01;HLA-A*66:01,concat,ridge,tobit,HLA-A*66:01,0.05855880345335393,0.009948838756781035,0.518324607329843,382
groove:A*25:01 +5,HLA-A*25:01;HLA-A*26:01;HLA-A*26:02;HLA-A*26:03;HLA-A*43:01;HLA-A*66:01,concat,mlp,naive,HLA-A*25:01,0.13885017814979134,-0.034464280069503576,0.3856749311294766,363
groove:A*25:01 +5,HLA-A*25:01;HLA-A*26:01;HLA-A*26:02;HLA-A*26:03;HLA-A*43:01;HLA-A*66:01,concat,mlp,naive,HLA-A*26:01,0.1998692936036219,0.07946936935432701,0.46691176470588236,272
groove:A*25:01 +5,HLA-A*25:01;HLA-A*26:01;HLA-A*26:02;HLA-A*26:03;HLA-A*43:01;HLA-A*66:01,concat,mlp,naive,HLA-A*26:02,0.0639613487140738,-0.04805321324193254,0.4227405247813411,343
groove:A*25:01 +5,HLA-A*25:01;HLA-A*26:01;HLA-A*26:02;HLA-A*26:03;HLA-A*43:01;HLA-A*66:01,concat,mlp,naive,HLA-A*26:03,0.05066716648246266,0.11548532362474237,0.3724340175953079,341
groove:A*25:01 +5,HLA-A*25:01;HLA-A*26:01;HLA-A*26:02;HLA-A*26:03;HLA-A*43:01;HLA-A*66:01,concat,mlp,naive,HLA-A*43:01,0.11651492884876109,-0.008749474798089043,0.28969359331476324,359
groove:A*25:01 +5,HLA-A*25:01;HLA-A*26:01;HLA-A*26:02;HLA-A*26:03;HLA-A*43:01;HLA-A*66:01,concat,mlp,naive,HLA-A*66:01,0.2609091710293154,0.06444383473705363,0.4712041884816754,382
groove:A*25:01 +5,HLA-A*25:01;HLA-A*26:01;HLA-A*26:02;HLA-A*26:03;HLA-A*43:01;HLA-A*66:01,concat,mlp,tobit,HLA-A*25:01,0.13004655200935486,-0.0417164452824925,0.5068870523415978,363
groove:A*25:01 +5,HLA-A*25:01;HLA-A*26:01;HLA-A*26:02;HLA-A*26:03;HLA-A*43:01;HLA-A*66:01,concat,mlp,tobit,HLA-A*26:01,0.15945136857848574,-0.02566090302144133,0.625,272
groove:A*25:01 +5,HLA-A*25:01;HLA-A*26:01;HLA-A*26:02;HLA-A*26:03;HLA-A*43:01;HLA-A*66:01,concat,mlp,tobit,HLA-A*26:02,0.036071642024290425,0.02143291308480028,0.5422740524781341,343
groove:A*25:01 +5,HLA-A*25:01;HLA-A*26:01;HLA-A*26:02;HLA-A*26:03;HLA-A*43:01;HLA-A*66:01,concat,mlp,tobit,HLA-A*26:03,0.06325066175832361,0.05182959122837281,0.4897360703812317,341
groove:A*25:01 +5,HLA-A*25:01;HLA-A*26:01;HLA-A*26:02;HLA-A*26:03;HLA-A*43:01;HLA-A*66:01,concat,mlp,tobit,HLA-A*43:01,0.14373859337600928,-0.05614654819148991,0.4568245125348189,359
groove:A*25:01 +5,HLA-A*25:01;HLA-A*26:01;HLA-A*26:02;HLA-A*26:03;HLA-A*43:01;HLA-A*66:01,concat,mlp,tobit,HLA-A*66:01,0.2746701727414448,0.06570448669173691,0.6596858638743456,382
groove:A*25:01 +5,HLA-A*25:01;HLA-A*26:01;HLA-A*26:02;HLA-A*26:03;HLA-A*43:01;HLA-A*66:01,joint,ridge,tobit,HLA-A*25:01,0.09150713442951951,-0.00703339854520166,0.6005509641873278,363
groove:A*25:01 +5,HLA-A*25:01;HLA-A*26:01;HLA-A*26:02;HLA-A*26:03;HLA-A*43:01;HLA-A*66:01,joint,ridge,tobit,HLA-A*26:01,-0.03798267449872076,0.07339702841113736,0.6948529411764706,272
groove:A*25:01 +5,HLA-A*25:01;HLA-A*26:01;HLA-A*26:02;HLA-A*26:03;HLA-A*43:01;HLA-A*66:01,joint,ridge,tobit,HLA-A*26:02,0.01752485012198828,0.02410035530211385,0.6967930029154519,343
groove:A*25:01 +5,HLA-A*25:01;HLA-A*26:01;HLA-A*26:02;HLA-A*26:03;HLA-A*43:01;HLA-A*66:01,joint,ridge,tobit,HLA-A*26:03,0.027309093607171066,-0.06523958741814352,0.5953079178885631,341
groove:A*25:01 +5,HLA-A*25:01;HLA-A*26:01;HLA-A*26:02;HLA-A*26:03;HLA-A*43:01;HLA-A*66:01,joint,ridge,tobit,HLA-A*43:01,0.059634807816900684,-0.00664983470079279,0.4568245125348189,359
groove:A*25:01 +5,HLA-A*25:01;HLA-A*26:01;HLA-A*26:02;HLA-A*26:03;HLA-A*43:01;HLA-A*66:01,joint,ridge,tobit,HLA-A*66:01,0.11119140837668566,-0.1271973417807364,0.5785340314136126,382
groove:A*25:01 +5,HLA-A*25:01;HLA-A*26:01;HLA-A*26:02;HLA-A*26:03;HLA-A*43:01;HLA-A*66:01,joint,mlp,naive,HLA-A*25:01,0.18371457175008093,0.013578586155180834,0.43526170798898073,363
groove:A*25:01 +5,HLA-A*25:01;HLA-A*26:01;HLA-A*26:02;HLA-A*26:03;HLA-A*43:01;HLA-A*66:01,joint,mlp,naive,HLA-A*26:01,0.13165926250330173,0.11611125033561848,0.5441176470588235,272
groove:A*25:01 +5,HLA-A*25:01;HLA-A*26:01;HLA-A*26:02;HLA-A*26:03;HLA-A*43:01;HLA-A*66:01,joint,mlp,naive,HLA-A*26:02,0.03965416946566456,-0.005743773291796173,0.5102040816326531,343
groove:A*25:01 +5,HLA-A*25:01;HLA-A*26:01;HLA-A*26:02;HLA-A*26:03;HLA-A*43:01;HLA-A*66:01,joint,mlp,naive,HLA-A*26:03,0.08392700613220222,-0.06033974015597904,0.4310850439882698,341
groove:A*25:01 +5,HLA-A*25:01;HLA-A*26:01;HLA-A*26:02;HLA-A*26:03;HLA-A*43:01;HLA-A*66:01,joint,mlp,naive,HLA-A*43:01,0.09229849459387639,-0.09055881483325812,0.4958217270194986,359
groove:A*25:01 +5,HLA-A*25:01;HLA-A*26:01;HLA-A*26:02;HLA-A*26:03;HLA-A*43:01;HLA-A*66:01,joint,mlp,naive,HLA-A*66:01,0.2622485544268786,-0.006424567385517421,0.6230366492146597,382
groove:A*25:01 +5,HLA-A*25:01;HLA-A*26:01;HLA-A*26:02;HLA-A*26:03;HLA-A*43:01;HLA-A*66:01,joint,mlp,tobit,HLA-A*25:01,0.1663103666218939,0.00811845111192173,0.512396694214876,363
groove:A*25:01 +5,HLA-A*25:01;HLA-A*26:01;HLA-A*26:02;HLA-A*26:03;HLA-A*43:01;HLA-A*66:01,joint,mlp,tobit,HLA-A*26:01,0.12535457315714318,0.024778351024950216,0.5919117647058824,272
groove:A*25:01 +5,HLA-A*25:01;HLA-A*26:01;HLA-A*26:02;HLA-A*26:03;HLA-A*43:01;HLA-A*66:01,joint,mlp,tobit,HLA-A*26:02,0.036898871517838,0.004106879986725247,0.5451895043731778,343
groove:A*25:01 +5,HLA-A*25:01;HLA-A*26:01;HLA-A*26:02;HLA-A*26:03;HLA-A*43:01;HLA-A*66:01,joint,mlp,tobit,HLA-A*26:03,0.05904615040229642,-0.013044859863994989,0.5425219941348973,341
groove:A*25:01 +5,HLA-A*25:01;HLA-A*26:01;HLA-A*26:02;HLA-A*26:03;HLA-A*43:01;HLA-A*66:01,joint,mlp,tobit,HLA-A*43:01,0.09674587700172119,0.01110912269235358,0.5654596100278552,359
groove:A*25:01 +5,HLA-A*25:01;HLA-A*26:01;HLA-A*26:02;HLA-A*26:03;HLA-A*43:01;HLA-A*66:01,joint,mlp,tobit,HLA-A*66:01,0.2397411721795738,-0.04515969173012533,0.675392670157068,382
groove:B*15:17 +4,HLA-B*15:17;HLA-B*57:01;HLA-B*57:02;HLA-B*57:03;HLA-B*58:01,concat,ridge,tobit,HLA-B*15:17,0.14009054854670108,-0.10503081039191597,0.40607734806629836,362
groove:B*15:17 +4,HLA-B*15:17;HLA-B*57:01;HLA-B*57:02;HLA-B*57:03;HLA-B*58:01,concat,ridge,tobit,HLA-B*57:01,0.1358299790540238,0.1168204722853473,0.166189111747851,349
groove:B*15:17 +4,HLA-B*15:17;HLA-B*57:01;HLA-B*57:02;HLA-B*57:03;HLA-B*58:01,concat,ridge,tobit,HLA-B*57:02,0.06893023822930607,-0.05352984534300456,0.8787878787878788,363
groove:B*15:17 +4,HLA-B*15:17;HLA-B*57:01;HLA-B*57:02;HLA-B*57:03;HLA-B*58:01,concat,ridge,tobit,HLA-B*57:03,0.06831772753931768,0.10911697077547303,0.7913279132791328,369
groove:B*15:17 +4,HLA-B*15:17;HLA-B*57:01;HLA-B*57:02;HLA-B*57:03;HLA-B*58:01,concat,ridge,tobit,HLA-B*58:01,0.20875819120281366,0.042758611568499076,0.49076517150395776,379
groove:B*15:17 +4,HLA-B*15:17;HLA-B*57:01;HLA-B*57:02;HLA-B*57:03;HLA-B*58:01,concat,mlp,naive,HLA-B*15:17,0.0323592827421101,-0.06288471883232795,0.569060773480663,362
groove:B*15:17 +4,HLA-B*15:17;HLA-B*57:01;HLA-B*57:02;HLA-B*57:03;HLA-B*58:01,concat,mlp,naive,HLA-B*57:01,0.022005037140763618,0.009899078295481811,0.2836676217765043,349
groove:B*15:17 +4,HLA-B*15:17;HLA-B*57:01;HLA-B*57:02;HLA-B*57:03;HLA-B*58:01,concat,mlp,naive,HLA-B*57:02,0.018951140170510975,-0.019559797309671743,0.6363636363636364,363
groove:B*15:17 +4,HLA-B*15:17;HLA-B*57:01;HLA-B*57:02;HLA-B*57:03;HLA-B*58:01,concat,mlp,naive,HLA-B*57:03,0.06163116375648825,0.018663122295147744,0.7262872628726287,369
groove:B*15:17 +4,HLA-B*15:17;HLA-B*57:01;HLA-B*57:02;HLA-B*57:03;HLA-B*58:01,concat,mlp,naive,HLA-B*58:01,0.11494465813446206,0.07194525451711953,0.24274406332453827,379
groove:B*15:17 +4,HLA-B*15:17;HLA-B*57:01;HLA-B*57:02;HLA-B*57:03;HLA-B*58:01,concat,mlp,tobit,HLA-B*15:17,-0.004749241981253781,0.040930725661599075,0.6602209944751382,362
groove:B*15:17 +4,HLA-B*15:17;HLA-B*57:01;HLA-B*57:02;HLA-B*57:03;HLA-B*58:01,concat,mlp,tobit,HLA-B*57:01,0.048565598722451614,-0.0022674213445876322,0.4498567335243553,349
groove:B*15:17 +4,HLA-B*15:17;HLA-B*57:01;HLA-B*57:02;HLA-B*57:03;HLA-B*58:01,concat,mlp,tobit,HLA-B*57:02,-0.03658226483553639,0.004261183316934197,0.721763085399449,363
groove:B*15:17 +4,HLA-B*15:17;HLA-B*57:01;HLA-B*57:02;HLA-B*57:03;HLA-B*58:01,concat,mlp,tobit,HLA-B*57:03,0.03351212369849654,0.09216369073208945,0.7940379403794038,369
groove:B*15:17 +4,HLA-B*15:17;HLA-B*57:01;HLA-B*57:02;HLA-B*57:03;HLA-B*58:01,concat,mlp,tobit,HLA-B*58:01,0.12292077412105194,0.12407006963318587,0.35356200527704484,379
groove:B*15:17 +4,HLA-B*15:17;HLA-B*57:01;HLA-B*57:02;HLA-B*57:03;HLA-B*58:01,joint,ridge,tobit,HLA-B*15:17,-0.0007852738373908358,-0.05578072871614028,0.5580110497237569,362
groove:B*15:17 +4,HLA-B*15:17;HLA-B*57:01;HLA-B*57:02;HLA-B*57:03;HLA-B*58:01,joint,ridge,tobit,HLA-B*57:01,0.3716190684325679,-0.07119906276906572,0.22922636103151864,349
groove:B*15:17 +4,HLA-B*15:17;HLA-B*57:01;HLA-B*57:02;HLA-B*57:03;HLA-B*58:01,joint,ridge,tobit,HLA-B*57:02,0.27217660397176385,0.02874749559832433,0.8925619834710744,363
groove:B*15:17 +4,HLA-B*15:17;HLA-B*57:01;HLA-B*57:02;HLA-B*57:03;HLA-B*58:01,joint,ridge,tobit,HLA-B*57:03,0.2952395297712045,0.05912723433932341,0.8780487804878049,369
groove:B*15:17 +4,HLA-B*15:17;HLA-B*57:01;HLA-B*57:02;HLA-B*57:03;HLA-B*58:01,joint,ridge,tobit,HLA-B*58:01,0.3448632386776388,0.04101546742846562,0.5435356200527705,379
groove:B*15:17 +4,HLA-B*15:17;HLA-B*57:01;HLA-B*57:02;HLA-B*57:03;HLA-B*58:01,joint,mlp,naive,HLA-B*15:17,-0.038983155544592876,0.14911612454989784,0.6132596685082873,362
groove:B*15:17 +4,HLA-B*15:17;HLA-B*57:01;HLA-B*57:02;HLA-B*57:03;HLA-B*58:01,joint,mlp,naive,HLA-B*57:01,0.2289772830408646,-0.014356006605784297,0.10601719197707736,349
groove:B*15:17 +4,HLA-B*15:17;HLA-B*57:01;HLA-B*57:02;HLA-B*57:03;HLA-B*58:01,joint,mlp,naive,HLA-B*57:02,-0.02407895546732683,0.09040482370467304,0.41597796143250687,363
groove:B*15:17 +4,HLA-B*15:17;HLA-B*57:01;HLA-B*57:02;HLA-B*57:03;HLA-B*58:01,joint,mlp,naive,HLA-B*57:03,0.09361846188000249,0.11810614962788875,0.25745257452574527,369
groove:B*15:17 +4,HLA-B*15:17;HLA-B*57:01;HLA-B*57:02;HLA-B*57:03;HLA-B*58:01,joint,mlp,naive,HLA-B*58:01,0.19891313718810347,0.17770173013889165,0.24274406332453827,379
groove:B*15:17 +4,HLA-B*15:17;HLA-B*57:01;HLA-B*57:02;HLA-B*57:03;HLA-B*58:01,joint,mlp,tobit,HLA-B*15:17,-0.02447641456434892,0.18954914339407716,0.6906077348066298,362
groove:B*15:17 +4,HLA-B*15:17;HLA-B*57:01;HLA-B*57:02;HLA-B*57:03;HLA-B*58:01,joint,mlp,tobit,HLA-B*57:01,0.20954451466402035,-0.04532640761076686,0.16045845272206305,349
groove:B*15:17 +4,HLA-B*15:17;HLA-B*57:01;HLA-B*57:02;HLA-B*57:03;HLA-B*58:01,joint,mlp,tobit,HLA-B*57:02,-0.03420719082105478,-0.0442756640647148,0.48760330578512395,363
groove:B*15:17 +4,HLA-B*15:17;HLA-B*57:01;HLA-B*57:02;HLA-B*57:03;HLA-B*58:01,joint,mlp,tobit,HLA-B*57:03,0.06440587572938623,0.011942191396062021,0.3035230352303523,369
groove:B*15:17 +4,HLA-B*15:17;HLA-B*57:01;HLA-B*57:02;HLA-B*57:03;HLA-B*58:01,joint,mlp,tobit,HLA-B*58:01,0.17424755037961417,0.14763866570560086,0.2928759894459103,379
groove:B*07:02 +3,HLA-B*07:02;HLA-B*42:01;HLA-B*42:02;HLA-B*81:01,concat,ridge,tobit,HLA-B*07:02,0.1065708270503622,0.00582438211448673,0.8701700154559505,647
groove:B*07:02 +3,HLA-B*07:02;HLA-B*42:01;HLA-B*42:02;HLA-B*81:01,concat,ridge,tobit,HLA-B*42:01,0.07415913575635553,0.014166832848781272,0.62,350
groove:B*07:02 +3,HLA-B*07:02;HLA-B*42:01;HLA-B*42:02;HLA-B*81:01,concat,ridge,tobit,HLA-B*42:02,0.05454697150980484,-0.07122997911846041,0.7340425531914894,376
groove:B*07:02 +3,HLA-B*07:02;HLA-B*42:01;HLA-B*42:02;HLA-B*81:01,concat,ridge,tobit,HLA-B*81:01,-0.014920435969167265,0.137652917745353,0.4223433242506812,367
groove:B*07:02 +3,HLA-B*07:02;HLA-B*42:01;HLA-B*42:02;HLA-B*81:01,concat,mlp,naive,HLA-B*07:02,0.336349161680544,-0.05212355828201288,0.6321483771251932,647
groove:B*07:02 +3,HLA-B*07:02;HLA-B*42:01;HLA-B*42:02;HLA-B*81:01,concat,mlp,naive,HLA-B*42:01,0.38467195012367666,-0.11072598843372483,0.2257142857142857,350
groove:B*07:02 +3,HLA-B*07:02;HLA-B*42:01;HLA-B*42:02;HLA-B*81:01,concat,mlp,naive,HLA-B*42:02,0.26669224621871235,-0.05848140414244596,0.4654255319148936,376
groove:B*07:02 +3,HLA-B*07:02;HLA-B*42:01;HLA-B*42:02;HLA-B*81:01,concat,mlp,naive,HLA-B*81:01,0.2793850204351366,0.05737316493850274,0.6376021798365122,367
groove:B*07:02 +3,HLA-B*07:02;HLA-B*42:01;HLA-B*42:02;HLA-B*81:01,concat,mlp,tobit,HLA-B*07:02,0.3040236423874775,0.06045968736835371,0.6800618238021638,647
groove:B*07:02 +3,HLA-B*07:02;HLA-B*42:01;HLA-B*42:02;HLA-B*81:01,concat,mlp,tobit,HLA-B*42:01,0.4112952631903357,0.09664410088478856,0.2914285714285714,350
groove:B*07:02 +3,HLA-B*07:02;HLA-B*42:01;HLA-B*42:02;HLA-B*81:01,concat,mlp,tobit,HLA-B*42:02,0.28823904501110914,-0.01488661888368418,0.5904255319148937,376
groove:B*07:02 +3,HLA-B*07:02;HLA-B*42:01;HLA-B*42:02;HLA-B*81:01,concat,mlp,tobit,HLA-B*81:01,0.27383212865352774,0.0013747788409810818,0.7547683923705722,367
groove:B*07:02 +3,HLA-B*07:02;HLA-B*42:01;HLA-B*42:02;HLA-B*81:01,joint,ridge,tobit,HLA-B*07:02,0.07581393457980287,-0.061828587287839576,0.80370942812983,647
groove:B*07:02 +3,HLA-B*07:02;HLA-B*42:01;HLA-B*42:02;HLA-B*81:01,joint,ridge,tobit,HLA-B*42:01,0.059151115757398495,-0.1770791955441643,0.47714285714285715,350
groove:B*07:02 +3,HLA-B*07:02;HLA-B*42:01;HLA-B*42:02;HLA-B*81:01,joint,ridge,tobit,HLA-B*42:02,0.034925430388122534,-0.06669947513968057,0.7154255319148937,376
groove:B*07:02 +3,HLA-B*07:02;HLA-B*42:01;HLA-B*42:02;HLA-B*81:01,joint,ridge,tobit,HLA-B*81:01,-0.07547239552318398,0.11438970792443598,0.7629427792915532,367
groove:B*07:02 +3,HLA-B*07:02;HLA-B*42:01;HLA-B*42:02;HLA-B*81:01,joint,mlp,naive,HLA-B*07:02,0.3669869451456224,0.015486633104855107,0.37712519319938176,647
groove:B*07:02 +3,HLA-B*07:02;HLA-B*42:01;HLA-B*42:02;HLA-B*81:01,joint,mlp,naive,HLA-B*42:01,0.38703438972795473,0.04800584961043413,0.18285714285714286,350
groove:B*07:02 +3,HLA-B*07:02;HLA-B*42:01;HLA-B*42:02;HLA-B*81:01,joint,mlp,naive,HLA-B*42:02,0.25344601703996095,0.16050544613127152,0.48138297872340424,376
groove:B*07:02 +3,HLA-B*07:02;HLA-B*42:01;HLA-B*42:02;HLA-B*81:01,joint,mlp,naive,HLA-B*81:01,0.3581746108996795,0.018171211553288887,0.7247956403269755,367
groove:B*07:02 +3,HLA-B*07:02;HLA-B*42:01;HLA-B*42:02;HLA-B*81:01,joint,mlp,tobit,HLA-B*07:02,0.36230289209584937,0.07619007363242485,0.35394126738794435,647
groove:B*07:02 +3,HLA-B*07:02;HLA-B*42:01;HLA-B*42:02;HLA-B*81:01,joint,mlp,tobit,HLA-B*42:01,0.40594370282853265,0.16421046002707895,0.19142857142857142,350
groove:B*07:02 +3,HLA-B*07:02;HLA-B*42:01;HLA-B*42:02;HLA-B*81:01,joint,mlp,tobit,HLA-B*42:02,0.3049161009826036,0.09717794457926521,0.5797872340425532,376
groove:B*07:02 +3,HLA-B*07:02;HLA-B*42:01;HLA-B*42:02;HLA-B*81:01,joint,mlp,tobit,HLA-B*81:01,0.30976280546071233,-0.027755821021905182,0.7438692098092643,367
groove:A*31:01 +4,HLA-A*31:01;HLA-A*32:01;HLA-A*32:07;HLA-A*33:03;HLA-A*74:01,concat,ridge,tobit,HLA-A*31:01,-0.010600058365932157,-0.07442184329230797,0.612565445026178,382
groove:A*31:01 +4,HLA-A*31:01;HLA-A*32:01;HLA-A*32:07;HLA-A*33:03;HLA-A*74:01,concat,ridge,tobit,HLA-A*32:01,0.38275752893384035,-0.08064516129032258,0.4375,32
groove:A*31:01 +4,HLA-A*31:01;HLA-A*32:01;HLA-A*32:07;HLA-A*33:03;HLA-A*74:01,concat,ridge,tobit,HLA-A*32:07,0.19103713695310978,0.026540085070595652,0.4807692307692308,364
groove:A*31:01 +4,HLA-A*31:01;HLA-A*32:01;HLA-A*32:07;HLA-A*33:03;HLA-A*74:01,concat,ridge,tobit,HLA-A*33:03,-0.29312954951415643,-0.0009775883178196022,0.3692722371967655,371
groove:A*31:01 +4,HLA-A*31:01;HLA-A*32:01;HLA-A*32:07;HLA-A*33:03;HLA-A*74:01,concat,ridge,tobit,HLA-A*74:01,0.06567666513445831,-0.11627181504211238,0.5429362880886427,361
groove:A*31:01 +4,HLA-A*31:01;HLA-A*32:01;HLA-A*32:07;HLA-A*33:03;HLA-A*74:01,concat,mlp,naive,HLA-A*31:01,0.11040804889974239,-0.04430095869610355,0.3795811518324607,382
groove:A*31:01 +4,HLA-A*31:01;HLA-A*32:01;HLA-A*32:07;HLA-A*33:03;HLA-A*74:01,concat,mlp,naive,HLA-A*32:01,0.3182292423556569,0.4556451612903225,0.40625,32
groove:A*31:01 +4,HLA-A*31:01;HLA-A*32:01;HLA-A*32:07;HLA-A*33:03;HLA-A*74:01,concat,mlp,naive,HLA-A*32:07,0.21207221959580785,0.07688923778587538,0.33516483516483514,364
groove:A*31:01 +4,HLA-A*31:01;HLA-A*32:01;HLA-A*32:07;HLA-A*33:03;HLA-A*74:01,concat,mlp,naive,HLA-A*33:03,0.23050429313344456,0.0033651597863405534,0.29110512129380056,371
groove:A*31:01 +4,HLA-A*31:01;HLA-A*32:01;HLA-A*32:07;HLA-A*33:03;HLA-A*74:01,concat,mlp,naive,HLA-A*74:01,0.16785861465912902,0.07714375353912549,0.4155124653739612,361
groove:A*31:01 +4,HLA-A*31:01;HLA-A*32:01;HLA-A*32:07;HLA-A*33:03;HLA-A*74:01,concat,mlp,tobit,HLA-A*31:01,0.06991431392477811,0.07202540291324508,0.4397905759162304,382
groove:A*31:01 +4,HLA-A*31:01;HLA-A*32:01;HLA-A*32:07;HLA-A*33:03;HLA-A*74:01,concat,mlp,tobit,HLA-A*32:01,0.3003966389423128,0.43181818181818177,0.5625,32
groove:A*31:01 +4,HLA-A*31:01;HLA-A*32:01;HLA-A*32:07;HLA-A*33:03;HLA-A*74:01,concat,mlp,tobit,HLA-A*32:07,0.19296978157351366,0.15583644251141138,0.3983516483516483,364
groove:A*31:01 +4,HLA-A*31:01;HLA-A*32:01;HLA-A*32:07;HLA-A*33:03;HLA-A*74:01,concat,mlp,tobit,HLA-A*33:03,0.18299935502734857,0.02748738652573102,0.38544474393531,371
groove:A*31:01 +4,HLA-A*31:01;HLA-A*32:01;HLA-A*32:07;HLA-A*33:03;HLA-A*74:01,concat,mlp,tobit,HLA-A*74:01,0.11162149714552991,0.12133448625926549,0.47645429362880887,361
groove:A*31:01 +4,HLA-A*31:01;HLA-A*32:01;HLA-A*32:07;HLA-A*33:03;HLA-A*74:01,joint,ridge,tobit,HLA-A*31:01,0.01860147195222902,0.05933685961394041,0.599476439790576,382
groove:A*31:01 +4,HLA-A*31:01;HLA-A*32:01;HLA-A*32:07;HLA-A*33:03;HLA-A*74:01,joint,ridge,tobit,HLA-A*32:01,0.29304298805021206,0.019061583577712607,0.5625,32
groove:A*31:01 +4,HLA-A*31:01;HLA-A*32:01;HLA-A*32:07;HLA-A*33:03;HLA-A*74:01,joint,ridge,tobit,HLA-A*32:07,0.15964027266441008,0.04524392170718446,0.47527472527472525,364
groove:A*31:01 +4,HLA-A*31:01;HLA-A*32:01;HLA-A*32:07;HLA-A*33:03;HLA-A*74:01,joint,ridge,tobit,HLA-A*33:03,-0.28949341846051824,-0.009816302695182792,0.3557951482479784,371
groove:A*31:01 +4,HLA-A*31:01;HLA-A*32:01;HLA-A*32:07;HLA-A*33:03;HLA-A*74:01,joint,ridge,tobit,HLA-A*74:01,0.07883671631277603,0.09477931765528284,0.5484764542936288,361
groove:A*31:01 +4,HLA-A*31:01;HLA-A*32:01;HLA-A*32:07;HLA-A*33:03;HLA-A*74:01,joint,mlp,naive,HLA-A*31:01,0.048787644177568215,0.0053754236684726365,0.35602094240837695,382
groove:A*31:01 +4,HLA-A*31:01;HLA-A*32:01;HLA-A*32:07;HLA-A*33:03;HLA-A*74:01,joint,mlp,naive,HLA-A*32:01,0.3568359095391855,-0.04545454545454545,0.5,32
groove:A*31:01 +4,HLA-A*31:01;HLA-A*32:01;HLA-A*32:07;HLA-A*33:03;HLA-A*74:01,joint,mlp,naive,HLA-A*32:07,0.18809020471707347,0.12475867843240196,0.3159340659340659,364
groove:A*31:01 +4,HLA-A*31:01;HLA-A*32:01;HLA-A*32:07;HLA-A*33:03;HLA-A*74:01,joint,mlp,naive,HLA-A*33:03,0.16539099904572926,-0.005275686955540882,0.2560646900269542,371
groove:A*31:01 +4,HLA-A*31:01;HLA-A*32:01;HLA-A*32:07;HLA-A*33:03;HLA-A*74:01,joint,mlp,naive,HLA-A*74:01,0.19596522332720914,0.21433964381730708,0.38227146814404434,361
groove:A*31:01 +4,HLA-A*31:01;HLA-A*32:01;HLA-A*32:07;HLA-A*33:03;HLA-A*74:01,joint,mlp,tobit,HLA-A*31:01,-0.011036324839297371,-0.05848845979266193,0.4293193717277487,382
groove:A*31:01 +4,HLA-A*31:01;HLA-A*32:01;HLA-A*32:07;HLA-A*33:03;HLA-A*74:01,joint,mlp,tobit,HLA-A*32:01,0.4250410215634193,-0.035557184750733134,0.625,32
groove:A*31:01 +4,HLA-A*31:01;HLA-A*32:01;HLA-A*32:07;HLA-A*33:03;HLA-A*74:01,joint,mlp,tobit,HLA-A*32:07,0.18028806097921732,0.14247247148866077,0.38186813186813184,364
groove:A*31:01 +4,HLA-A*31:01;HLA-A*32:01;HLA-A*32:07;HLA-A*33:03;HLA-A*74:01,joint,mlp,tobit,HLA-A*33:03,0.14390151633778267,-0.05403878241132874,0.38274932614555257,371
groove:A*31:01 +4,HLA-A*31:01;HLA-A*32:01;HLA-A*32:07;HLA-A*33:03;HLA-A*74:01,joint,mlp,tobit,HLA-A*74:01,0.12284793450314034,0.06602107915907826,0.4626038781163435,361
groove:B*27:02 +3,HLA-B*27:02;HLA-B*27:03;HLA-B*27:05;HLA-B*27:20,concat,ridge,tobit,HLA-B*27:02,-0.25623700366854757,-0.032818896947532844,0.41225626740947074,359
groove:B*27:02 +3,HLA-B*27:02;HLA-B*27:03;HLA-B*27:05;HLA-B*27:20,concat,ridge,tobit,HLA-B*27:03,0.3783939409944885,0.047575808360855794,0.6820652173913043,368
groove:B*27:02 +3,HLA-B*27:02;HLA-B*27:03;HLA-B*27:05;HLA-B*27:20,concat,ridge,tobit,HLA-B*27:05,0.2831461286063948,0.023664051605291964,0.5819672131147541,366
groove:B*27:02 +3,HLA-B*27:02;HLA-B*27:03;HLA-B*27:05;HLA-B*27:20,concat,ridge,tobit,HLA-B*27:20,-0.1882515768472157,0.004093454037253322,0.6222826086956522,368
groove:B*27:02 +3,HLA-B*27:02;HLA-B*27:03;HLA-B*27:05;HLA-B*27:20,concat,mlp,naive,HLA-B*27:02,-0.11033306469450652,0.1886037669296567,0.3398328690807799,359
groove:B*27:02 +3,HLA-B*27:02;HLA-B*27:03;HLA-B*27:05;HLA-B*27:20,concat,mlp,naive,HLA-B*27:03,0.49522807897276605,0.0636019217081165,0.5543478260869565,368
groove:B*27:02 +3,HLA-B*27:02;HLA-B*27:03;HLA-B*27:05;HLA-B*27:20,concat,mlp,naive,HLA-B*27:05,0.3068462853243156,0.02678229965898751,0.40710382513661203,366
groove:B*27:02 +3,HLA-B*27:02;HLA-B*27:03;HLA-B*27:05;HLA-B*27:20,concat,mlp,naive,HLA-B*27:20,0.0866317431940648,-0.05439261328995235,0.4429347826086957,368
groove:B*27:02 +3,HLA-B*27:02;HLA-B*27:03;HLA-B*27:05;HLA-B*27:20,concat,mlp,tobit,HLA-B*27:02,-0.13777400480868288,0.16575683540561148,0.3370473537604457,359
groove:B*27:02 +3,HLA-B*27:02;HLA-B*27:03;HLA-B*27:05;HLA-B*27:20,concat,mlp,tobit,HLA-B*27:03,0.48533537616155586,-0.003935254078284178,0.33152173913043476,368
groove:B*27:02 +3,HLA-B*27:02;HLA-B*27:03;HLA-B*27:05;HLA-B*27:20,concat,mlp,tobit,HLA-B*27:05,0.2955851282786474,-0.1088629592394314,0.2568306010928962,366
groove:B*27:02 +3,HLA-B*27:02;HLA-B*27:03;HLA-B*27:05;HLA-B*27:20,concat,mlp,tobit,HLA-B*27:20,0.13645704004570236,-0.010278422296129132,0.5978260869565217,368
groove:B*27:02 +3,HLA-B*27:02;HLA-B*27:03;HLA-B*27:05;HLA-B*27:20,joint,ridge,tobit,HLA-B*27:02,-0.12998972436560233,-0.04231856543367413,0.4568245125348189,359
groove:B*27:02 +3,HLA-B*27:02;HLA-B*27:03;HLA-B*27:05;HLA-B*27:20,joint,ridge,tobit,HLA-B*27:03,0.47241277039092167,-0.15599984781982637,0.6820652173913043,368
groove:B*27:02 +3,HLA-B*27:02;HLA-B*27:03;HLA-B*27:05;HLA-B*27:20,joint,ridge,tobit,HLA-B*27:05,0.3555619790517835,-0.03789026287883562,0.6366120218579235,366
groove:B*27:02 +3,HLA-B*27:02;HLA-B*27:03;HLA-B*27:05;HLA-B*27:20,joint,ridge,tobit,HLA-B*27:20,-0.14612007746201636,-0.010036908507931189,0.6086956521739131,368
groove:B*27:02 +3,HLA-B*27:02;HLA-B*27:03;HLA-B*27:05;HLA-B*27:20,joint,mlp,naive,HLA-B*27:02,-0.10720433673798149,-0.019892573515299588,0.25069637883008355,359
groove:B*27:02 +3,HLA-B*27:02;HLA-B*27:03;HLA-B*27:05;HLA-B*27:20,joint,mlp,naive,HLA-B*27:03,0.519822819151473,0.07683196515651924,0.4592391304347826,368
groove:B*27:02 +3,HLA-B*27:02;HLA-B*27:03;HLA-B*27:05;HLA-B*27:20,joint,mlp,naive,HLA-B*27:05,0.3852524470614077,0.08260701691478237,0.47540983606557374,366
groove:B*27:02 +3,HLA-B*27:02;HLA-B*27:03;HLA-B*27:05;HLA-B*27:20,joint,mlp,naive,HLA-B*27:20,0.11032212586387702,0.08036341203359906,0.4592391304347826,368
groove:B*27:02 +3,HLA-B*27:02;HLA-B*27:03;HLA-B*27:05;HLA-B*27:20,joint,mlp,tobit,HLA-B*27:02,-0.09959744340591307,0.03548653148877235,0.3426183844011142,359
groove:B*27:02 +3,HLA-B*27:02;HLA-B*27:03;HLA-B*27:05;HLA-B*27:20,joint,mlp,tobit,HLA-B*27:03,0.5014006787891637,0.07746741369794934,0.6141304347826086,368
groove:B*27:02 +3,HLA-B*27:02;HLA-B*27:03;HLA-B*27:05;HLA-B*27:20,joint,mlp,tobit,HLA-B*27:05,0.34783079181960036,-0.08340836260770224,0.5846994535519126,366
groove:B*27:02 +3,HLA-B*27:02;HLA-B*27:03;HLA-B*27:05;HLA-B*27:20,joint,mlp,tobit,HLA-B*27:20,0.13637072357189844,-0.07662464374910305,0.6032608695652174,368
groove:B*54:01 +2,HLA-B*54:01;HLA-B*55:01;HLA-B*56:01,concat,ridge,tobit,HLA-B*54:01,0.05115976903440221,-0.03170658760020235,0.6722689075630253,357
groove:B*54:01 +2,HLA-B*54:01;HLA-B*55:01;HLA-B*56:01,concat,ridge,tobit,HLA-B*55:01,0.21215066908442534,0.06564511823359971,0.6984126984126984,378
groove:B*54:01 +2,HLA-B*54:01;HLA-B*55:01;HLA-B*56:01,concat,ridge,tobit,HLA-B*56:01,0.17525651758037145,0.012269767289545897,0.7309782608695652,368
groove:B*54:01 +2,HLA-B*54:01;HLA-B*55:01;HLA-B*56:01,concat,mlp,naive,HLA-B*54:01,0.4344144281006197,0.1983335170738938,0.4061624649859944,357
groove:B*54:01 +2,HLA-B*54:01;HLA-B*55:01;HLA-B*56:01,concat,mlp,naive,HLA-B*55:01,0.38352435244617816,0.06769185888465298,0.48148148148148145,378
groove:B*54:01 +2,HLA-B*54:01;HLA-B*55:01;HLA-B*56:01,concat,mlp,naive,HLA-B*56:01,0.2637141578573598,0.09800427260284923,0.3641304347826087,368
groove:B*54:01 +2,HLA-B*54:01;HLA-B*55:01;HLA-B*56:01,concat,mlp,tobit,HLA-B*54:01,0.4123283637888619,0.05052830246404004,0.5910364145658263,357
groove:B*54:01 +2,HLA-B*54:01;HLA-B*55:01;HLA-B*56:01,concat,mlp,tobit,HLA-B*55:01,0.35005028843388825,-0.020866556486609258,0.5555555555555556,378
groove:B*54:01 +2,HLA-B*54:01;HLA-B*55:01;HLA-B*56:01,concat,mlp,tobit,HLA-B*56:01,0.22895762618886142,-0.01488428046228099,0.5597826086956522,368
groove:B*54:01 +2,HLA-B*54:01;HLA-B*55:01;HLA-B*56:01,joint,ridge,tobit,HLA-B*54:01,0.00923926054132884,0.10633752664046013,0.6246498599439776,357
groove:B*54:01 +2,HLA-B*54:01;HLA-B*55:01;HLA-B*56:01,joint,ridge,tobit,HLA-B*55:01,0.2694729286650394,0.14694085631283296,0.7433862433862434,378
groove:B*54:01 +2,HLA-B*54:01;HLA-B*55:01;HLA-B*56:01,joint,ridge,tobit,HLA-B*56:01,0.2183894697968954,0.06065427726543058,0.7364130434782609,368
groove:B*54:01 +2,HLA-B*54:01;HLA-B*55:01;HLA-B*56:01,joint,mlp,naive,HLA-B*54:01,0.3878157524106941,0.10052305398965813,0.40896358543417366,357
groove:B*54:01 +2,HLA-B*54:01;HLA-B*55:01;HLA-B*56:01,joint,mlp,naive,HLA-B*55:01,0.35909929563761894,0.06686023163140804,0.4894179894179894,378
groove:B*54:01 +2,HLA-B*54:01;HLA-B*55:01;HLA-B*56:01,joint,mlp,naive,HLA-B*56:01,0.19499198636369866,0.0802914154008262,0.328804347826087,368
groove:B*54:01 +2,HLA-B*54:01;HLA-B*55:01;HLA-B*56:01,joint,mlp,tobit,HLA-B*54:01,0.3990046481922255,0.05759132477295733,0.5770308123249299,357
groove:B*54:01 +2,HLA-B*54:01;HLA-B*55:01;HLA-B*56:01,joint,mlp,tobit,HLA-B*55:01,0.408481351972669,-0.004924997464347843,0.5608465608465608,378
groove:B*54:01 +2,HLA-B*54:01;HLA-B*55:01;HLA-B*56:01,joint,mlp,tobit,HLA-B*56:01,0.2782619643622262,-0.03289331110347,0.5652173913043478,368
groove:B*40:01 +3,HLA-B*40:01;HLA-B*40:02;HLA-B*41:01;HLA-B*45:01,concat,ridge,tobit,HLA-B*40:01,-0.10907851397852175,0.08418401189748247,0.09933774834437085,302
groove:B*40:01 +3,HLA-B*40:01;HLA-B*40:02;HLA-B*41:01;HLA-B*45:01,concat,ridge,tobit,HLA-B*41:01,0.21168482252710852,-0.08511543058802228,0.8668478260869565,368
groove:B*40:01 +3,HLA-B*40:01;HLA-B*40:02;HLA-B*41:01;HLA-B*45:01,concat,ridge,tobit,HLA-B*45:01,-0.005279683706946811,0.22661674579072527,0.5190217391304348,368
groove:B*40:01 +3,HLA-B*40:01;HLA-B*40:02;HLA-B*41:01;HLA-B*45:01,concat,mlp,naive,HLA-B*40:01,-0.03009867436745227,-0.11889792750369182,0.152317880794702,302
groove:B*40:01 +3,HLA-B*40:01;HLA-B*40:02;HLA-B*41:01;HLA-B*45:01,concat,mlp,naive,HLA-B*41:01,0.026327492993292578,0.18528080613112732,0.40217391304347827,368
groove:B*40:01 +3,HLA-B*40:01;HLA-B*40:02;HLA-B*41:01;HLA-B*45:01,concat,mlp,naive,HLA-B*45:01,0.05588579440660003,-0.14522924787357103,0.5815217391304348,368
groove:B*40:01 +3,HLA-B*40:01;HLA-B*40:02;HLA-B*41:01;HLA-B*45:01,concat,mlp,tobit,HLA-B*40:01,0.005805358342709647,0.1506731980540027,0.16556291390728478,302
groove:B*40:01 +3,HLA-B*40:01;HLA-B*40:02;HLA-B*41:01;HLA-B*45:01,concat,mlp,tobit,HLA-B*41:01,0.03094327983133305,-0.026782506600092657,0.5896739130434783,368
groove:B*40:01 +3,HLA-B*40:01;HLA-B*40:02;HLA-B*41:01;HLA-B*45:01,concat,mlp,tobit,HLA-B*45:01,0.06374066636585804,0.06013765563553041,0.4483695652173913,368
groove:B*40:01 +3,HLA-B*40:01;HLA-B*40:02;HLA-B*41:01;HLA-B*45:01,joint,ridge,tobit,HLA-B*40:01,0.0393371988900589,0.06326669717861756,0.40066225165562913,302
groove:B*40:01 +3,HLA-B*40:01;HLA-B*40:02;HLA-B*41:01;HLA-B*45:01,joint,ridge,tobit,HLA-B*41:01,0.12579883350308388,-0.10422608194806035,0.8016304347826086,368
groove:B*40:01 +3,HLA-B*40:01;HLA-B*40:02;HLA-B*41:01;HLA-B*45:01,joint,ridge,tobit,HLA-B*45:01,-0.026266516539051973,0.04343275129232752,0.6847826086956522,368
groove:B*40:01 +3,HLA-B*40:01;HLA-B*40:02;HLA-B*41:01;HLA-B*45:01,joint,mlp,naive,HLA-B*40:01,0.034482855505290975,-0.06408272122453275,0.20198675496688742,302
groove:B*40:01 +3,HLA-B*40:01;HLA-B*40:02;HLA-B*41:01;HLA-B*45:01,joint,mlp,naive,HLA-B*41:01,-0.046743144120778374,0.09304565501525172,0.37228260869565216,368
groove:B*40:01 +3,HLA-B*40:01;HLA-B*40:02;HLA-B*41:01;HLA-B*45:01,joint,mlp,naive,HLA-B*45:01,0.036452954485372314,0.05760428916929852,0.41847826086956524,368
groove:B*40:01 +3,HLA-B*40:01;HLA-B*40:02;HLA-B*41:01;HLA-B*45:01,joint,mlp,tobit,HLA-B*40:01,0.04107276300807368,0.11056559441339395,0.16887417218543047,302
groove:B*40:01 +3,HLA-B*40:01;HLA-B*40:02;HLA-B*41:01;HLA-B*45:01,joint,mlp,tobit,HLA-B*41:01,-0.023348277841434884,-3.635950350736773e-05,0.6358695652173914,368
groove:B*40:01 +3,HLA-B*40:01;HLA-B*40:02;HLA-B*41:01;HLA-B*45:01,joint,mlp,tobit,HLA-B*45:01,0.05764895649314382,0.12186838726579423,0.5760869565217391,368
groove:B*08:01 +1,HLA-B*08:01;HLA-B*08:03,concat,ridge,tobit,HLA-B*08:01,0.0270019887640945,0.09460356523939334,0.8795698924731182,465
groove:B*08:01 +1,HLA-B*08:01;HLA-B*08:03,concat,ridge,tobit,HLA-B*08:03,0.00871010901137608,-0.02602894717507898,0.0,350
groove:B*08:01 +1,HLA-B*08:01;HLA-B*08:03,concat,mlp,naive,HLA-B*08:01,0.20445368092121446,-0.00585700850253262,0.524731182795699,465
groove:B*08:01 +1,HLA-B*08:01;HLA-B*08:03,concat,mlp,naive,HLA-B*08:03,-0.1399422143912925,0.11708862929493301,0.3314285714285714,350
groove:B*08:01 +1,HLA-B*08:01;HLA-B*08:03,concat,mlp,tobit,HLA-B*08:01,0.23017941399593858,-0.014873822606902282,0.432258064516129,465
groove:B*08:01 +1,HLA-B*08:01;HLA-B*08:03,concat,mlp,tobit,HLA-B*08:03,-0.12776369037914542,0.03610091277713054,0.18857142857142858,350
groove:B*08:01 +1,HLA-B*08:01;HLA-B*08:03,joint,ridge,tobit,HLA-B*08:01,-0.00014320441890209223,-0.013072106823509195,0.843010752688172,465
groove:B*08:01 +1,HLA-B*08:01;HLA-B*08:03,joint,ridge,tobit,HLA-B*08:03,0.05778960007011483,-0.2761328197431349,0.08,350
groove:B*08:01 +1,HLA-B*08:01;HLA-B*08:03,joint,mlp,naive,HLA-B*08:01,0.0970022084356271,0.031460028055136036,0.5741935483870968,465
groove:B*08:01 +1,HLA-B*08:01;HLA-B*08:03,joint,mlp,naive,HLA-B*08:03,-0.07286130751189601,0.13292567985977727,0.5114285714285715,350
groove:B*08:01 +1,HLA-B*08:01;HLA-B*08:03,joint,mlp,tobit,HLA-B*08:01,0.1261111837196558,-0.05462053688647854,0.4817204301075269,465
groove:B*08:01 +1,HLA-B*08:01;HLA-B*08:03,joint,mlp,tobit,HLA-B*08:03,-0.04829733328113674,0.22837228991956784,0.31142857142857144,350
groove:A*68:01 +3,HLA-A*68:01;HLA-A*68:02;HLA-A*68:23;HLA-A*69:01,concat,ridge,tobit,HLA-A*68:01,0.10057645840463379,0.014731001002480735,0.5090439276485789,387
groove:A*68:01 +3,HLA-A*68:01;HLA-A*68:02;HLA-A*68:23;HLA-A*69:01,concat,ridge,tobit,HLA-A*68:23,0.16704981987287879,-0.0374943872822982,0.6639566395663956,369
groove:A*68:01 +3,HLA-A*68:01;HLA-A*68:02;HLA-A*68:23;HLA-A*69:01,concat,mlp,naive,HLA-A*68:01,0.38635927610581733,-0.07817527802173824,0.3875968992248062,387
groove:A*68:01 +3,HLA-A*68:01;HLA-A*68:02;HLA-A*68:23;HLA-A*69:01,concat,mlp,naive,HLA-A*68:23,0.3726198471380219,0.03659515825475529,0.5772357723577236,369
groove:A*68:01 +3,HLA-A*68:01;HLA-A*68:02;HLA-A*68:23;HLA-A*69:01,concat,mlp,tobit,HLA-A*68:01,0.4010087372133014,-0.05298820832551762,0.5012919896640827,387
groove:A*68:01 +3,HLA-A*68:01;HLA-A*68:02;HLA-A*68:23;HLA-A*69:01,concat,mlp,tobit,HLA-A*68:23,0.3721580317432299,0.1060426279938475,0.7018970189701897,369
groove:A*68:01 +3,HLA-A*68:01;HLA-A*68:02;HLA-A*68:23;HLA-A*69:01,joint,ridge,tobit,HLA-A*68:01,0.017849592190348283,-0.049879938335633534,0.5142118863049095,387
groove:A*68:01 +3,HLA-A*68:01;HLA-A*68:02;HLA-A*68:23;HLA-A*69:01,joint,ridge,tobit,HLA-A*68:23,0.060980794200611865,-0.0019594355755543458,0.7452574525745257,369
groove:A*68:01 +3,HLA-A*68:01;HLA-A*68:02;HLA-A*68:23;HLA-A*69:01,joint,mlp,naive,HLA-A*68:01,0.4959349935474072,-0.02600880576428494,0.42377260981912146,387
groove:A*68:01 +3,HLA-A*68:01;HLA-A*68:02;HLA-A*68:23;HLA-A*69:01,joint,mlp,naive,HLA-A*68:23,0.37201133920114693,0.012140666647559542,0.5420054200542005,369
groove:A*68:01 +3,HLA-A*68:01;HLA-A*68:02;HLA-A*68:23;HLA-A*69:01,joint,mlp,tobit,HLA-A*68:01,0.49156319381958985,-0.007408046926533194,0.5116279069767442,387
groove:A*68:01 +3,HLA-A*68:01;HLA-A*68:02;HLA-A*68:23;HLA-A*69:01,joint,mlp,tobit,HLA-A*68:23,0.3311715101070626,-0.024803435460911603,0.6693766937669376,369
groove:A*29:02,HLA-A*29:02,concat,ridge,tobit,HLA-A*29:02,0.15126475581320248,0.020654484436728505,0.27676240208877284,383
groove:A*29:02,HLA-A*29:02,concat,mlp,naive,HLA-A*29:02,0.27069265847710516,0.037134926113761575,0.3394255874673629,383
groove:A*29:02,HLA-A*29:02,concat,mlp,tobit,HLA-A*29:02,0.28913147320264077,0.10090217591896437,0.4073107049608355,383
groove:A*29:02,HLA-A*29:02,joint,ridge,tobit,HLA-A*29:02,0.17611542174988107,0.0878793846458792,0.5143603133159269,383
groove:A*29:02,HLA-A*29:02,joint,mlp,naive,HLA-A*29:02,0.16534720952417659,-0.04428240297732151,0.4960835509138381,383
groove:A*29:02,HLA-A*29:02,joint,mlp,tobit,HLA-A*29:02,0.17615891909870907,-0.08982671592415897,0.5456919060052219,383
groove:B*46:01,HLA-B*46:01,concat,ridge,tobit,HLA-B*46:01,0.00644819940478678,-0.055911296123414084,0.5761772853185596,361
groove:B*46:01,HLA-B*46:01,concat,mlp,naive,HLA-B*46:01,0.0971035799866072,0.040475097310009533,0.4155124653739612,361
groove:B*46:01,HLA-B*46:01,concat,mlp,tobit,HLA-B*46:01,0.10157678863516134,-0.014913300990189922,0.5013850415512465,361
groove:B*46:01,HLA-B*46:01,joint,ridge,tobit,HLA-B*46:01,0.00769030202497163,-0.027385816970457545,0.5706371191135734,361
groove:B*46:01,HLA-B*46:01,joint,mlp,naive,HLA-B*46:01,0.06552712637174833,0.036239880014079975,0.3490304709141274,361
groove:B*46:01,HLA-B*46:01,joint,mlp,tobit,HLA-B*46:01,0.042508569449408284,0.03788432990006274,0.4099722991689751,361
groove:B*18:01,HLA-B*18:01,concat,ridge,tobit,HLA-B*18:01,-0.09463181674867213,-0.04806803504458382,0.37604456824512533,359
groove:B*18:01,HLA-B*18:01,concat,mlp,naive,HLA-B*18:01,-0.02264548449401457,-0.018695892447459905,0.20612813370473537,359
groove:B*18:01,HLA-B*18:01,concat,mlp,tobit,HLA-B*18:01,-0.10515843730370796,0.0661689568063574,0.13370473537604458,359
groove:B*18:01,HLA-B*18:01,joint,ridge,tobit,HLA-B*18:01,-0.011778679835094667,-0.09447150423014478,0.5153203342618384,359
groove:B*18:01,HLA-B*18:01,joint,mlp,naive,HLA-B*18:01,0.057710804970062576,-0.00221259135919661,0.29526462395543174,359
groove:B*18:01,HLA-B*18:01,joint,mlp,tobit,HLA-B*18:01,0.011818541102229175,-0.04546069933552233,0.2646239554317549,359
groove:B*51:01,HLA-B*51:01,concat,ridge,tobit,HLA-B*51:01,0.16233031930260824,-0.28063194847597306,0.07932011331444759,353
groove:B*51:01,HLA-B*51:01,concat,mlp,naive,HLA-B*51:01,0.3409259542482894,0.057461195476152034,0.4730878186968839,353
groove:B*51:01,HLA-B*51:01,concat,mlp,tobit,HLA-B*51:01,0.41643283371318485,-0.022398263617594297,0.26062322946175637,353
groove:B*51:01,HLA-B*51:01,joint,ridge,tobit,HLA-B*51:01,0.17729390064430062,-0.02251911853930868,0.46175637393767704,353
groove:B*51:01,HLA-B*51:01,joint,mlp,naive,HLA-B*51:01,0.47366833121192253,-0.03645099019192744,0.4164305949008499,353
groove:B*51:01,HLA-B*51:01,joint,mlp,tobit,HLA-B*51:01,0.4547382561837222,-0.022706539151538436,0.41359773371104813,353
groove:B*44:05,HLA-B*44:05,concat,ridge,tobit,HLA-B*44:05,-0.023191837309298982,0.01778875043747565,0.8267045454545454,352
groove:B*44:05,HLA-B*44:05,concat,mlp,naive,HLA-B*44:05,0.27715829391897284,-0.028796628300877584,0.4403409090909091,352
groove:B*44:05,HLA-B*44:05,concat,mlp,tobit,HLA-B*44:05,0.304437619968602,0.019683652828128746,0.6960227272727273,352
groove:B*44:05,HLA-B*44:05,joint,ridge,tobit,HLA-B*44:05,0.035681072809672205,0.015768383332122705,0.7982954545454546,352
groove:B*44:05,HLA-B*44:05,joint,mlp,naive,HLA-B*44:05,0.29828966812786106,-0.09871239085120104,0.6704545454545454,352
groove:B*44:05,HLA-B*44:05,joint,mlp,tobit,HLA-B*44:05,0.35124923904040406,-0.08972625580274303,0.7159090909090909,352
groove:A*80:01,HLA-A*80:01,concat,ridge,tobit,HLA-A*80:01,0.05007941847972596,-0.03288017538017538,0.3732193732193732,351
groove:A*80:01,HLA-A*80:01,concat,mlp,naive,HLA-A*80:01,0.1484981031720861,-0.054840714840714844,0.42735042735042733,351
groove:A*80:01,HLA-A*80:01,concat,mlp,tobit,HLA-A*80:01,0.12487132800238591,-0.05966450216450216,0.6552706552706553,351
groove:A*80:01,HLA-A*80:01,joint,ridge,tobit,HLA-A*80:01,0.1542481523074002,0.05323787323787324,0.20512820512820512,351
groove:A*80:01,HLA-A*80:01,joint,mlp,naive,HLA-A*80:01,0.16955813163848824,-0.14273088023088024,0.24786324786324787,351
groove:A*80:01,HLA-A*80:01,joint,mlp,tobit,HLA-A*80:01,0.11918451157269458,-0.0318029193029193,0.5071225071225072,351
groove:A*01:01,HLA-A*01:01,concat,ridge,tobit,HLA-A*01:01,0.041379733414231436,0.07431971734953201,0.5818181818181818,220
groove:A*01:01,HLA-A*01:01,concat,mlp,naive,HLA-A*01:01,0.17116000998521375,0.043710519939367636,0.41363636363636364,220
groove:A*01:01,HLA-A*01:01,concat,mlp,tobit,HLA-A*01:01,0.16467770568273227,0.026388599313659746,0.5409090909090909,220
groove:A*01:01,HLA-A*01:01,joint,ridge,tobit,HLA-A*01:01,-0.06364633874723995,-0.06667417996990921,0.6227272727272727,220
groove:A*01:01,HLA-A*01:01,joint,mlp,naive,HLA-A*01:01,0.09115483179879855,0.020594715518164348,0.44545454545454544,220
groove:A*01:01,HLA-A*01:01,joint,mlp,tobit,HLA-A*01:01,0.12399373320694233,-0.015952621109752454,0.5454545454545454,220
random,,concat_groove,ridge,tobit,HLA-A*01:01,0.030271814445157363,0.23886743886743886,0.8333333333333334,36
random,,concat_groove,ridge,tobit,HLA-A*02:01,0.27034589227804223,-0.09644937403425836,0.9144385026737968,187
random,,concat_groove,ridge,tobit,HLA-A*02:03,0.3172822118545406,0.001910079341757273,0.9036144578313253,83
random,,concat_groove,ridge,tobit,HLA-A*02:10,0.3060637799045965,-0.1691346628055489,0.9358974358974359,78
random,,concat_groove,ridge,tobit,HLA-A*02:11,0.31640740766835557,0.07651627352526821,0.9787234042553191,94
random,,concat_groove,ridge,tobit,HLA-A*02:12,0.47769809899250165,0.12386911825902008,0.967391304347826,92
random,,concat_groove,ridge,tobit,HLA-A*02:16,0.2503357127438134,-0.06298867373036171,1.0,69
random,,concat_groove,ridge,tobit,HLA-A*02:19,0.3643572656294977,0.13999924126506405,0.9487179487179487,78
random,,concat_groove,ridge,tobit,HLA-A*02:50,0.5028745623815181,0.1586037966932027,0.9285714285714286,70
random,,concat_groove,ridge,tobit,HLA-A*03:01,0.34607494947378153,-0.056936647955092234,0.6358381502890174,173
random,,concat_groove,ridge,tobit,HLA-A*11:01,0.28196360364977624,0.08521044546850996,0.664,125
random,,concat_groove,ridge,tobit,HLA-A*23:01,0.36584957725437656,-0.06965245775729646,0.8571428571428571,63
random,,concat_groove,ridge,tobit,HLA-A*24:02,0.15512672952601214,0.20952610691260687,0.8442622950819673,122
random,,concat_groove,ridge,tobit,HLA-A*24:03,0.2186625552334892,-0.12315518176885512,0.90625,96
random,,concat_groove,ridge,tobit,HLA-A*24:07,0.22542849401379295,0.04012225618227286,0.8833333333333333,60
random,,concat_groove,ridge,tobit,HLA-A*24:19,0.15305757102182724,0.16997638001924592,0.9142857142857143,70
random,,concat_groove,ridge,tobit,HLA-A*25:01,0.3539756192428215,-0.10383287598477471,0.8076923076923077,78
random,,concat_groove,ridge,tobit,HLA-A*26:01,0.06320666976385572,-0.12764465225014612,0.847457627118644,59
random,,concat_groove,ridge,tobit,HLA-A*26:02,0.25925890685549674,-0.1687271062271062,0.78125,64
random,,concat_groove,ridge,tobit,HLA-A*26:03,0.22122619516060588,0.0733678884363816,0.7671232876712328,73
random,,concat_groove,ridge,tobit,HLA-A*29:02,0.0008993806213304292,0.19434911006465005,0.8208955223880597,67
random,,concat_groove,ridge,tobit,HLA-A*30:01,0.20551280935862035,0.11246844098464127,0.7010309278350515,97
random,,concat_groove,ridge,tobit,HLA-A*30:02,0.10011177799635625,-0.18953828170660436,0.8305084745762712,59
random,,concat_groove,ridge,tobit,HLA-A*31:01,0.2090111800472686,-0.04153897821250157,0.7710843373493976,83
random,,concat_groove,ridge,tobit,HLA-A*32:07,0.0730405955420994,-0.06710107367641613,0.6486486486486487,74
random,,concat_groove,ridge,tobit,HLA-A*33:03,0.007803317789745064,-0.2235576923076923,0.4307692307692308,65
random,,concat_groove,ridge,tobit,HLA-A*43:01,0.1720497563464393,-0.045151863062310824,0.8787878787878788,66
random,,concat_groove,ridge,tobit,HLA-A*66:01,0.19577031185765564,-0.17894113291373562,0.8648648648648649,74
random,,concat_groove,ridge,tobit,HLA-A*68:01,0.1238242281319608,0.10573440643863179,0.647887323943662,71
random,,concat_groove,ridge,tobit,HLA-A*68:23,0.23211468310174996,0.2641350210970464,0.8125,80
random,,concat_groove,ridge,tobit,HLA-A*74:01,0.2334637038514874,-0.020716125979283875,0.6753246753246753,77
random,,concat_groove,ridge,tobit,HLA-A*80:01,0.1555451948625439,-0.1668093100928922,0.9090909090909091,66
random,,concat_groove,ridge,tobit,HLA-B*07:02,0.21863467617162638,0.09659004097506771,0.8916666666666667,120
random,,concat_groove,ridge,tobit,HLA-B*08:01,0.16032909289821692,0.027501297231001462,0.9534883720930233,86
random,,concat_groove,ridge,tobit,HLA-B*08:03,-0.22511950642615033,0.21439532334673003,0.9130434782608695,69
random,,concat_groove,ridge,tobit,HLA-B*14:01(C67S),0.23145558063556987,-0.07268743914313534,0.5822784810126582,79
random,,concat_groove,ridge,tobit,HLA-B*14:02(C67S),0.2592393650328986,-0.268301847406325,0.7575757575757576,66
random,,concat_groove,ridge,tobit,HLA-B*15:01,0.01124835235600114,0.03968674792665824,0.9372197309417041,223
random,,concat_groove,ridge,tobit,HLA-B*15:02,0.02378933245221522,0.2954093324267835,0.8064516129032258,62
random,,concat_groove,ridge,tobit,HLA-B*15:10,0.17874060824185772,-0.1052202887819326,0.7837837837837838,74
random,,concat_groove,ridge,tobit,HLA-B*15:17,0.09725552896851716,0.2392035074899525,0.9420289855072463,69
random,,concat_groove,ridge,tobit,HLA-B*18:01,-0.03926602208884763,0.046512920255626575,0.7833333333333333,60
random,,concat_groove,ridge,tobit,HLA-B*27:02,-0.09853110910003558,0.11004968383017162,0.6172839506172839,81
random,,concat_groove,ridge,tobit,HLA-B*27:03,0.48605275912363216,0.04385088595614911,0.7012987012987013,77
random,,concat_groove,ridge,tobit,HLA-B*27:05,0.2832656050627814,0.021899153478100845,0.6363636363636364,77
random,,concat_groove,ridge,tobit,HLA-B*27:20,0.1720622348116586,0.17351598173515984,0.6527777777777778,72
random,,concat_groove,ridge,tobit,HLA-B*35:01,0.3385110701450445,-0.08854491261346699,0.9090909090909091,121
random,,concat_groove,ridge,tobit,HLA-B*35:03,0.17188155321692536,0.04174231565535914,0.9230769230769231,91
random,,concat_groove,ridge,tobit,HLA-B*39:01,0.11979697362124266,0.023637431271019055,0.8244274809160306,131
random,,concat_groove,ridge,tobit,HLA-B*39:02,-0.0893009164401625,-0.02136150234741784,0.6901408450704225,71
random,,concat_groove,ridge,tobit,HLA-B*39:06(C67S),0.1660508383218274,0.017799420679232607,0.20481927710843373,83
random,,concat_groove,ridge,tobit,HLA-B*39:10,0.1586633156344403,0.10288131534839175,0.7910447761194029,67
random,,concat_groove,ridge,tobit,HLA-B*40:01,0.1591133742934148,0.03626687994093944,0.9482758620689655,58
random,,concat_groove,ridge,tobit,HLA-B*41:01,0.3626424372768597,0.029331572243973772,0.7209302325581395,86
random,,concat_groove,ridge,tobit,HLA-B*42:01,0.2789045436801754,0.11314324116743471,0.9523809523809523,63
random,,concat_groove,ridge,tobit,HLA-B*42:02,0.3117045382102149,0.17181134654818866,0.8421052631578947,76
random,,concat_groove,ridge,tobit,HLA-B*44:05,-0.07370278886313819,0.15182501708817497,0.8947368421052632,76
random,,concat_groove,ridge,tobit,HLA-B*45:01,0.23464131675058542,0.1678418336103578,0.6571428571428571,70
random,,concat_groove,ridge,tobit,HLA-B*46:01,-0.00449848046033423,0.06762927310872519,0.7534246575342466,73
random,,concat_groove,ridge,tobit,HLA-B*51:01,0.3202771682993098,-0.2525895157474105,0.6363636363636364,77
random,,concat_groove,ridge,tobit,HLA-B*54:01,0.32886378062480753,-0.13621730382293762,0.7323943661971831,71
random,,concat_groove,ridge,tobit,HLA-B*55:01,0.31950194368080315,0.20347592460434066,0.7951807228915663,83
random,,concat_groove,ridge,tobit,HLA-B*56:01,0.3894781741773361,-0.023300515705579,0.8375,80
random,,concat_groove,ridge,tobit,HLA-B*57:01,0.23645472919207422,-0.021026156941649898,0.8873239436619719,71
random,,concat_groove,ridge,tobit,HLA-B*57:02,0.1315592639468653,0.09104579630895421,0.9473684210526315,76
random,,concat_groove,ridge,tobit,HLA-B*57:03,0.10643179011489193,-0.08041224129969354,0.9879518072289156,83
random,,concat_groove,ridge,tobit,HLA-B*58:01,0.1874720277076754,0.032363828662083545,0.7213114754098361,61
random,,concat_groove,ridge,tobit,HLA-B*81:01,0.2826342142960275,0.005522645933604839,0.9452054794520548,73
random,,concat_groove,mlp,naive,HLA-A*01:01,0.2495170407671056,0.18712998712998716,0.6388888888888888,36
random,,concat_groove,mlp,naive,HLA-A*02:01,0.451166239723187,0.05793165210178413,0.7914438502673797,187
random,,concat_groove,mlp,naive,HLA-A*02:03,0.49401429247765577,0.0818815331010453,0.7108433734939759,83
random,,concat_groove,mlp,naive,HLA-A*02:10,0.40846891147325454,0.18000986355416734,0.7692307692307693,78
random,,concat_groove,mlp,naive,HLA-A*02:11,0.3957747808384257,-0.18185167792508036,0.8723404255319149,94
random,,concat_groove,mlp,naive,HLA-A*02:12,0.541033577712802,-0.06678174560362499,0.8260869565217391,92
random,,concat_groove,mlp,naive,HLA-A*02:16,0.3625501301772174,-0.02955791012056997,0.8840579710144928,69
random,,concat_groove,mlp,naive,HLA-A*02:19,0.3573126963297778,-0.16028275521946408,0.7307692307692307,78
random,,concat_groove,mlp,naive,HLA-A*02:50,0.3761846146861116,-0.18218878488321233,0.8142857142857143,70
random,,concat_groove,mlp,naive,HLA-A*03:01,0.6131315393845927,-0.08171519160435914,0.6242774566473989,173
random,,concat_groove,mlp,naive,HLA-A*11:01,0.5038303040414098,-0.03380030721966205,0.584,125
random,,concat_groove,mlp,naive,HLA-A*23:01,0.6535977845908841,0.042770737327188946,0.746031746031746,63
random,,concat_groove,mlp,naive,HLA-A*24:02,0.41536000288606323,-0.011152563767881277,0.7213114754098361,122
random,,concat_groove,mlp,naive,HLA-A*24:03,0.3566855740061891,0.10014921323928379,0.7708333333333334,96
random,,concat_groove,mlp,naive,HLA-A*24:07,0.5646971265140184,0.14376215615448737,0.8,60
random,,concat_groove,mlp,naive,HLA-A*24:19,0.09312154512134103,0.04743242061062024,0.7,70
random,,concat_groove,mlp,naive,HLA-A*25:01,0.19985612205685357,0.19414762452737133,0.6025641025641025,78
random,,concat_groove,mlp,naive,HLA-A*26:01,0.46337876729476046,0.24196376388077154,0.6610169491525424,59
random,,concat_groove,mlp,naive,HLA-A*26:02,0.4293947006261683,0.229029304029304,0.65625,64
random,,concat_groove,mlp,naive,HLA-A*26:03,0.5012856542838445,-0.0021905467110946565,0.5616438356164384,73
random,,concat_groove,mlp,naive,HLA-A*29:02,0.18876999929924232,-0.049405379519514736,0.6417910447761194,67
random,,concat_groove,mlp,naive,HLA-A*30:01,0.5022907342505073,0.012623606143488323,0.5670103092783505,97
random,,concat_groove,mlp,naive,HLA-A*30:02,0.3763276760103076,-0.010695499707773233,0.8305084745762712,59
random,,concat_groove,mlp,naive,HLA-A*31:01,0.5709801600799027,0.05459468536165568,0.7469879518072289,83
random,,concat_groove,mlp,naive,HLA-A*32:07,0.48756692014838743,0.13469085523880042,0.4594594594594595,74
random,,concat_groove,mlp,naive,HLA-A*33:03,0.45023587429605993,-0.0756993006993007,0.3230769230769231,65
random,,concat_groove,mlp,naive,HLA-A*43:01,0.2585599355248059,0.06711199248512684,0.7272727272727273,66
random,,concat_groove,mlp,naive,HLA-A*66:01,0.30233851991459754,-0.03443169196593853,0.7297297297297297,74
random,,concat_groove,mlp,naive,HLA-A*68:01,0.36579530141894756,-0.1800469483568075,0.5352112676056338,71
random,,concat_groove,mlp,naive,HLA-A*68:23,0.31669193613276597,0.13218471636193158,0.6625,80
random,,concat_groove,mlp,naive,HLA-A*74:01,0.5284554670480507,0.01264524948735475,0.6233766233766234,77
random,,concat_groove,mlp,naive,HLA-A*80:01,0.2781943466854397,-0.04302264899279825,0.8181818181818182,66
random,,concat_groove,mlp,naive,HLA-B*07:02,0.5151010738923703,0.01895270504896173,0.875,120
random,,concat_groove,mlp,naive,HLA-B*08:01,0.3869399142331482,0.18694278031982642,0.8488372093023255,86
random,,concat_groove,mlp,naive,HLA-B*08:03,-0.12634809768193064,0.03997077091706249,0.5362318840579711,69
random,,concat_groove,mlp,naive,HLA-B*14:01(C67S),0.1899942087111625,-0.20547711781888997,0.9367088607594937,79
random,,concat_groove,mlp,naive,HLA-B*14:02(C67S),0.2323067875343571,-0.014215635111157502,0.8181818181818182,66
random,,concat_groove,mlp,naive,HLA-B*15:01,0.28237926092033117,-0.019909924338175455,0.9147982062780269,223
random,,concat_groove,mlp,naive,HLA-B*15:02,0.17118196245402525,-0.20908564377628366,0.7096774193548387,62
random,,concat_groove,mlp,naive,HLA-B*15:10,0.5053562863201417,-0.032624953720844126,0.8108108108108109,74
random,,concat_groove,mlp,naive,HLA-B*15:17,0.16856527948124828,0.18991596638655464,0.8985507246376812,69
random,,concat_groove,mlp,naive,HLA-B*18:01,0.06254715291599418,0.08774659627674355,0.7666666666666667,60
random,,concat_groove,mlp,naive,HLA-B*27:02,0.11693032075387133,-0.06391147244805781,0.38271604938271603,81
random,,concat_groove,mlp,naive,HLA-B*27:03,0.6854908202176568,-0.004311477995688521,0.7142857142857143,77
random,,concat_groove,mlp,naive,HLA-B*27:05,0.3480349775958462,-0.054314106945685885,0.6363636363636364,77
random,,concat_groove,mlp,naive,HLA-B*27:20,0.576356796875215,-0.13055501961540938,0.6111111111111112,72
random,,concat_groove,mlp,naive,HLA-B*35:01,0.40137494216392955,-0.1116515377320146,0.8347107438016529,121
random,,concat_groove,mlp,naive,HLA-B*35:03,0.5130076819397772,-0.1833572224876573,0.8791208791208791,91
random,,concat_groove,mlp,naive,HLA-B*39:01,0.31976442668929345,0.016516308119361556,0.6870229007633588,131
random,,concat_groove,mlp,naive,HLA-B*39:02,0.4273013508291153,-0.13420523138833,0.5915492957746479,71
random,,concat_groove,mlp,naive,HLA-B*39:06(C67S),0.15167602807885705,0.001721170395869191,0.9397590361445783,83
random,,concat_groove,mlp,naive,HLA-B*39:10,0.5028397405027575,-0.11888418868225718,0.6716417910447762,67
random,,concat_groove,mlp,naive,HLA-B*40:01,0.03233484899350372,-0.054969393091144,0.9827586206896551,58
random,,concat_groove,mlp,naive,HLA-B*41:01,0.3821497542706618,-0.2410396716826265,0.8837209302325582,86
random,,concat_groove,mlp,naive,HLA-B*42:01,0.5138612199353594,0.07411674347158219,0.9047619047619048,63
random,,concat_groove,mlp,naive,HLA-B*42:02,0.6697537016653592,-0.10190020505809978,0.7894736842105263,76
random,,concat_groove,mlp,naive,HLA-B*44:05,0.07961104731347698,0.09913875598086125,0.75,76
random,,concat_groove,mlp,naive,HLA-B*45:01,0.5742808382096909,-0.01803866678330855,0.7285714285714285,70
random,,concat_groove,mlp,naive,HLA-B*46:01,-0.013289525021902884,-0.012279402690361596,0.5205479452054794,73
random,,concat_groove,mlp,naive,HLA-B*51:01,0.5185860738175095,0.10586781639413217,0.4805194805194805,77
random,,concat_groove,mlp,naive,HLA-B*54:01,0.5053554692306962,-0.09963112005365526,0.6619718309859155,71
random,,concat_groove,mlp,naive,HLA-B*55:01,0.49065251096247975,0.18515175685319674,0.6746987951807228,83
random,,concat_groove,mlp,naive,HLA-B*56:01,0.5781495020213018,0.09376465072667604,0.75,80
random,,concat_groove,mlp,naive,HLA-B*57:01,0.543473428228186,-0.02877263581488933,0.8873239436619719,71
random,,concat_groove,mlp,naive,HLA-B*57:02,0.2995334750423946,-0.024688995215311007,0.8421052631578947,76
random,,concat_groove,mlp,naive,HLA-B*57:03,0.4310288031906803,0.011544435582049452,0.9759036144578314,83
random,,concat_groove,mlp,naive,HLA-B*58:01,0.5014698032496935,0.14071919619249074,0.6557377049180327,61
random,,concat_groove,mlp,naive,HLA-B*81:01,0.4146983235162506,0.016598790571393313,0.8356164383561644,73
random,,concat_groove,mlp,tobit,HLA-A*01:01,0.3472885606133798,0.07593307593307594,0.8055555555555556,36
random,,concat_groove,mlp,tobit,HLA-A*02:01,0.43575589434526973,0.017015404152551393,0.8502673796791443,187
random,,concat_groove,mlp,tobit,HLA-A*02:03,0.4725696383995524,-0.11976827169304395,0.8192771084337349,83
random,,concat_groove,mlp,tobit,HLA-A*02:10,0.40128081029542484,0.1210308678663109,0.8333333333333334,78
random,,concat_groove,mlp,tobit,HLA-A*02:11,0.37332649422582603,-0.11535599465375863,0.9361702127659575,94
random,,concat_groove,mlp,tobit,HLA-A*02:12,0.5421048397646543,-0.08874435522401862,0.8804347826086957,92
random,,concat_groove,mlp,tobit,HLA-A*02:16,0.370954335976528,0.09868469126781149,0.9565217391304348,69
random,,concat_groove,mlp,tobit,HLA-A*02:19,0.3531896629514857,-0.2666573932396717,0.8717948717948718,78
random,,concat_groove,mlp,tobit,HLA-A*02:50,0.23580886244618132,-0.013734581401452192,0.8714285714285714,70
random,,concat_groove,mlp,tobit,HLA-A*03:01,0.612252459407702,-0.11041065030060587,0.7630057803468208,173
random,,concat_groove,mlp,tobit,HLA-A*11:01,0.48455011083245486,0.01572964669738863,0.68,125
random,,concat_groove,mlp,tobit,HLA-A*23:01,0.5638040177624705,-0.10383064516129031,0.8571428571428571,63
random,,concat_groove,mlp,tobit,HLA-A*24:02,0.41023761311766005,-0.06179015996907022,0.860655737704918,122
random,,concat_groove,mlp,tobit,HLA-A*24:03,0.36603006964756807,-0.01839392295170917,0.8854166666666666,96
random,,concat_groove,mlp,tobit,HLA-A*24:07,0.472151626875109,0.1438732981383718,0.8833333333333333,60
random,,concat_groove,mlp,tobit,HLA-A*24:19,0.16653032455166145,-0.04704750240573878,0.8571428571428571,70
random,,concat_groove,mlp,tobit,HLA-A*25:01,0.30168507555472523,-0.0031487499841930224,0.782051282051282,78
random,,concat_groove,mlp,tobit,HLA-A*26:01,0.42638117117139046,0.0843366452367037,0.8135593220338984,59
random,,concat_groove,mlp,tobit,HLA-A*26:02,0.4879776826719004,0.021520146520146517,0.8125,64
random,,concat_groove,mlp,tobit,HLA-A*26:03,0.5341704181291291,-0.08811551277304704,0.726027397260274,73
random,,concat_groove,mlp,tobit,HLA-A*29:02,0.30249168230746765,-0.0746268656716418,0.8059701492537313,67
random,,concat_groove,mlp,tobit,HLA-A*30:01,0.4676006775809748,0.039830107300652215,0.7010309278350515,97
random,,concat_groove,mlp,tobit,HLA-A*30:02,0.35836265261693334,0.02203389830508475,0.8813559322033898,59
random,,concat_groove,mlp,tobit,HLA-A*31:01,0.5560612889302559,-0.03576676042147685,0.8192771084337349,83
random,,concat_groove,mlp,tobit,HLA-A*32:07,0.5096695070371438,0.22875971862273226,0.7297297297297297,74
random,,concat_groove,mlp,tobit,HLA-A*33:03,0.44785708511229155,-0.11866258741258741,0.46153846153846156,65
random,,concat_groove,mlp,tobit,HLA-A*43:01,0.2597204379284181,-0.16689280868385348,0.8333333333333334,66
random,,concat_groove,mlp,tobit,HLA-A*66:01,0.34701607447687616,-0.10785634950018509,0.8378378378378378,74
random,,concat_groove,mlp,tobit,HLA-A*68:01,0.399994373950632,-0.051073105298457405,0.6197183098591549,71
random,,concat_groove,mlp,tobit,HLA-A*68:23,0.283515811306318,0.10112517580872012,0.7125,80
random,,concat_groove,mlp,tobit,HLA-A*74:01,0.49073408446993344,0.02442294547557705,0.7142857142857143,77
random,,concat_groove,mlp,tobit,HLA-A*80:01,0.31791608165262286,-0.24592422502870265,0.9393939393939394,66
random,,concat_groove,mlp,tobit,HLA-B*07:02,0.4893088516080627,-0.031925828182512675,0.875,120
random,,concat_groove,mlp,tobit,HLA-B*08:01,0.3552145905355174,0.017312137364970046,0.9418604651162791,86
random,,concat_groove,mlp,tobit,HLA-B*08:03,-0.060700758293538076,0.06002922908293753,0.7536231884057971,69
random,,concat_groove,mlp,tobit,HLA-B*14:01(C67S),0.21717668864599346,0.10859298928919184,0.5189873417721519,79
random,,concat_groove,mlp,tobit,HLA-B*14:02(C67S),0.3575752087652219,-0.035591274397244556,0.7424242424242424,66
random,,concat_groove,mlp,tobit,HLA-B*15:01,0.3080983612776881,-0.0749671035545475,0.9282511210762332,223
random,,concat_groove,mlp,tobit,HLA-B*15:02,0.06891314070998089,-0.057842915061318015,0.8064516129032258,62
random,,concat_groove,mlp,tobit,HLA-B*15:10,0.517488405462161,0.10560533135875601,0.8783783783783784,74
random,,concat_groove,mlp,tobit,HLA-B*15:17,0.015615006907146768,0.2525027402265254,0.9130434782608695,69
random,,concat_groove,mlp,tobit,HLA-B*18:01,0.1031220424078034,0.183273131425396,0.8333333333333334,60
random,,concat_groove,mlp,tobit,HLA-B*27:02,0.1877362757138573,-0.052551942186088524,0.5679012345679012,81
random,,concat_groove,mlp,tobit,HLA-B*27:03,0.6566053076580007,-0.012040590987959409,0.7662337662337663,77
random,,concat_groove,mlp,tobit,HLA-B*27:05,0.32650663360488036,-0.18920553131079446,0.7142857142857143,77
random,,concat_groove,mlp,tobit,HLA-B*27:20,0.5699601910748567,-0.09241751881149915,0.8333333333333334,72
random,,concat_groove,mlp,tobit,HLA-B*35:01,0.3562692835337503,-0.15696382603983197,0.8842975206611571,121
random,,concat_groove,mlp,tobit,HLA-B*35:03,0.4906292215464356,-0.007548972766364071,0.8901098901098901,91
random,,concat_groove,mlp,tobit,HLA-B*39:01,0.27465176498478516,-0.030379544120002135,0.8549618320610687,131
random,,concat_groove,mlp,tobit,HLA-B*39:02,0.4496181648509124,-0.005600268276324614,0.7605633802816901,71
random,,concat_groove,mlp,tobit,HLA-B*39:06(C67S),0.14509846339192212,-0.18548759497922002,0.40963855421686746,83
random,,concat_groove,mlp,tobit,HLA-B*39:10,0.5009632493515701,-0.25488865831271457,0.8059701492537313,67
random,,concat_groove,mlp,tobit,HLA-B*40:01,-0.06599641411937449,0.11163062536528348,1.0,58
random,,concat_groove,mlp,tobit,HLA-B*41:01,0.41680162522730396,-0.22798245200245296,0.9186046511627907,86
random,,concat_groove,mlp,tobit,HLA-B*42:01,0.5056284954532337,0.2683851766513057,0.9365079365079365,63
random,,concat_groove,mlp,tobit,HLA-B*42:02,0.6310556660048202,-0.05328776486671223,0.881578947368421,76
random,,concat_groove,mlp,tobit,HLA-B*44:05,0.1060751216222861,0.08311688311688313,0.8157894736842105,76
random,,concat_groove,mlp,tobit,HLA-B*45:01,0.6193925236236744,-0.0382643688216254,0.8142857142857143,70
random,,concat_groove,mlp,tobit,HLA-B*46:01,0.03972601758633186,0.15161051462421327,0.6986301369863014,73
random,,concat_groove,mlp,tobit,HLA-B*51:01,0.47939382633417726,-0.01816604448183395,0.7142857142857143,77
random,,concat_groove,mlp,tobit,HLA-B*54:01,0.5362187438757514,-0.17890677397719648,0.8309859154929577,71
random,,concat_groove,mlp,tobit,HLA-B*55:01,0.5085669897017454,-0.03125393560303933,0.8433734939759037,83
random,,concat_groove,mlp,tobit,HLA-B*56:01,0.5921587048582527,0.00853258321612752,0.925,80
random,,concat_groove,mlp,tobit,HLA-B*57:01,0.5271326515691055,0.12484909456740442,0.9014084507042254,71
random,,concat_groove,mlp,tobit,HLA-B*57:02,0.1926980436333065,-0.007163362952836637,0.9078947368421053,76
random,,concat_groove,mlp,tobit,HLA-B*57:03,0.39577550360439046,-0.009634356240292179,0.9759036144578314,83
random,,concat_groove,mlp,tobit,HLA-B*58:01,0.5054411073248456,0.08572184029613959,0.8688524590163934,61
random,,concat_groove,mlp,tobit,HLA-B*81:01,0.3723480637698241,-0.007990867579908677,0.8904109589041096,73
random,,joint_groove,ridge,tobit,HLA-A*01:01,0.22542840544266124,-0.14182754182754184,0.8055555555555556,36
random,,joint_groove,ridge,tobit,HLA-A*02:01,0.22613647175005203,-0.04358820960217868,0.8556149732620321,187
random,,joint_groove,ridge,tobit,HLA-A*02:03,0.16790439874368054,0.2505142521304731,0.8554216867469879,83
random,,joint_groove,ridge,tobit,HLA-A*02:10,0.2666304642881928,-0.08413105881460312,0.8846153846153846,78
random,,joint_groove,ridge,tobit,HLA-A*02:11,0.3360379177187042,0.08241158833941407,0.925531914893617,94
random,,joint_groove,ridge,tobit,HLA-A*02:12,0.45286639876899126,-0.0490883590462833,0.9456521739130435,92
random,,joint_groove,ridge,tobit,HLA-A*02:16,0.41558797677591025,0.003945926196565583,0.9855072463768116,69
random,,joint_groove,ridge,tobit,HLA-A*02:19,0.16265746097611752,0.06589612918726842,0.8461538461538461,78
random,,joint_groove,ridge,tobit,HLA-A*02:50,0.22166803115209535,0.046837547021257975,0.9428571428571428,70
random,,joint_groove,ridge,tobit,HLA-A*03:01,0.352251765396061,0.0018935618895754437,0.6069364161849711,173
random,,joint_groove,ridge,tobit,HLA-A*11:01,0.40811484231512934,0.11078341013824884,0.688,125
random,,joint_groove,ridge,tobit,HLA-A*23:01,0.4747545308195329,0.17113095238095238,0.8888888888888888,63
random,,joint_groove,ridge,tobit,HLA-A*24:02,0.2218103897454117,0.16732150115160546,0.819672131147541,122
random,,joint_groove,ridge,tobit,HLA-A*24:03,0.34520344864292596,-0.10013564839934888,0.8645833333333334,96
random,,joint_groove,ridge,tobit,HLA-A*24:07,0.26042842914307707,0.19661016949152546,0.8666666666666667,60
random,,joint_groove,ridge,tobit,HLA-A*24:19,0.2349222760228462,0.09365759776047589,0.8857142857142857,70
random,,joint_groove,ridge,tobit,HLA-A*25:01,0.5026676524082869,-0.14475398019701816,0.782051282051282,78
random,,joint_groove,ridge,tobit,HLA-A*26:01,0.26241321941385554,0.022092343658679136,0.7288135593220338,59
random,,joint_groove,ridge,tobit,HLA-A*26:02,0.358233675114223,0.08525641025641024,0.625,64
random,,joint_groove,ridge,tobit,HLA-A*26:03,0.3807290164719389,0.10449833395038877,0.7534246575342466,73
random,,joint_groove,ridge,tobit,HLA-A*29:02,-0.2075970336390926,0.29116449836379604,0.7164179104477612,67
random,,joint_groove,ridge,tobit,HLA-A*30:01,0.3221286067648665,0.1409899011150852,0.6391752577319587,97
random,,joint_groove,ridge,tobit,HLA-A*30:02,0.1741698760633329,-0.19924021040327297,0.864406779661017,59
random,,joint_groove,ridge,tobit,HLA-A*31:01,0.42546604738876637,2.0989882876453547e-05,0.8072289156626506,83
random,,joint_groove,ridge,tobit,HLA-A*32:07,0.1551598553059071,-0.057741577193631974,0.6216216216216216,74
random,,joint_groove,ridge,tobit,HLA-A*33:03,0.03259163498508907,0.08413461538461539,0.47692307692307695,65
random,,joint_groove,ridge,tobit,HLA-A*43:01,-0.009157418966685633,0.0129214069512577,0.803030303030303,66
random,,joint_groove,ridge,tobit,HLA-A*66:01,0.4358356649679813,-0.11694927804516843,0.8648648648648649,74
random,,joint_groove,ridge,tobit,HLA-A*68:01,0.17753193415708884,-0.016398390342052312,0.6901408450704225,71
random,,joint_groove,ridge,tobit,HLA-A*68:23,0.01921780511856232,0.07114392873886545,0.75,80
random,,joint_groove,ridge,tobit,HLA-A*74:01,0.24211588111416046,0.10631473789368526,0.6623376623376623,77
random,,joint_groove,ridge,tobit,HLA-A*80:01,0.10349929391508901,-0.03897296733117629,0.9242424242424242,66
random,,joint_groove,ridge,tobit,HLA-B*07:02,0.17317089095182586,0.17808875616362246,0.875,120
random,,joint_groove,ridge,tobit,HLA-B*08:01,0.2662268269893138,0.1694513892164725,0.8837209302325582,86
random,,joint_groove,ridge,tobit,HLA-B*08:03,-0.16001288642869327,-0.204567044208988,0.855072463768116,69
random,,joint_groove,ridge,tobit,HLA-B*14:01(C67S),0.22648021600464102,0.21299902629016557,0.7721518987341772,79
random,,joint_groove,ridge,tobit,HLA-B*14:02(C67S),0.4452657649487145,-0.12050934140486382,0.7424242424242424,66
random,,joint_groove,ridge,tobit,HLA-B*15:01,0.0874776251271847,0.33109190228024304,0.9327354260089686,223
random,,joint_groove,ridge,tobit,HLA-B*15:02,0.0591696375247651,-0.13268363929389843,0.7903225806451613,62
random,,joint_groove,ridge,tobit,HLA-B*15:10,0.24625525655547242,-0.006057015920029618,0.8108108108108109,74
random,,joint_groove,ridge,tobit,HLA-B*15:17,0.25578258972374257,0.05823894775301426,0.9420289855072463,69
random,,joint_groove,ridge,tobit,HLA-B*18:01,-0.05784079991385571,-0.14087246457349267,0.6833333333333333,60
random,,joint_groove,ridge,tobit,HLA-B*27:02,0.03497228432330206,-0.17646793134598013,0.6049382716049383,81
random,,joint_groove,ridge,tobit,HLA-B*27:03,0.5473711278906215,-0.2860034702139965,0.7922077922077922,77
random,,joint_groove,ridge,tobit,HLA-B*27:05,0.25560135385481864,-0.29588832220411165,0.7272727272727273,77
random,,joint_groove,ridge,tobit,HLA-B*27:20,0.2827105927218972,0.24660749887452574,0.7777777777777778,72
random,,joint_groove,ridge,tobit,HLA-B*35:01,0.32872185077749677,-0.09185747188727812,0.9090909090909091,121
random,,joint_groove,ridge,tobit,HLA-B*35:03,0.16555599339054117,-0.08971173753782449,0.9340659340659341,91
random,,joint_groove,ridge,tobit,HLA-B*39:01,0.10060209407225618,0.03087599423477286,0.816793893129771,131
random,,joint_groove,ridge,tobit,HLA-B*39:02,0.11261071087469418,-0.13930248155600267,0.704225352112676,71
random,,joint_groove,ridge,tobit,HLA-B*39:06(C67S),0.16088897464366986,-0.2620376978296461,0.8313253012048193,83
random,,joint_groove,ridge,tobit,HLA-B*39:10,0.09979339643389117,-0.04717056429084525,0.7164179104477612,67
random,,joint_groove,ridge,tobit,HLA-B*40:01,-0.04819373485482139,-0.10074133316927622,0.896551724137931,58
random,,joint_groove,ridge,tobit,HLA-B*41:01,0.33984944837445297,-0.01627435256380018,0.8488372093023255,86
random,,joint_groove,ridge,tobit,HLA-B*42:01,0.35554328791174167,0.06009984639016897,0.7777777777777778,63
random,,joint_groove,ridge,tobit,HLA-B*42:02,0.4834176671062006,-0.07923444976076555,0.881578947368421,76
random,,joint_groove,ridge,tobit,HLA-B*44:05,-0.09758200009992411,0.22679425837320577,0.7894736842105263,76
random,,joint_groove,ridge,tobit,HLA-B*45:01,0.3203232427382185,-0.028991339340390165,0.7142857142857143,70
random,,joint_groove,ridge,tobit,HLA-B*46:01,0.009979023556375229,-0.0780266567937801,0.726027397260274,73
random,,joint_groove,ridge,tobit,HLA-B*51:01,0.30023913056206,0.13780955886219043,0.6363636363636364,77
random,,joint_groove,ridge,tobit,HLA-B*54:01,0.4493566672782323,-0.1969818913480885,0.704225352112676,71
random,,joint_groove,ridge,tobit,HLA-B*55:01,0.3299095132592496,0.01945762142647244,0.7831325301204819,83
random,,joint_groove,ridge,tobit,HLA-B*56:01,0.553692337458299,0.07119081106422878,0.9,80
random,,joint_groove,ridge,tobit,HLA-B*57:01,0.40187573315360764,-0.12860496311200537,0.9014084507042254,71
random,,joint_groove,ridge,tobit,HLA-B*57:02,0.07863438211350615,0.12369104579630896,0.9342105263157895,76
random,,joint_groove,ridge,tobit,HLA-B*57:03,0.18840253554960057,0.25038831283321433,0.9879518072289156,83
random,,joint_groove,ridge,tobit,HLA-B*58:01,0.23126227397635146,0.20740349021681645,0.7213114754098361,61
random,,joint_groove,ridge,tobit,HLA-B*81:01,0.1745072084107412,0.12597186227323215,0.8904109589041096,73
random,,joint_groove,mlp,naive,HLA-A*01:01,0.44248375582602356,-0.14054054054054055,0.7222222222222222,36
random,,joint_groove,mlp,naive,HLA-A*02:01,0.3605092141631431,0.014838929894039104,0.7540106951871658,187
random,,joint_groove,mlp,naive,HLA-A*02:03,0.3606858558158509,0.15725620251039,0.7349397590361446,83
random,,joint_groove,mlp,naive,HLA-A*02:10,0.2323098121855976,0.05008915135497413,0.717948717948718,78
random,,joint_groove,mlp,naive,HLA-A*02:11,0.3848432527905135,0.18579633710219268,0.8723404255319149,94
random,,joint_groove,mlp,naive,HLA-A*02:12,0.54413946697105,-0.08227116502011311,0.8695652173913043,92
random,,joint_groove,mlp,naive,HLA-A*02:16,0.3723976669724966,0.12827913774205335,0.927536231884058,69
random,,joint_groove,mlp,naive,HLA-A*02:19,0.39316790991093736,0.013189342303266353,0.6923076923076923,78
random,,joint_groove,mlp,naive,HLA-A*02:50,0.266190648493871,0.17746478873239438,0.8428571428571429,70
random,,joint_groove,mlp,naive,HLA-A*03:01,0.592542928179796,0.029070926292466086,0.6242774566473989,173
random,,joint_groove,mlp,naive,HLA-A*11:01,0.5471400365224314,-0.054869431643625184,0.6,125
random,,joint_groove,mlp,naive,HLA-A*23:01,0.6611846376170282,0.07421274961597542,0.8253968253968254,63
random,,joint_groove,mlp,naive,HLA-A*24:02,0.490628378301573,-0.15349562654277132,0.7213114754098361,122
random,,joint_groove,mlp,naive,HLA-A*24:03,0.4689009552159519,-0.005358111774281063,0.7916666666666666,96
random,,joint_groove,mlp,naive,HLA-A*24:07,0.492000676662487,0.06685190330647403,0.8333333333333334,60
random,,joint_groove,mlp,naive,HLA-A*24:19,0.205654491710009,0.1145481585163153,0.7285714285714285,70
random,,joint_groove,mlp,naive,HLA-A*25:01,0.3252894237948353,-0.08456100861164151,0.5769230769230769,78
random,,joint_groove,mlp,naive,HLA-A*26:01,0.4358504449810961,0.01724137931034483,0.6779661016949152,59
random,,joint_groove,mlp,naive,HLA-A*26:02,0.48082950496432575,0.09207875457875456,0.625,64
random,,joint_groove,mlp,naive,HLA-A*26:03,0.5443092360557751,0.041589534740219675,0.6027397260273972,73
random,,joint_groove,mlp,naive,HLA-A*29:02,0.23347920929737942,0.10675233458376569,0.6865671641791045,67
random,,joint_groove,mlp,naive,HLA-A*30:01,0.4996033358047755,-0.24777771933515674,0.5567010309278351,97
random,,joint_groove,mlp,naive,HLA-A*30:02,0.3643412248391982,-0.023495032144944483,0.7796610169491526,59
random,,joint_groove,mlp,naive,HLA-A*31:01,0.485613980405182,0.13821837874144663,0.6987951807228916,83
random,,joint_groove,mlp,naive,HLA-A*32:07,0.4406503332308346,0.17437985931136613,0.47297297297297297,74
random,,joint_groove,mlp,naive,HLA-A*33:03,0.402148762104554,-0.08413461538461539,0.26153846153846155,65
random,,joint_groove,mlp,naive,HLA-A*43:01,0.07494735522964832,-0.011627178791357896,0.6818181818181818,66
random,,joint_groove,mlp,naive,HLA-A*66:01,0.3191232039402207,0.055549796371714165,0.7027027027027027,74
random,,joint_groove,mlp,naive,HLA-A*68:01,0.41198931958736074,-0.3438631790744467,0.5633802816901409,71
random,,joint_groove,mlp,naive,HLA-A*68:23,0.21463428102896173,-0.08614627285513363,0.625,80
random,,joint_groove,mlp,naive,HLA-A*74:01,0.38543075632179064,0.03943424996056574,0.6233766233766234,77
random,,joint_groove,mlp,naive,HLA-A*80:01,0.2715582573114472,-0.06285356434610166,0.8333333333333334,66
random,,joint_groove,mlp,naive,HLA-B*07:02,0.40183413893958636,-0.0183693312035558,0.875,120
random,,joint_groove,mlp,naive,HLA-B*08:01,0.4057340839846841,0.2633237416859286,0.872093023255814,86
random,,joint_groove,mlp,naive,HLA-B*08:03,-0.1522225218704002,0.02203142126415784,0.5652173913043478,69
random,,joint_groove,mlp,naive,HLA-B*14:01(C67S),0.24081978317264335,-0.04118792599805258,0.9493670886075949,79
random,,joint_groove,mlp,naive,HLA-B*14:02(C67S),0.4575344588487418,-0.17920885085064192,0.8787878787878788,66
random,,joint_groove,mlp,naive,HLA-B*15:01,0.22404659456036738,0.17944145298405387,0.905829596412556,223
random,,joint_groove,mlp,naive,HLA-B*15:02,0.16791725619196593,-0.15806703432298355,0.7419354838709677,62
random,,joint_groove,mlp,naive,HLA-B*15:10,0.44505251764363407,0.06499814883376526,0.7432432432432432,74
random,,joint_groove,mlp,naive,HLA-B*15:17,0.12342072204126545,0.03335769090244794,0.8260869565217391,69
random,,joint_groove,mlp,naive,HLA-B*18:01,0.07705608731903646,-0.04918032786885247,0.7,60
random,,joint_groove,mlp,naive,HLA-B*27:02,0.16152716148535964,-0.03764679313459801,0.38271604938271603,81
random,,joint_groove,mlp,naive,HLA-B*27:03,0.6915453089997825,-0.23171565276828432,0.7012987012987013,77
random,,joint_groove,mlp,naive,HLA-B*27:05,0.39519982663293457,-0.3584047531415952,0.6103896103896104,77
random,,joint_groove,mlp,naive,HLA-B*27:20,0.26009632979133746,0.046755418354878134,0.6944444444444444,72
random,,joint_groove,mlp,naive,HLA-B*35:01,0.36524838398549336,-0.16699634195908408,0.768595041322314,121
random,,joint_groove,mlp,naive,HLA-B*35:03,0.5260730699942734,-0.05426023252110209,0.8571428571428571,91
random,,joint_groove,mlp,naive,HLA-B*39:01,0.25250052523132865,-0.053258954785672344,0.732824427480916,131
random,,joint_groove,mlp,naive,HLA-B*39:02,0.23011900310711306,-0.07796780684104627,0.5774647887323944,71
random,,joint_groove,mlp,naive,HLA-B*39:06(C67S),0.275626096401197,0.017421602787456445,0.963855421686747,83
random,,joint_groove,mlp,naive,HLA-B*39:10,0.4261431553659281,-0.15543938063692236,0.6417910447761194,67
random,,joint_groove,mlp,naive,HLA-B*40:01,-0.05238986029672645,-0.17647420714263745,0.9827586206896551,58
random,,joint_groove,mlp,naive,HLA-B*41:01,0.27910803689849273,-0.050332562856738525,0.7790697674418605,86
random,,joint_groove,mlp,naive,HLA-B*42:01,0.5159734058083245,0.09523809523809525,0.8095238095238095,63
random,,joint_groove,mlp,naive,HLA-B*42:02,0.5463276232754539,0.08142173615857827,0.7763157894736842,76
random,,joint_groove,mlp,naive,HLA-B*44:05,0.011802840376486965,-0.11007518796992481,0.6973684210526315,76
random,,joint_groove,mlp,naive,HLA-B*45:01,0.3946212803260813,-0.20514390691977952,0.6285714285714286,70
random,,joint_groove,mlp,naive,HLA-B*46:01,0.05271458792955041,-0.025669505121559924,0.589041095890411,73
random,,joint_groove,mlp,naive,HLA-B*51:01,0.486381591389345,-0.14248908985751088,0.4155844155844156,77
random,,joint_groove,mlp,naive,HLA-B*54:01,0.5603383404627214,0.014017437961099933,0.5915492957746479,71
random,,joint_groove,mlp,naive,HLA-B*55:01,0.4659852947709779,-0.06828008899710339,0.6626506024096386,83
random,,joint_groove,mlp,naive,HLA-B*56:01,0.6040708702466254,-0.11812001875293016,0.6375,80
random,,joint_groove,mlp,naive,HLA-B*57:01,0.36892574818601626,0.13145539906103285,0.8873239436619719,71
random,,joint_groove,mlp,naive,HLA-B*57:02,0.2929075974409084,-0.04820232399179768,0.868421052631579,76
random,,joint_groove,mlp,naive,HLA-B*57:03,0.4045310878375548,-0.003946097980773267,0.963855421686747,83
random,,joint_groove,mlp,naive,HLA-B*58:01,0.45860619459855295,0.13183500793231093,0.6557377049180327,61
random,,joint_groove,mlp,naive,HLA-B*81:01,0.28795700909060945,-0.07759471800567692,0.8767123287671232,73
random,,joint_groove,mlp,tobit,HLA-A*01:01,0.45330431928727133,-0.08314028314028314,0.8333333333333334,36
random,,joint_groove,mlp,tobit,HLA-A*02:01,0.3079462907485227,-0.05823995536943173,0.8609625668449198,187
random,,joint_groove,mlp,tobit,HLA-A*02:03,0.36848486608507786,0.007304479241005835,0.8313253012048193,83
random,,joint_groove,mlp,tobit,HLA-A*02:10,0.266946841980879,0.021130767966211002,0.8461538461538461,78
random,,joint_groove,mlp,tobit,HLA-A*02:11,0.37047981739114166,0.14750568941227468,0.9574468085106383,94
random,,joint_groove,mlp,tobit,HLA-A*02:12,0.5153078746258755,0.011281845783949569,0.9347826086956522,92
random,,joint_groove,mlp,tobit,HLA-A*02:16,0.357507606697631,0.02659846547314578,0.9855072463768116,69
random,,joint_groove,mlp,tobit,HLA-A*02:19,0.3474983592084445,0.11235599843194778,0.8076923076923077,78
random,,joint_groove,mlp,tobit,HLA-A*02:50,0.14651861335901958,0.27169976380019245,0.8571428571428571,70
random,,joint_groove,mlp,tobit,HLA-A*03:01,0.585363775035189,0.05321673751106703,0.7167630057803468,173
random,,joint_groove,mlp,tobit,HLA-A*11:01,0.5326675955741278,-0.13445775729646695,0.728,125
random,,joint_groove,mlp,tobit,HLA-A*23:01,0.662144998759578,-0.019921274961597544,0.9206349206349206,63
random,,joint_groove,mlp,tobit,HLA-A*24:02,0.47598211343116786,-0.0935328347999643,0.8278688524590164,122
random,,joint_groove,mlp,tobit,HLA-A*24:03,0.44852900466009143,-0.087683125339121,0.8645833333333334,96
random,,joint_groove,mlp,tobit,HLA-A*24:07,0.4116036850867207,0.08113364823562103,0.8833333333333333,60
random,,joint_groove,mlp,tobit,HLA-A*24:19,0.21852451679245588,0.06905782521214242,0.9142857142857143,70
random,,joint_groove,mlp,tobit,HLA-A*25:01,0.2837898050342948,0.05947217339622403,0.7307692307692307,78
random,,joint_groove,mlp,tobit,HLA-A*26:01,0.4798840340280865,0.005435417884278201,0.8813559322033898,59
random,,joint_groove,mlp,tobit,HLA-A*26:02,0.47810311667201366,0.037271062271062264,0.78125,64
random,,joint_groove,mlp,tobit,HLA-A*26:03,0.5664615377814822,0.0011106997408367274,0.8082191780821918,73
random,,joint_groove,mlp,tobit,HLA-A*29:02,0.14923722443276255,0.060060659270492464,0.8059701492537313,67
random,,joint_groove,mlp,tobit,HLA-A*30:01,0.47823718776593793,-0.07591258152745634,0.6701030927835051,97
random,,joint_groove,mlp,tobit,HLA-A*30:02,0.3715213728512319,-0.0212156633547633,0.8813559322033898,59
random,,joint_groove,mlp,tobit,HLA-A*31:01,0.41710895982006907,-0.06720960497040426,0.7710843373493976,83
random,,joint_groove,mlp,tobit,HLA-A*32:07,0.4410159170249973,0.11158830062939651,0.6891891891891891,74
random,,joint_groove,mlp,tobit,HLA-A*33:03,0.4015707385645729,-0.06359265734265734,0.4307692307692308,65
random,,joint_groove,mlp,tobit,HLA-A*43:01,0.05017590392345262,-0.039432209581463325,0.7727272727272727,66
random,,joint_groove,mlp,tobit,HLA-A*66:01,0.3505963990548122,0.05374305812661976,0.8783783783783784,74
random,,joint_groove,mlp,tobit,HLA-A*68:01,0.39244699242639824,0.02317236753856472,0.6338028169014085,71
random,,joint_groove,mlp,tobit,HLA-A*68:23,0.16129482561686348,-0.0220112517580872,0.725,80
random,,joint_groove,mlp,tobit,HLA-A*74:01,0.3423017629545027,-0.07053472842946527,0.7012987012987013,77
random,,joint_groove,mlp,tobit,HLA-A*80:01,0.2827685082896559,-0.04485961799394636,0.9242424242424242,66
random,,joint_groove,mlp,tobit,HLA-B*07:02,0.4212764376769965,0.10973678727689422,0.9166666666666666,120
random,,joint_groove,mlp,tobit,HLA-B*08:01,0.401726573996952,0.19637718760318884,0.9302325581395349,86
random,,joint_groove,mlp,tobit,HLA-B*08:03,-0.04534032226214788,-0.21881622214103036,0.7971014492753623,69
random,,joint_groove,mlp,tobit,HLA-B*14:01(C67S),0.2741304561284965,0.15645082765335933,0.6582278481012658,79
random,,joint_groove,mlp,tobit,HLA-B*14:02(C67S),0.49338246466942903,0.08310197265421149,0.7121212121212122,66
random,,joint_groove,mlp,tobit,HLA-B*15:01,0.2050975012423105,0.13495117474938104,0.9192825112107623,223
random,,joint_groove,mlp,tobit,HLA-B*15:02,0.2559124784646812,-0.1632545138626577,0.8064516129032258,62
random,,joint_groove,mlp,tobit,HLA-B*15:10,0.5161354362931369,0.002502776749352091,0.8648648648648649,74
random,,joint_groove,mlp,tobit,HLA-B*15:17,0.18450940831383844,-0.08301059554256486,0.9130434782608695,69
random,,joint_groove,mlp,tobit,HLA-B*18:01,0.06608387972825208,-0.014281744929146988,0.75,60
random,,joint_groove,mlp,tobit,HLA-B*27:02,0.16660359815888987,0.0017163504968383018,0.6296296296296297,81
random,,joint_groove,mlp,tobit,HLA-B*27:03,0.707815080616948,-0.20022083179977915,0.8311688311688312,77
random,,joint_groove,mlp,tobit,HLA-B*27:05,0.37344764053319424,-0.3595877806404122,0.7402597402597403,77
random,,joint_groove,mlp,tobit,HLA-B*27:20,0.2815475734854684,0.19300276545115444,0.8194444444444444,72
random,,joint_groove,mlp,tobit,HLA-B*35:01,0.3481409774245469,0.06849342907465111,0.8512396694214877,121
random,,joint_groove,mlp,tobit,HLA-B*35:03,0.5324384633208238,-0.0338270425226947,0.9230769230769231,91
random,,joint_groove,mlp,tobit,HLA-B*39:01,0.2781527178584997,-0.07698179682912508,0.8549618320610687,131
random,,joint_groove,mlp,tobit,HLA-B*39:02,0.20672505779014624,-0.020254862508383632,0.7323943661971831,71
random,,joint_groove,mlp,tobit,HLA-B*39:06(C67S),0.18308281045819533,-0.35206330548675535,0.6746987951807228,83
random,,joint_groove,mlp,tobit,HLA-B*39:10,0.3696088687684527,0.02522148615212707,0.8059701492537313,67
random,,joint_groove,mlp,tobit,HLA-B*40:01,-0.04807031940064771,-0.20692731243655607,0.9655172413793104,58
random,,joint_groove,mlp,tobit,HLA-B*41:01,0.33742327342207273,0.009424972876079058,0.8837209302325582,86
random,,joint_groove,mlp,tobit,HLA-B*42:01,0.487410892298909,0.06763632872503841,0.9047619047619048,63
random,,joint_groove,mlp,tobit,HLA-B*42:02,0.5784460353401217,0.06359535201640465,0.8947368421052632,76
random,,joint_groove,mlp,tobit,HLA-B*44:05,0.038472062548155085,-0.17481886534518115,0.7894736842105263,76
random,,joint_groove,mlp,tobit,HLA-B*45:01,0.43206297000972316,-0.10240573878050913,0.8,70
random,,joint_groove,mlp,tobit,HLA-B*46:01,0.0309032935849017,0.06479081821547575,0.6712328767123288,73
random,,joint_groove,mlp,tobit,HLA-B*51:01,0.47938001652181533,-0.1504548083495452,0.6363636363636364,77
random,,joint_groove,mlp,tobit,HLA-B*54:01,0.548830297646716,-0.04403085177733065,0.7746478873239436,71
random,,joint_groove,mlp,tobit,HLA-B*55:01,0.4702782721890661,-0.11428991226228957,0.7831325301204819,83
random,,joint_groove,mlp,tobit,HLA-B*56:01,0.5536551119414604,-0.2912798874824192,0.8625,80
random,,joint_groove,mlp,tobit,HLA-B*57:01,0.33948215163911044,-0.01851106639839034,0.9154929577464789,71
random,,joint_groove,mlp,tobit,HLA-B*57:02,0.13780182631520768,0.017744360902255642,0.9210526315789473,76
random,,joint_groove,mlp,tobit,HLA-B*57:03,0.31206203996499926,0.005100541538978212,0.9879518072289156,83
random,,joint_groove,mlp,tobit,HLA-B*58:01,0.31211802494644614,0.1603913273400317,0.7540983606557377,61
random,,joint_groove,mlp,tobit,HLA-B*81:01,0.2495833721994374,0.0031469825990373935,0.9178082191780822,73
random,,concat_pseudo,ridge,tobit,HLA-A*01:01,0.01094937969292926,0.08133848133848134,0.8055555555555556,36
random,,concat_pseudo,ridge,tobit,HLA-A*02:01,0.2782414804178385,-0.09748806242407115,0.839572192513369,187
random,,concat_pseudo,ridge,tobit,HLA-A*02:03,0.3092522753054711,-0.004218966458167162,0.891566265060241,83
random,,concat_pseudo,ridge,tobit,HLA-A*02:10,0.2998627771279476,0.0994069221917323,0.8846153846153846,78
random,,concat_pseudo,ridge,tobit,HLA-A*02:11,0.3280469923908847,0.07955062673843152,0.9787234042553191,94
random,,concat_pseudo,ridge,tobit,HLA-A*02:12,0.452858691847755,0.008646332629502334,0.967391304347826,92
random,,concat_pseudo,ridge,tobit,HLA-A*02:16,0.21396011764288414,-0.01910851297040556,0.9710144927536232,69
random,,concat_pseudo,ridge,tobit,HLA-A*02:19,0.35411291889202356,0.1559326749200167,0.8589743589743589,78
random,,concat_pseudo,ridge,tobit,HLA-A*02:50,0.4663324141859097,-0.12371621030531012,0.9714285714285714,70
random,,concat_pseudo,ridge,tobit,HLA-A*03:01,0.3095466182647292,0.04227255239163588,0.6242774566473989,173
random,,concat_pseudo,ridge,tobit,HLA-A*11:01,0.19321077547232907,0.17330261136712746,0.656,125
random,,concat_pseudo,ridge,tobit,HLA-A*23:01,0.33984779931983855,-0.12538402457757297,0.8571428571428571,63
random,,concat_pseudo,ridge,tobit,HLA-A*24:02,0.12784479564006884,0.10934138741197735,0.8524590163934426,122
random,,concat_pseudo,ridge,tobit,HLA-A*24:03,0.21258218624679664,-0.041494845360824734,0.9166666666666666,96
random,,concat_pseudo,ridge,tobit,HLA-A*24:07,0.24766832570833408,0.0002778549597110309,0.8833333333333333,60
random,,concat_pseudo,ridge,tobit,HLA-A*24:19,0.1614780419779736,0.17232088181261482,0.9285714285714286,70
random,,concat_pseudo,ridge,tobit,HLA-A*25:01,0.3280671589185359,0.12247246424461615,0.8333333333333334,78
random,,concat_pseudo,ridge,tobit,HLA-A*26:01,0.0951031710176011,0.05569842197545296,0.847457627118644,59
random,,concat_pseudo,ridge,tobit,HLA-A*26:02,0.2581362763821918,0.15,0.6875,64
random,,concat_pseudo,ridge,tobit,HLA-A*26:03,0.21183724358292605,0.14263235838578306,0.7671232876712328,73
random,,concat_pseudo,ridge,tobit,HLA-A*29:02,0.05060514962685882,0.07793918109984838,0.835820895522388,67
random,,concat_pseudo,ridge,tobit,HLA-A*30:01,0.12706605225338619,0.02778508310540711,0.6804123711340206,97
random,,concat_pseudo,ridge,tobit,HLA-A*30:02,0.13179234942904394,-0.3623611922852134,0.8305084745762712,59
random,,concat_pseudo,ridge,tobit,HLA-A*31:01,0.23021886458089744,-0.28174719785063596,0.8192771084337349,83
random,,concat_pseudo,ridge,tobit,HLA-A*32:07,0.07920982206859581,-0.07035912624953719,0.7567567567567568,74
random,,concat_pseudo,ridge,tobit,HLA-A*33:03,0.047998185493047275,-0.12172202797202797,0.6,65
random,,concat_pseudo,ridge,tobit,HLA-A*43:01,0.1532496174079211,0.08038826844796997,0.8787878787878788,66
random,,concat_pseudo,ridge,tobit,HLA-A*66:01,0.2133506235672646,0.23646057015920025,0.8783783783783784,74
random,,concat_pseudo,ridge,tobit,HLA-A*68:01,0.08229678291491543,0.01613011401743796,0.647887323943662,71
random,,concat_pseudo,ridge,tobit,HLA-A*68:23,0.2854068622404938,0.19669479606188467,0.8375,80
random,,concat_pseudo,ridge,tobit,HLA-A*74:01,0.2606600293326335,-0.0701403859298596,0.7272727272727273,77
random,,concat_pseudo,ridge,tobit,HLA-A*80:01,0.1356843273789523,0.27535747834255303,0.9242424242424242,66
random,,concat_pseudo,ridge,tobit,HLA-B*07:02,0.1751404788353548,0.00593096742829363,0.8916666666666667,120
random,,concat_pseudo,ridge,tobit,HLA-B*08:01,0.20445952507815923,0.10761828388131514,0.9883720930232558,86
random,,concat_pseudo,ridge,tobit,HLA-B*08:03,-0.17825715921173954,0.2431128973328462,0.927536231884058,69
random,,concat_pseudo,ridge,tobit,HLA-B*14:01(C67S),0.24573447262514628,-0.05623174294060369,0.7974683544303798,79
random,,concat_pseudo,ridge,tobit,HLA-B*14:02(C67S),0.24058349860357298,-0.006032773196952302,0.7121212121212122,66
random,,concat_pseudo,ridge,tobit,HLA-B*15:01,0.01730245184890251,-0.04966605779386048,0.9461883408071748,223
random,,concat_pseudo,ridge,tobit,HLA-B*15:02,0.005517100504875445,0.13963385459948124,0.8225806451612904,62
random,,concat_pseudo,ridge,tobit,HLA-B*15:10,0.1199682222511687,-0.11229914846353199,0.7702702702702703,74
random,,concat_pseudo,ridge,tobit,HLA-B*15:17,0.15799680876423328,-0.1543660942637925,0.9420289855072463,69
random,,concat_pseudo,ridge,tobit,HLA-B*18:01,-0.01985579698535345,-0.1817171436510142,0.7666666666666667,60
random,,concat_pseudo,ridge,tobit,HLA-B*27:02,-0.04927129712544033,0.014317976513098464,0.5432098765432098,81
random,,concat_pseudo,ridge,tobit,HLA-B*27:03,0.5236732720187337,0.04792575845207424,0.7272727272727273,77
random,,concat_pseudo,ridge,tobit,HLA-B*27:05,0.2664247781732124,0.027866869972133123,0.7532467532467533,77
random,,concat_pseudo,ridge,tobit,HLA-B*27:20,0.15494000716423484,0.2559007010097113,0.7083333333333334,72
random,,concat_pseudo,ridge,tobit,HLA-B*35:01,0.31524133643375113,-0.05652350629995934,0.8842975206611571,121
random,,concat_pseudo,ridge,tobit,HLA-B*35:03,0.10343963323145117,-0.02500398152572066,0.9010989010989011,91
random,,concat_pseudo,ridge,tobit,HLA-B*39:01,0.07948906792962536,-0.015870389152831902,0.8091603053435115,131
random,,concat_pseudo,ridge,tobit,HLA-B*39:02,-0.13031605653904602,0.12712944332662643,0.6619718309859155,71
random,,concat_pseudo,ridge,tobit,HLA-B*39:06(C67S),0.16413419695609804,0.05134125351580538,0.20481927710843373,83
random,,concat_pseudo,ridge,tobit,HLA-B*39:10,0.115464093813488,0.05563093622795116,0.746268656716418,67
random,,concat_pseudo,ridge,tobit,HLA-B*40:01,0.12140995304335608,-0.274231751207358,0.9827586206896551,58
random,,concat_pseudo,ridge,tobit,HLA-B*41:01,0.30592651787435554,0.17011179772630786,0.7209302325581395,86
random,,concat_pseudo,ridge,tobit,HLA-B*42:01,0.2887214075670249,0.04262672811059908,0.9523809523809523,63
random,,concat_pseudo,ridge,tobit,HLA-B*42:02,0.3155757096813822,8.202323991797676e-05,0.8552631578947368,76
random,,concat_pseudo,ridge,tobit,HLA-B*44:05,-0.04922181056196592,0.13372522214627477,0.868421052631579,76
random,,concat_pseudo,ridge,tobit,HLA-B*45:01,0.24451139020357776,0.29385005686291665,0.6857142857142857,70
random,,concat_pseudo,ridge,tobit,HLA-B*46:01,-0.01905518307669746,0.10489941996791315,0.8082191780821918,73
random,,concat_pseudo,ridge,tobit,HLA-B*51:01,0.28488261921552527,0.03743624796256375,0.6493506493506493,77
random,,concat_pseudo,ridge,tobit,HLA-B*54:01,0.2891373862462689,0.02253521126760563,0.7183098591549296,71
random,,concat_pseudo,ridge,tobit,HLA-B*55:01,0.28943949911251465,-0.0304563200537341,0.7951807228915663,83
random,,concat_pseudo,ridge,tobit,HLA-B*56:01,0.33671720831133534,-0.17906704172526958,0.8,80
random,,concat_pseudo,ridge,tobit,HLA-B*57:01,0.19196218329897216,-0.07501676727028839,0.8873239436619719,71
random,,concat_pseudo,ridge,tobit,HLA-B*57:02,0.07893555836811916,0.10682159945317839,0.9078947368421053,76
random,,concat_pseudo,ridge,tobit,HLA-B*57:03,0.05905295121288884,-0.10387893035556862,0.9879518072289156,83
random,,concat_pseudo,ridge,tobit,HLA-B*58:01,0.22035442544993397,-0.09867794817556846,0.7049180327868853,61
random,,concat_pseudo,ridge,tobit,HLA-B*81:01,0.23134042143544878,-0.1116253239540911,0.958904109589041,73
random,,concat_pseudo,mlp,naive,HLA-A*01:01,0.2623986639352576,0.06460746460746461,0.6944444444444444,36
random,,concat_pseudo,mlp,naive,HLA-A*02:01,0.41563976375339684,0.1662800641564419,0.7486631016042781,187
random,,concat_pseudo,mlp,naive,HLA-A*02:03,0.516886490831149,-0.004806683178707863,0.7469879518072289,83
random,,concat_pseudo,mlp,naive,HLA-A*02:10,0.42989400882196166,0.04677600880132525,0.7435897435897436,78
random,,concat_pseudo,mlp,naive,HLA-A*02:11,0.4039463328689537,-0.09060434201495503,0.8829787234042553,94
random,,concat_pseudo,mlp,naive,HLA-A*02:12,0.5745278574059665,-0.05539201331627699,0.8369565217391305,92
random,,concat_pseudo,mlp,naive,HLA-A*02:16,0.4062154603084182,0.019839240043843628,0.8840579710144928,69
random,,concat_pseudo,mlp,naive,HLA-A*02:19,0.4370035960740058,-0.0723453761428445,0.782051282051282,78
random,,concat_pseudo,mlp,naive,HLA-A*02:50,0.4499514512016715,0.04872714548158516,0.8428571428571429,70
random,,concat_pseudo,mlp,naive,HLA-A*03:01,0.6422725754968377,-0.01624708549072688,0.6936416184971098,173
random,,concat_pseudo,mlp,naive,HLA-A*11:01,0.4938705103556613,-0.03998771121351766,0.6,125
random,,concat_pseudo,mlp,naive,HLA-A*23:01,0.6448344891651165,-0.16575460829493088,0.7777777777777778,63
random,,concat_pseudo,mlp,naive,HLA-A*24:02,0.3843611121894775,-0.0028187072278526605,0.6885245901639344,122
random,,concat_pseudo,mlp,naive,HLA-A*24:03,0.38205211337254685,0.07483722192078135,0.7395833333333334,96
random,,concat_pseudo,mlp,naive,HLA-A*24:07,0.3645942408423843,0.01467074187274243,0.8833333333333333,60
random,,concat_pseudo,mlp,naive,HLA-A*24:19,0.21194768579302367,-0.1953109964132622,0.8571428571428571,70
random,,concat_pseudo,mlp,naive,HLA-A*25:01,0.12316759152187569,0.14300888984433288,0.5769230769230769,78
random,,concat_pseudo,mlp,naive,HLA-A*26:01,0.5093179377585647,-0.007305669199298657,0.6610169491525424,59
random,,concat_pseudo,mlp,naive,HLA-A*26:02,0.5009681210058582,0.07413003663003662,0.65625,64
random,,concat_pseudo,mlp,naive,HLA-A*26:03,0.5405599043109445,-0.0019745773170430705,0.5616438356164384,73
random,,concat_pseudo,mlp,naive,HLA-A*29:02,0.20090164456918833,-0.0024343523026578344,0.6567164179104478,67
random,,concat_pseudo,mlp,naive,HLA-A*30:01,0.48373837220806704,0.019816431727330105,0.6185567010309279,97
random,,concat_pseudo,mlp,naive,HLA-A*30:02,0.3843284123665738,-0.08123904149620106,0.847457627118644,59
random,,concat_pseudo,mlp,naive,HLA-A*31:01,0.5429062252071684,-0.16231476428361527,0.6987951807228916,83
random,,concat_pseudo,mlp,naive,HLA-A*32:07,0.5929921467900705,0.033395038874490926,0.4864864864864865,74
random,,concat_pseudo,mlp,naive,HLA-A*33:03,0.4916979474523977,-0.3652534965034965,0.35384615384615387,65
random,,concat_pseudo,mlp,naive,HLA-A*43:01,0.26913105741952825,-0.07370838117106775,0.7272727272727273,66
random,,concat_pseudo,mlp,naive,HLA-A*66:01,0.38159527766548895,0.17408367271380967,0.7702702702702703,74
random,,concat_pseudo,mlp,naive,HLA-A*68:01,0.5034676269011766,0.07233400402414486,0.5211267605633803,71
random,,concat_pseudo,mlp,naive,HLA-A*68:23,0.37650824099441654,0.11706516643225505,0.625,80
random,,concat_pseudo,mlp,naive,HLA-A*74:01,0.556087039251252,-0.10581523739418476,0.5974025974025974,77
random,,concat_pseudo,mlp,naive,HLA-A*80:01,0.22560333839654967,0.033211564554848146,0.8484848484848485,66
random,,concat_pseudo,mlp,naive,HLA-B*07:02,0.44867698304785425,0.08676296965067017,0.8666666666666667,120
random,,concat_pseudo,mlp,naive,HLA-B*08:01,0.39147346968466373,0.07027689985376669,0.8372093023255814,86
random,,concat_pseudo,mlp,naive,HLA-B*08:03,0.021528642416876756,-0.22601388381439536,0.5362318840579711,69
random,,concat_pseudo,mlp,naive,HLA-B*14:01(C67S),0.2594875130683643,0.08171859785783837,0.9620253164556962,79
random,,concat_pseudo,mlp,naive,HLA-B*14:02(C67S),0.42099450933738064,0.1057300908047177,0.8333333333333334,66
random,,concat_pseudo,mlp,naive,HLA-B*15:01,0.28233380647294076,0.2291497134546462,0.9147982062780269,223
random,,concat_pseudo,mlp,naive,HLA-B*15:02,0.020600549591599137,-0.049230691747878426,0.6935483870967742,62
random,,concat_pseudo,mlp,naive,HLA-B*15:10,0.5098760954122665,-0.06955942243613475,0.7972972972972973,74
random,,concat_pseudo,mlp,naive,HLA-B*15:17,0.4027538139856228,0.06174643770551699,0.8985507246376812,69
random,,concat_pseudo,mlp,naive,HLA-B*18:01,0.08034217994774853,-0.12403445401500418,0.7,60
random,,concat_pseudo,mlp,naive,HLA-B*27:02,0.289184613128546,0.04358626919602529,0.37037037037037035,81
random,,concat_pseudo,mlp,naive,HLA-B*27:03,0.6607260940757911,0.12429675587570324,0.6103896103896104,77
random,,concat_pseudo,mlp,naive,HLA-B*27:05,0.40458802801859733,-0.03370313896629686,0.6233766233766234,77
random,,concat_pseudo,mlp,naive,HLA-B*27:20,0.3475973742876532,-0.061611679207666095,0.5694444444444444,72
random,,concat_pseudo,mlp,naive,HLA-B*35:01,0.3583979641995467,-0.006909632841078443,0.7851239669421488,121
random,,concat_pseudo,mlp,naive,HLA-B*35:03,0.5562588964201798,-0.06794075489727663,0.8681318681318682,91
random,,concat_pseudo,mlp,naive,HLA-B*39:01,0.22716221113766305,-0.005466289435755085,0.6641221374045801,131
random,,concat_pseudo,mlp,naive,HLA-B*39:02,0.4226225617657219,0.03132126089872569,0.6056338028169014,71
random,,concat_pseudo,mlp,naive,HLA-B*39:06(C67S),0.182102709759811,-0.09609168380840434,0.963855421686747,83
random,,concat_pseudo,mlp,naive,HLA-B*39:10,0.5381936322980008,-0.18991938702210873,0.6567164179104478,67
random,,concat_pseudo,mlp,naive,HLA-B*40:01,-0.2006118207593141,0.000707496385616291,0.9827586206896551,58
random,,concat_pseudo,mlp,naive,HLA-B*41:01,0.3757851249112785,-0.14407283362422754,0.8023255813953488,86
random,,concat_pseudo,mlp,naive,HLA-B*42:01,0.4956676188932274,0.20842933947772657,0.8888888888888888,63
random,,concat_pseudo,mlp,naive,HLA-B*42:02,0.6024254119795437,0.1667259056732741,0.7763157894736842,76
random,,concat_pseudo,mlp,naive,HLA-B*44:05,0.1881616198142615,0.0537799043062201,0.7763157894736842,76
random,,concat_pseudo,mlp,naive,HLA-B*45:01,0.6088563715940997,-0.008345726533111714,0.7428571428571429,70
random,,concat_pseudo,mlp,naive,HLA-B*46:01,0.17346077296169066,-0.013513513513513516,0.5616438356164384,73
random,,concat_pseudo,mlp,naive,HLA-B*51:01,0.5071377393694184,0.06627582943372416,0.44155844155844154,77
random,,concat_pseudo,mlp,naive,HLA-B*54:01,0.5314193470240232,-0.16143527833668678,0.5633802816901409,71
random,,concat_pseudo,mlp,naive,HLA-B*55:01,0.5534111997582624,0.16315435959867342,0.6987951807228916,83
random,,concat_pseudo,mlp,naive,HLA-B*56:01,0.562254206331192,0.01669010782934834,0.7125,80
random,,concat_pseudo,mlp,naive,HLA-B*57:01,0.5031919038355245,0.16502347417840374,0.8591549295774648,71
random,,concat_pseudo,mlp,naive,HLA-B*57:02,0.34894007062868354,-0.19105946684894054,0.8947368421052632,76
random,,concat_pseudo,mlp,naive,HLA-B*57:03,0.5150782125080827,-0.0413920490323664,0.9518072289156626,83
random,,concat_pseudo,mlp,naive,HLA-B*58:01,0.5424536613052622,-0.12411422527763087,0.7213114754098361,61
random,,concat_pseudo,mlp,naive,HLA-B*81:01,0.419092723869917,0.12402813772676788,0.863013698630137,73
random,,concat_pseudo,mlp,tobit,HLA-A*01:01,0.22362497819911994,0.06512226512226513,0.8333333333333334,36
random,,concat_pseudo,mlp,tobit,HLA-A*02:01,0.3954355373384857,0.14417215067221126,0.8502673796791443,187
random,,concat_pseudo,mlp,tobit,HLA-A*02:03,0.4530458711037757,-0.10236765878846395,0.7951807228915663,83
random,,concat_pseudo,mlp,tobit,HLA-A*02:10,0.44111908935846683,-0.02730181211193869,0.8461538461538461,78
random,,concat_pseudo,mlp,tobit,HLA-A*02:11,0.4357221824094151,0.010352924177292923,0.9148936170212766,94
random,,concat_pseudo,mlp,tobit,HLA-A*02:12,0.5446635376151215,0.00459288257324723,0.8913043478260869,92
random,,concat_pseudo,mlp,tobit,HLA-A*02:16,0.3560642757016625,0.26624040920716113,0.9565217391304348,69
random,,concat_pseudo,mlp,tobit,HLA-A*02:19,0.4208782354687224,0.1760644418872267,0.9102564102564102,78
random,,concat_pseudo,mlp,tobit,HLA-A*02:50,0.3617812679595859,0.10884437057125361,0.9,70
random,,concat_pseudo,mlp,tobit,HLA-A*03:01,0.6277375229688833,0.007476904107430087,0.8034682080924855,173
random,,concat_pseudo,mlp,tobit,HLA-A*11:01,0.4547537280559241,0.07083256528417818,0.744,125
random,,concat_pseudo,mlp,tobit,HLA-A*23:01,0.6336462818544104,-0.13724078341013823,0.8888888888888888,63
random,,concat_pseudo,mlp,tobit,HLA-A*24:02,0.34372921865534595,-0.07622405583221258,0.8524590163934426,122
random,,concat_pseudo,mlp,tobit,HLA-A*24:03,0.3461535062970967,0.07258545849158979,0.9166666666666666,96
random,,concat_pseudo,mlp,tobit,HLA-A*24:07,0.3874456679085253,0.05073631564323424,0.8666666666666667,60
random,,concat_pseudo,mlp,tobit,HLA-A*24:19,0.21132723003836026,-0.005756276791181873,0.9285714285714286,70
random,,concat_pseudo,mlp,tobit,HLA-A*25:01,0.1543371077716956,0.04419631001909482,0.7307692307692307,78
random,,concat_pseudo,mlp,tobit,HLA-A*26:01,0.4681280625182042,-0.18591466978375223,0.8305084745762712,59
random,,concat_pseudo,mlp,tobit,HLA-A*26:02,0.5581306318404698,-0.11923076923076922,0.796875,64
random,,concat_pseudo,mlp,tobit,HLA-A*26:03,0.5646024941246705,-0.040633098852276936,0.7123287671232876,73
random,,concat_pseudo,mlp,tobit,HLA-A*29:02,0.2317603929988368,-0.1778274403384149,0.7611940298507462,67
random,,concat_pseudo,mlp,tobit,HLA-A*30:01,0.4798735739482399,0.07220439722280664,0.7319587628865979,97
random,,concat_pseudo,mlp,tobit,HLA-A*30:02,0.36738912440349003,-0.2846873173582701,0.8813559322033898,59
random,,concat_pseudo,mlp,tobit,HLA-A*31:01,0.5214780647452196,-0.03454934721464254,0.8433734939759037,83
random,,concat_pseudo,mlp,tobit,HLA-A*32:07,0.5684066366326256,0.040799703813402435,0.8513513513513513,74
random,,concat_pseudo,mlp,tobit,HLA-A*33:03,0.4653311813594129,-0.099256993006993,0.5384615384615384,65
random,,concat_pseudo,mlp,tobit,HLA-A*43:01,0.3106559434251442,0.06865671641791045,0.8636363636363636,66
random,,concat_pseudo,mlp,tobit,HLA-A*66:01,0.39288707056513344,0.08199925953350609,0.8378378378378378,74
random,,concat_pseudo,mlp,tobit,HLA-A*68:01,0.4931068241391146,0.04480214621059691,0.676056338028169,71
random,,concat_pseudo,mlp,tobit,HLA-A*68:23,0.4034675358747614,-0.08166901078293484,0.8125,80
random,,concat_pseudo,mlp,tobit,HLA-A*74:01,0.5849452158529724,0.02923392397076607,0.7402597402597403,77
random,,concat_pseudo,mlp,tobit,HLA-A*80:01,0.27724633391772646,-0.15912743972445467,0.9242424242424242,66
random,,concat_pseudo,mlp,tobit,HLA-B*07:02,0.4181118970034606,0.014612125842072365,0.8916666666666667,120
random,,concat_pseudo,mlp,tobit,HLA-B*08:01,0.4000240995868893,-0.06755979055615831,0.9534883720930233,86
random,,concat_pseudo,mlp,tobit,HLA-B*08:03,0.09959250115267729,-0.24895871392035077,0.8985507246376812,69
random,,concat_pseudo,mlp,tobit,HLA-B*14:01(C67S),0.2489907072006729,0.005355404089581304,0.8607594936708861,79
random,,concat_pseudo,mlp,tobit,HLA-B*14:02(C67S),0.4570554209090444,0.01154368020039662,0.6818181818181818,66
random,,concat_pseudo,mlp,tobit,HLA-B*15:01,0.2783603301968972,0.07619639177935142,0.9327354260089686,223
random,,concat_pseudo,mlp,tobit,HLA-B*15:02,-0.03421614625042019,-0.12195613306136839,0.7580645161290323,62
random,,concat_pseudo,mlp,tobit,HLA-B*15:10,0.4233306719739157,-0.1330025916327286,0.8783783783783784,74
random,,concat_pseudo,mlp,tobit,HLA-B*15:17,0.38039180760688684,0.06035805626598466,0.9420289855072463,69
random,,concat_pseudo,mlp,tobit,HLA-B*18:01,0.08933716231278241,-0.055126424006668534,0.8333333333333334,60
random,,concat_pseudo,mlp,tobit,HLA-B*27:02,0.2981430307877169,-0.02323848238482385,0.5555555555555556,81
random,,concat_pseudo,mlp,tobit,HLA-B*27:03,0.6927855456886319,0.08294337241705663,0.7922077922077922,77
random,,concat_pseudo,mlp,tobit,HLA-B*27:05,0.39833361615577856,-0.040222934959777065,0.7922077922077922,77
random,,concat_pseudo,mlp,tobit,HLA-B*27:20,0.3611013198661874,0.14766222908225612,0.7916666666666666,72
random,,concat_pseudo,mlp,tobit,HLA-B*35:01,0.38775206382661154,0.07790949735808154,0.8842975206611571,121
random,,concat_pseudo,mlp,tobit,HLA-B*35:03,0.5585373726296834,-0.05781175346392738,0.9230769230769231,91
random,,concat_pseudo,mlp,tobit,HLA-B*39:01,0.2511537985320147,0.004489403726044948,0.7862595419847328,131
random,,concat_pseudo,mlp,tobit,HLA-B*39:02,0.4035708019824079,-0.21136820925553318,0.7746478873239436,71
random,,concat_pseudo,mlp,tobit,HLA-B*39:06(C67S),0.19623793983206517,0.03517904370093615,0.5301204819277109,83
random,,concat_pseudo,mlp,tobit,HLA-B*39:10,0.5662611488785272,-0.19530688801979412,0.746268656716418,67
random,,concat_pseudo,mlp,tobit,HLA-B*40:01,-0.14016910207775515,0.13513180965271157,0.9827586206896551,58
random,,concat_pseudo,mlp,tobit,HLA-B*41:01,0.3770798101997684,-0.10027831501485919,0.8372093023255814,86
random,,concat_pseudo,mlp,tobit,HLA-B*42:01,0.492235316849659,0.1077188940092166,0.9365079365079365,63
random,,concat_pseudo,mlp,tobit,HLA-B*42:02,0.572659796710073,0.029419002050580997,0.881578947368421,76
random,,concat_pseudo,mlp,tobit,HLA-B*44:05,0.23196752679675023,0.21850991114149007,0.8421052631578947,76
random,,concat_pseudo,mlp,tobit,HLA-B*45:01,0.49027420076315864,0.2103577989677194,0.7,70
random,,concat_pseudo,mlp,tobit,HLA-B*46:01,0.18496040963141833,-0.37220782426261884,0.7808219178082192,73
random,,concat_pseudo,mlp,tobit,HLA-B*51:01,0.5437337421286963,-0.012408643987591356,0.6103896103896104,77
random,,concat_pseudo,mlp,tobit,HLA-B*54:01,0.5395993409282461,0.06113346747149563,0.7746478873239436,71
random,,concat_pseudo,mlp,tobit,HLA-B*55:01,0.532131954934549,0.23418412325259222,0.8433734939759037,83
random,,concat_pseudo,mlp,tobit,HLA-B*56:01,0.5953352822951521,-0.0393342709798406,0.8625,80
random,,concat_pseudo,mlp,tobit,HLA-B*57:01,0.49862856579520637,-0.11368209255533199,0.9014084507042254,71
random,,concat_pseudo,mlp,tobit,HLA-B*57:02,0.2769452559464188,-0.20057416267942585,0.9342105263157895,76
random,,concat_pseudo,mlp,tobit,HLA-B*57:03,0.41132348951484177,-0.1638890054993493,0.963855421686747,83
random,,concat_pseudo,mlp,tobit,HLA-B*58:01,0.5708617231228496,-0.11433104177683764,0.8032786885245902,61
random,,concat_pseudo,mlp,tobit,HLA-B*81:01,0.3044050639354948,-0.04322473158089597,0.8904109589041096,73
random,,joint_pseudo,ridge,tobit,HLA-A*01:01,0.2978231276476758,0.004633204633204633,0.8333333333333334,36
random,,joint_pseudo,ridge,tobit,HLA-A*02:01,0.2746873645571422,0.14362894967683212,0.839572192513369,187
random,,joint_pseudo,ridge,tobit,HLA-A*02:03,0.24836121397063174,-0.020381176273036396,0.8433734939759037,83
random,,joint_pseudo,ridge,tobit,HLA-A*02:10,0.22437505965302856,-0.003856902591079806,0.7435897435897436,78
random,,joint_pseudo,ridge,tobit,HLA-A*02:11,0.1767974166109803,-0.0063938156991655525,0.9148936170212766,94
random,,joint_pseudo,ridge,tobit,HLA-A*02:12,0.42114471096018674,0.23305025969822601,0.9021739130434783,92
random,,joint_pseudo,ridge,tobit,HLA-A*02:16,0.3432021868261958,-0.15363536719035442,0.9855072463768116,69
random,,joint_pseudo,ridge,tobit,HLA-A*02:19,0.29641574627923695,-0.0028705471743446422,0.8846153846153846,78
random,,joint_pseudo,ridge,tobit,HLA-A*02:50,0.3473779212330602,0.16952147668620418,0.9714285714285714,70
random,,joint_pseudo,ridge,tobit,HLA-A*03:01,0.49696507397277795,-0.10315624550945392,0.6647398843930635,173
random,,joint_pseudo,ridge,tobit,HLA-A*11:01,0.4414985952247676,-0.11795391705069122,0.72,125
random,,joint_pseudo,ridge,tobit,HLA-A*23:01,0.34973951908810225,0.12288786482334871,0.8571428571428571,63
random,,joint_pseudo,ridge,tobit,HLA-A*24:02,0.2220451797218847,-0.0025213055273758268,0.7540983606557377,122
random,,joint_pseudo,ridge,tobit,HLA-A*24:03,0.36690547991462535,0.04701573521432448,0.90625,96
random,,joint_pseudo,ridge,tobit,HLA-A*24:07,0.17424908132673006,0.2956932481244791,0.8666666666666667,60
random,,joint_pseudo,ridge,tobit,HLA-A*24:19,0.06403103388126476,0.004531537048377219,0.8,70
random,,joint_pseudo,ridge,tobit,HLA-A*25:01,0.19684797572473542,0.17664613867145512,0.7307692307692307,78
random,,joint_pseudo,ridge,tobit,HLA-A*26:01,0.09812278464732148,-0.05078901227352426,0.711864406779661,59
random,,joint_pseudo,ridge,tobit,HLA-A*26:02,0.4643107994285522,0.08397435897435897,0.65625,64
random,,joint_pseudo,ridge,tobit,HLA-A*26:03,0.22517861570828143,-0.0336603727014686,0.7534246575342466,73
random,,joint_pseudo,ridge,tobit,HLA-A*29:02,-0.12319515888623922,0.18413281187644664,0.7014925373134329,67
random,,joint_pseudo,ridge,tobit,HLA-A*30:01,0.3370822496015125,0.08138281085630128,0.6494845360824743,97
random,,joint_pseudo,ridge,tobit,HLA-A*30:02,0.20113206451668414,-0.13027469316189363,0.8813559322033898,59
random,,joint_pseudo,ridge,tobit,HLA-A*31:01,0.18139919473863306,-0.0609126401074682,0.7469879518072289,83
random,,joint_pseudo,ridge,tobit,HLA-A*32:07,0.12592838443097723,0.07349870418363569,0.6216216216216216,74
random,,joint_pseudo,ridge,tobit,HLA-A*33:03,0.19228175374217968,-0.20397727272727273,0.5692307692307692,65
random,,joint_pseudo,ridge,tobit,HLA-A*43:01,0.005675911755848929,0.1278154681139756,0.8636363636363636,66
random,,joint_pseudo,ridge,tobit,HLA-A*66:01,0.18333097902918563,-0.049537208441318016,0.8243243243243243,74
random,,joint_pseudo,ridge,tobit,HLA-A*68:01,0.06770742487923134,0.2074782025486251,0.6197183098591549,71
random,,joint_pseudo,ridge,tobit,HLA-A*68:23,0.13881495763684776,0.2757383966244726,0.825,80
random,,joint_pseudo,ridge,tobit,HLA-A*74:01,0.4148956404754669,-0.09737630790262368,0.7142857142857143,77
random,,joint_pseudo,ridge,tobit,HLA-A*80:01,0.20197412016129804,0.07571234735413841,0.9090909090909091,66
random,,joint_pseudo,ridge,tobit,HLA-B*07:02,0.15637555159228,-0.11613306479616639,0.8666666666666667,120
random,,joint_pseudo,ridge,tobit,HLA-B*08:01,0.135757987508041,0.04693617623472805,0.872093023255814,86
random,,joint_pseudo,ridge,tobit,HLA-B*08:03,-0.04720280016425908,0.07891852393131167,0.8260869565217391,69
random,,joint_pseudo,ridge,tobit,HLA-B*14:01(C67S),0.15676443599321058,-0.016358325219084716,0.8607594936708861,79
random,,joint_pseudo,ridge,tobit,HLA-B*14:02(C67S),0.2578820908704228,0.050036530633545566,0.7424242424242424,66
random,,joint_pseudo,ridge,tobit,HLA-B*15:01,0.11354250395933282,-0.02866211022040618,0.9147982062780269,223
random,,joint_pseudo,ridge,tobit,HLA-B*15:02,0.11479618298217897,0.11067462415955276,0.8064516129032258,62
random,,joint_pseudo,ridge,tobit,HLA-B*15:10,0.15747966415719156,0.41701592002961857,0.8243243243243243,74
random,,joint_pseudo,ridge,tobit,HLA-B*15:17,0.23621811971127527,0.20774570697844358,0.8985507246376812,69
random,,joint_pseudo,ridge,tobit,HLA-B*18:01,-0.09518529326218525,-0.12692414559599893,0.75,60
random,,joint_pseudo,ridge,tobit,HLA-B*27:02,0.11780319221809825,-0.013459801264679312,0.5308641975308642,81
random,,joint_pseudo,ridge,tobit,HLA-B*27:03,0.4126120769140171,0.20195593879804402,0.7272727272727273,77
random,,joint_pseudo,ridge,tobit,HLA-B*27:05,0.17295094698552663,0.10365949839634049,0.6363636363636364,77
random,,joint_pseudo,ridge,tobit,HLA-B*27:20,0.24670545552745607,0.0793620168499582,0.7083333333333334,72
random,,joint_pseudo,ridge,tobit,HLA-B*35:01,0.2224098437678822,0.14814388294269068,0.8842975206611571,121
random,,joint_pseudo,ridge,tobit,HLA-B*35:03,0.2113884186817102,0.27142857142857146,0.8901098901098901,91
random,,joint_pseudo,ridge,tobit,HLA-B*39:01,0.2213299724039808,-0.03589921528852827,0.8091603053435115,131
random,,joint_pseudo,ridge,tobit,HLA-B*39:02,0.1262263236526986,-0.026425217974513745,0.7183098591549296,71
random,,joint_pseudo,ridge,tobit,HLA-B*39:06(C67S),0.13723587778932772,-0.0789009697325889,0.9397590361445783,83
random,,joint_pseudo,ridge,tobit,HLA-B*39:10,0.12790083835805974,-0.15962965919067768,0.7313432835820896,67
random,,joint_pseudo,ridge,tobit,HLA-B*40:01,0.05868404845958405,0.10387892583592237,1.0,58
random,,joint_pseudo,ridge,tobit,HLA-B*41:01,0.34482147507058664,0.05550261804802113,0.8255813953488372,86
random,,joint_pseudo,ridge,tobit,HLA-B*42:01,0.14060437322534144,-0.1459293394777266,0.9047619047619048,63
random,,joint_pseudo,ridge,tobit,HLA-B*42:02,0.26969617217503816,0.11125085440874916,0.8421052631578947,76
random,,joint_pseudo,ridge,tobit,HLA-B*44:05,0.03335704250087105,-0.13834586466165413,0.8289473684210527,76
random,,joint_pseudo,ridge,tobit,HLA-B*45:01,-0.007629627331760971,-0.01499431370833698,0.6857142857142857,70
random,,joint_pseudo,ridge,tobit,HLA-B*46:01,0.0060982921733404175,0.16426015056152046,0.7123287671232876,73
random,,joint_pseudo,ridge,tobit,HLA-B*51:01,0.4474379205285286,-0.03893474946106525,0.6103896103896104,77
random,,joint_pseudo,ridge,tobit,HLA-B*54:01,0.42616542117718065,-0.14020791415157613,0.7464788732394366,71
random,,joint_pseudo,ridge,tobit,HLA-B*55:01,0.43869588156194095,0.1308089500860585,0.7831325301204819,83
random,,joint_pseudo,ridge,tobit,HLA-B*56:01,0.5677263573064757,-0.1590248476324426,0.7875,80
random,,joint_pseudo,ridge,tobit,HLA-B*57:01,0.24880258506587635,0.2404091213950369,0.8732394366197183,71
random,,joint_pseudo,ridge,tobit,HLA-B*57:02,-0.01649624485493992,-0.1355023923444976,0.9078947368421053,76
random,,joint_pseudo,ridge,tobit,HLA-B*57:03,0.2741211749546205,0.06221401284580832,0.963855421686747,83
random,,joint_pseudo,ridge,tobit,HLA-B*58:01,0.11458536024838568,0.13072448439978845,0.6557377049180327,61
random,,joint_pseudo,ridge,tobit,HLA-B*81:01,-0.1231360493467528,0.025947180056769104,0.863013698630137,73
random,,joint_pseudo,mlp,naive,HLA-A*01:01,0.3994591344443957,-0.13951093951093954,0.6944444444444444,36
random,,joint_pseudo,mlp,naive,HLA-A*02:01,0.4282906910076079,0.05636811410157125,0.7486631016042781,187
random,,joint_pseudo,mlp,naive,HLA-A*02:03,0.37065767244541425,0.09735107678099156,0.7469879518072289,83
random,,joint_pseudo,mlp,naive,HLA-A*02:10,0.32526157829679303,-0.010887846330884306,0.6410256410256411,78
random,,joint_pseudo,mlp,naive,HLA-A*02:11,0.2745525881167655,0.12940071524040023,0.851063829787234,94
random,,joint_pseudo,mlp,naive,HLA-A*02:12,0.5781886449932314,-0.011805865943313348,0.8586956521739131,92
random,,joint_pseudo,mlp,naive,HLA-A*02:16,0.5039782977695294,0.018158567774936064,0.9420289855072463,69
random,,joint_pseudo,mlp,naive,HLA-A*02:19,0.3005134849742266,0.13193135977946105,0.7307692307692307,78
random,,joint_pseudo,mlp,naive,HLA-A*02:50,0.3540108111593703,0.0866590849444493,0.8428571428571429,70
random,,joint_pseudo,mlp,naive,HLA-A*03:01,0.6390318401852049,-0.009674084855676748,0.6011560693641619,173
random,,joint_pseudo,mlp,naive,HLA-A*11:01,0.5528822879437209,0.14042396313364056,0.616,125
random,,joint_pseudo,mlp,naive,HLA-A*23:01,0.54733382416774,-0.06797235023041476,0.6666666666666666,63
random,,joint_pseudo,mlp,naive,HLA-A*24:02,0.3572875130713905,-0.048519435201126164,0.6967213114754098,122
random,,joint_pseudo,mlp,naive,HLA-A*24:03,0.4960522457469304,0.016264243081931633,0.7708333333333334,96
random,,joint_pseudo,mlp,naive,HLA-A*24:07,0.3453011868473698,0.22984162267296476,0.7833333333333333,60
random,,joint_pseudo,mlp,naive,HLA-A*24:19,0.18266217417291034,-0.006351150380544134,0.7428571428571429,70
random,,joint_pseudo,mlp,naive,HLA-A*25:01,0.16620328500519996,-0.10234069727740612,0.5769230769230769,78
random,,joint_pseudo,mlp,naive,HLA-A*26:01,0.37695332088295774,-0.09964932787843368,0.6949152542372882,59
random,,joint_pseudo,mlp,naive,HLA-A*26:02,0.6315140074730393,-0.03104395604395604,0.765625,64
random,,joint_pseudo,mlp,naive,HLA-A*26:03,0.5026604092569491,-0.15842897692212765,0.589041095890411,73
random,,joint_pseudo,mlp,naive,HLA-A*29:02,-0.049645810297439696,0.09625668449197862,0.5970149253731343,67
random,,joint_pseudo,mlp,naive,HLA-A*30:01,0.5303820303800252,0.048916473806017255,0.5670103092783505,97
random,,joint_pseudo,mlp,naive,HLA-A*30:02,0.30226957794333087,-0.1969608416130918,0.8135593220338984,59
random,,joint_pseudo,mlp,naive,HLA-A*31:01,0.42865769892254024,-0.15868351454598884,0.6987951807228916,83
random,,joint_pseudo,mlp,naive,HLA-A*32:07,0.5169964155784887,-0.07015179563124768,0.527027027027027,74
random,,joint_pseudo,mlp,naive,HLA-A*33:03,0.36622237592726625,-0.18020104895104894,0.46153846153846156,65
random,,joint_pseudo,mlp,naive,HLA-A*43:01,0.2275217712391041,0.013631144974428558,0.696969696969697,66
random,,joint_pseudo,mlp,naive,HLA-A*66:01,0.2707735216057,0.14627175120325803,0.7162162162162162,74
random,,joint_pseudo,mlp,naive,HLA-A*68:01,0.42010949345941584,0.008618376928236082,0.5352112676056338,71
random,,joint_pseudo,mlp,naive,HLA-A*68:23,0.3400700533065152,-0.11889357712142525,0.6625,80
random,,joint_pseudo,mlp,naive,HLA-A*74:01,0.5801970697941885,-0.10500026289499971,0.6363636363636364,77
random,,joint_pseudo,mlp,naive,HLA-A*80:01,0.14698937963393227,0.018808057614027766,0.7424242424242424,66
random,,joint_pseudo,mlp,naive,HLA-B*07:02,0.4533247936089861,-0.06252517535939994,0.8583333333333333,120
random,,joint_pseudo,mlp,naive,HLA-B*08:01,0.2584604830512746,-0.11582621821784046,0.8372093023255814,86
random,,joint_pseudo,mlp,naive,HLA-B*08:03,-0.0873562216022478,0.02963098282791378,0.6086956521739131,69
random,,joint_pseudo,mlp,naive,HLA-B*14:01(C67S),0.21226199919349056,-0.16316942551119765,0.9240506329113924,79
random,,joint_pseudo,mlp,naive,HLA-B*14:02(C67S),0.3418467964118246,-0.004863792923494417,0.8636363636363636,66
random,,joint_pseudo,mlp,naive,HLA-B*15:01,0.2205828574443447,0.06465558287307166,0.9103139013452914,223
random,,joint_pseudo,mlp,naive,HLA-B*15:02,0.10419221458060644,0.1974515877212863,0.7580645161290323,62
random,,joint_pseudo,mlp,naive,HLA-B*15:10,0.3490065744359814,0.16916697519437243,0.8243243243243243,74
random,,joint_pseudo,mlp,naive,HLA-B*15:17,0.3969941802903637,0.18107416879795396,0.8985507246376812,69
random,,joint_pseudo,mlp,naive,HLA-B*18:01,-0.05071164980410747,0.05029174770769659,0.7333333333333333,60
random,,joint_pseudo,mlp,naive,HLA-B*27:02,0.3150376876808458,-0.040221318879855465,0.4567901234567901,81
random,,joint_pseudo,mlp,naive,HLA-B*27:03,0.5346486999211331,0.1787948893212051,0.5584415584415584,77
random,,joint_pseudo,mlp,naive,HLA-B*27:05,0.14486534592575284,-0.03662127346337872,0.5714285714285714,77
random,,joint_pseudo,mlp,naive,HLA-B*27:20,0.4053929691201836,-0.24165541192359644,0.6805555555555556,72
random,,joint_pseudo,mlp,naive,HLA-B*35:01,0.3164175341901705,-0.08171656957051888,0.8099173553719008,121
random,,joint_pseudo,mlp,naive,HLA-B*35:03,0.5332271666241134,-0.1481764612199395,0.8681318681318682,91
random,,joint_pseudo,mlp,naive,HLA-B*39:01,0.1569607285327884,0.04067154219825976,0.6870229007633588,131
random,,joint_pseudo,mlp,naive,HLA-B*39:02,0.060504484470860195,0.11224010731052982,0.6056338028169014,71
random,,joint_pseudo,mlp,naive,HLA-B*39:06(C67S),0.0904306244375954,-0.10362705176105116,0.9518072289156626,83
random,,joint_pseudo,mlp,naive,HLA-B*39:10,0.41783868388833284,0.07674195865591828,0.7910447761194029,67
random,,joint_pseudo,mlp,naive,HLA-B*40:01,-0.08895168859567866,-0.022916730751484204,0.9655172413793104,58
random,,joint_pseudo,mlp,naive,HLA-B*41:01,0.40357189992643205,0.13239303740742486,0.8372093023255814,86
random,,joint_pseudo,mlp,naive,HLA-B*42:01,0.41072414384295713,0.1662826420890937,0.8888888888888888,63
random,,joint_pseudo,mlp,naive,HLA-B*42:02,0.5525105543884139,0.003390293916609706,0.7631578947368421,76
random,,joint_pseudo,mlp,naive,HLA-B*44:05,0.09167374164958533,-0.12601503759398497,0.7631578947368421,76
random,,joint_pseudo,mlp,naive,HLA-B*45:01,0.12893666506690232,-0.0011022657685241886,0.6714285714285714,70
random,,joint_pseudo,mlp,naive,HLA-B*46:01,0.06502205031574652,0.17925459706281627,0.5342465753424658,73
random,,joint_pseudo,mlp,naive,HLA-B*51:01,0.5930623918857303,0.047715442452284554,0.4935064935064935,77
random,,joint_pseudo,mlp,naive,HLA-B*54:01,0.47676928068317637,-0.025083836351441978,0.6056338028169014,71
random,,joint_pseudo,mlp,naive,HLA-B*55:01,0.5454517875722932,0.1313127072750934,0.7108433734939759,83
random,,joint_pseudo,mlp,naive,HLA-B*56:01,0.5692898290136996,-0.1534224097515237,0.825,80
random,,joint_pseudo,mlp,naive,HLA-B*57:01,0.2563522252061086,0.06338028169014083,0.8169014084507042,71
random,,joint_pseudo,mlp,naive,HLA-B*57:02,0.11203756671604011,0.10980177717019822,0.8947368421052632,76
random,,joint_pseudo,mlp,naive,HLA-B*57:03,0.5449668795486329,-0.2202258511397506,0.963855421686747,83
random,,joint_pseudo,mlp,naive,HLA-B*58:01,0.3076436890217749,0.0894764674775251,0.6065573770491803,61
random,,joint_pseudo,mlp,naive,HLA-B*81:01,0.28757017807356133,0.11884487226952982,0.8904109589041096,73
random,,joint_pseudo,mlp,tobit,HLA-A*01:01,0.38039433215553065,-0.10604890604890606,0.8055555555555556,36
random,,joint_pseudo,mlp,tobit,HLA-A*02:01,0.4476203828459005,-0.02681871400834621,0.8502673796791443,187
random,,joint_pseudo,mlp,tobit,HLA-A*02:03,0.3303610366128943,-0.004722723647202049,0.8313253012048193,83
random,,joint_pseudo,mlp,tobit,HLA-A*02:10,0.3976234841679728,0.013391671619519721,0.8076923076923077,78
random,,joint_pseudo,mlp,tobit,HLA-A*02:11,0.2915170480351382,0.10148466567929777,0.9468085106382979,94
random,,joint_pseudo,mlp,tobit,HLA-A*02:12,0.5396386249690232,0.010326279610992093,0.9347826086956522,92
random,,joint_pseudo,mlp,tobit,HLA-A*02:16,0.4473412586872187,0.008987943003288274,0.9855072463768116,69
random,,joint_pseudo,mlp,tobit,HLA-A*02:19,0.2868164139659741,0.05279530595986291,0.8461538461538461,78
random,,joint_pseudo,mlp,tobit,HLA-A*02:50,0.4656848761192251,0.10884437057125361,0.9142857142857143,70
random,,joint_pseudo,mlp,tobit,HLA-A*03:01,0.6301538301011305,0.000829737033620574,0.7861271676300579,173
random,,joint_pseudo,mlp,tobit,HLA-A*11:01,0.5519754548766542,0.1280921658986175,0.776,125
random,,joint_pseudo,mlp,tobit,HLA-A*23:01,0.5287988541165273,0.1483774961597542,0.8095238095238095,63
random,,joint_pseudo,mlp,tobit,HLA-A*24:02,0.36371282186416476,0.07690477527997065,0.8442622950819673,122
random,,joint_pseudo,mlp,tobit,HLA-A*24:03,0.47717324293333824,0.12475583288117201,0.8958333333333334,96
random,,joint_pseudo,mlp,tobit,HLA-A*24:07,0.3459961815878242,-0.06863017504862463,0.9166666666666666,60
random,,joint_pseudo,mlp,tobit,HLA-A*24:19,0.08526834799802976,0.03130084856967894,0.8428571428571429,70
random,,joint_pseudo,mlp,tobit,HLA-A*25:01,0.20162260798805487,-0.0909849644026859,0.7692307692307693,78
random,,joint_pseudo,mlp,tobit,HLA-A*26:01,0.318466629705364,0.10572764465225017,0.7796610169491526,59
random,,joint_pseudo,mlp,tobit,HLA-A*26:02,0.5916033486057474,-0.09812271062271061,0.796875,64
random,,joint_pseudo,mlp,tobit,HLA-A*26:03,0.43259477227542814,-0.0443971368628903,0.7397260273972602,73
random,,joint_pseudo,mlp,tobit,HLA-A*29:02,-0.030079285224495465,-0.10938622396041187,0.7313432835820896,67
random,,joint_pseudo,mlp,tobit,HLA-A*30:01,0.5231978959211383,-0.03359720176730486,0.7010309278350515,97
random,,joint_pseudo,mlp,tobit,HLA-A*30:02,0.34001664177802265,-0.10864991233196962,0.8983050847457628,59
random,,joint_pseudo,mlp,tobit,HLA-A*31:01,0.41599608132474003,-0.19604550606607615,0.7831325301204819,83
random,,joint_pseudo,mlp,tobit,HLA-A*32:07,0.48094071387918763,-0.01991854868567197,0.6756756756756757,74
random,,joint_pseudo,mlp,tobit,HLA-A*33:03,0.36724503295954053,-0.1903409090909091,0.5846153846153846,65
random,,joint_pseudo,mlp,tobit,HLA-A*43:01,0.15373491841306802,0.1119924851268135,0.8333333333333334,66
random,,joint_pseudo,mlp,tobit,HLA-A*66:01,0.24205442232029015,0.01375786745649759,0.8108108108108109,74
random,,joint_pseudo,mlp,tobit,HLA-A*68:01,0.3622406194957035,-0.14684775318578133,0.676056338028169,71
random,,joint_pseudo,mlp,tobit,HLA-A*68:23,0.2581993669250384,0.0953117674636662,0.8,80
random,,joint_pseudo,mlp,tobit,HLA-A*74:01,0.5798937160182106,-0.010515799989484199,0.7662337662337663,77
random,,joint_pseudo,mlp,tobit,HLA-A*80:01,0.19839537196318072,0.09308005427408414,0.9393939393939394,66
random,,joint_pseudo,mlp,tobit,HLA-B*07:02,0.42447918905021287,-0.05289256198347107,0.875,120
random,,joint_pseudo,mlp,tobit,HLA-B*08:01,0.2959627423875455,0.16614934666729564,0.9302325581395349,86
random,,joint_pseudo,mlp,tobit,HLA-B*08:03,-0.032062657218064824,-0.15970040189989043,0.8695652173913043,69
random,,joint_pseudo,mlp,tobit,HLA-B*14:01(C67S),0.16991072465216905,0.350827653359299,0.7721518987341772,79
random,,joint_pseudo,mlp,tobit,HLA-B*14:02(C67S),0.3358854353844794,-0.08736040079323662,0.6363636363636364,66
random,,joint_pseudo,mlp,tobit,HLA-B*15:01,0.23821214841495905,0.05910538982287861,0.9327354260089686,223
random,,joint_pseudo,mlp,tobit,HLA-B*15:02,0.09710603044590405,0.25985243383445394,0.7258064516129032,62
random,,joint_pseudo,mlp,tobit,HLA-B*15:10,0.30196487717452425,-0.03751203258052573,0.8243243243243243,74
random,,joint_pseudo,mlp,tobit,HLA-B*15:17,0.4423032986930683,0.3284983558640848,0.9710144927536232,69
random,,joint_pseudo,mlp,tobit,HLA-B*18:01,-0.07154213528102805,0.014559599888858018,0.7166666666666667,60
random,,joint_pseudo,mlp,tobit,HLA-B*27:02,0.29833827835208354,-0.14769647696476965,0.5925925925925926,81
random,,joint_pseudo,mlp,tobit,HLA-B*27:03,0.5155517220885257,-0.0310478994689521,0.7532467532467533,77
random,,joint_pseudo,mlp,tobit,HLA-B*27:05,0.12519357471932904,0.16551869183448129,0.6493506493506493,77
random,,joint_pseudo,mlp,tobit,HLA-B*27:20,0.4766925095312483,-0.14627950350504856,0.8194444444444444,72
random,,joint_pseudo,mlp,tobit,HLA-B*35:01,0.324423814019169,-0.04319197940658446,0.8842975206611571,121
random,,joint_pseudo,mlp,tobit,HLA-B*35:03,0.5347169395303273,-0.1778627169931518,0.9560439560439561,91
random,,joint_pseudo,mlp,tobit,HLA-B*39:01,0.2173649085362796,-0.09230235413441519,0.8091603053435115,131
random,,joint_pseudo,mlp,tobit,HLA-B*39:02,0.14361189596379695,0.09396378269617704,0.7323943661971831,71
random,,joint_pseudo,mlp,tobit,HLA-B*39:06(C67S),0.06690820767637118,0.2411947441333277,0.7228915662650602,83
random,,joint_pseudo,mlp,tobit,HLA-B*39:10,0.43648381936928,0.07259158751696067,0.835820895522388,67
random,,joint_pseudo,mlp,tobit,HLA-B*40:01,-0.12202703031422445,-0.008274631640468794,0.9655172413793104,58
random,,joint_pseudo,mlp,tobit,HLA-B*41:01,0.42190420842311716,-0.03970942025567244,0.8372093023255814,86
random,,joint_pseudo,mlp,tobit,HLA-B*42:01,0.3869140485477132,0.09158986175115208,0.9206349206349206,63
random,,joint_pseudo,mlp,tobit,HLA-B*42:02,0.5203100680169369,0.07726589200273411,0.8947368421052632,76
random,,joint_pseudo,mlp,tobit,HLA-B*44:05,0.12791653075467277,-0.0323444976076555,0.8421052631578947,76
random,,joint_pseudo,mlp,tobit,HLA-B*45:01,0.1658737497682848,0.17298574053013735,0.7571428571428571,70
random,,joint_pseudo,mlp,tobit,HLA-B*46:01,0.04029624750383902,0.06766012587930398,0.726027397260274,73
random,,joint_pseudo,mlp,tobit,HLA-B*51:01,0.6055464622609708,0.11570008938429989,0.7012987012987013,77
random,,joint_pseudo,mlp,tobit,HLA-B*54:01,0.4913251156604981,0.019617706237424547,0.8028169014084507,71
random,,joint_pseudo,mlp,tobit,HLA-B*55:01,0.5783336740665154,0.13145963645522857,0.8554216867469879,83
random,,joint_pseudo,mlp,tobit,HLA-B*56:01,0.566361421689058,-0.13670886075949368,0.8125,80
random,,joint_pseudo,mlp,tobit,HLA-B*57:01,0.2986805409256774,0.04061032863849765,0.8873239436619719,71
random,,joint_pseudo,mlp,tobit,HLA-B*57:02,0.156337855803663,-0.01826384142173616,0.9473684210526315,76
random,,joint_pseudo,mlp,tobit,HLA-B*57:03,0.524316718653388,-0.04055245371730826,0.9879518072289156,83
random,,joint_pseudo,mlp,tobit,HLA-B*58:01,0.3222580880183343,0.1575885774722369,0.7049180327868853,61
random,,joint_pseudo,mlp,tobit,HLA-B*81:01,0.15431462932083007,0.16080464025669508,0.9041095890410958,73
by_peptide,,concat_groove,ridge,tobit,HLA-A*01:01,-0.26329691670873495,-0.012483716891011723,0.6041666666666666,48
by_peptide,,concat_groove,ridge,tobit,HLA-A*02:01,0.23186544643531515,0.022766689135923772,0.7671232876712328,219
by_peptide,,concat_groove,ridge,tobit,HLA-A*02:03,0.37508064357793464,0.07833495618305746,0.8607594936708861,79
by_peptide,,concat_groove,ridge,tobit,HLA-A*02:10,0.44068966331712905,-0.07320056899004268,0.8266666666666667,75
by_peptide,,concat_groove,ridge,tobit,HLA-A*02:11,0.3002830115066763,0.13378773125608567,0.9620253164556962,79
by_peptide,,concat_groove,ridge,tobit,HLA-A*02:12,0.43176694413621636,0.07834270992165729,0.9090909090909091,77
by_peptide,,concat_groove,ridge,tobit,HLA-A*02:16,0.3775799995818415,0.09256532940743466,0.9090909090909091,77
by_peptide,,concat_groove,ridge,tobit,HLA-A*02:19,0.4310391053448004,0.049477971121806734,0.8783783783783784,74
by_peptide,,concat_groove,ridge,tobit,HLA-A*02:50,0.23947037326398138,0.20168439155780926,0.9358974358974359,78
by_peptide,,concat_groove,ridge,tobit,HLA-A*03:01,0.4720680123349145,-0.014941338854382334,0.6459627329192547,161
by_peptide,,concat_groove,ridge,tobit,HLA-A*11:01,0.4283181277863225,0.020316595090284505,0.6078431372549019,102
by_peptide,,concat_groove,ridge,tobit,HLA-A*23:01,0.34738868857548755,0.12618251313903486,0.8021978021978022,91
by_peptide,,concat_groove,ridge,tobit,HLA-A*24:02,0.3336674580970897,-0.023418731680881367,0.7213114754098361,122
by_peptide,,concat_groove,ridge,tobit,HLA-A*24:03,0.3375282238647794,-0.0777841848306616,0.7327586206896551,116
by_peptide,,concat_groove,ridge,tobit,HLA-A*24:07,0.3246794813777182,0.16820402579636506,0.7647058823529411,85
by_peptide,,concat_groove,ridge,tobit,HLA-A*24:19,0.34595143361543235,0.018607422540006812,0.9101123595505618,89
by_peptide,,concat_groove,ridge,tobit,HLA-A*25:01,-0.0078112965572388875,-0.434066985645933,0.6710526315789473,76
by_peptide,,concat_groove,ridge,tobit,HLA-A*26:01,0.009616823207278349,-0.08701298701298703,0.6607142857142857,56
by_peptide,,concat_groove,ridge,tobit,HLA-A*26:02,0.07663517010588905,-0.004759148498295711,0.6666666666666666,72
by_peptide,,concat_groove,ridge,tobit,HLA-A*26:03,0.08244855011606472,-0.16911055373335906,0.6805555555555556,72
by_peptide,,concat_groove,ridge,tobit,HLA-A*29:02,0.26055734226565647,0.26252904989747095,0.75,76
by_peptide,,concat_groove,ridge,tobit,HLA-A*30:01,0.2965309728404625,0.03631713554987213,0.7101449275362319,69
by_peptide,,concat_groove,ridge,tobit,HLA-A*30:02,0.11387687500663538,-0.20124077800134135,0.7605633802816901,71
by_peptide,,concat_groove,ridge,tobit,HLA-A*31:01,0.32476471266068463,-0.0015962965919067765,0.5970149253731343,67
by_peptide,,concat_groove,ridge,tobit,HLA-A*32:07,0.44256949395593126,-0.09484072698846979,0.5647058823529412,85
by_peptide,,concat_groove,ridge,tobit,HLA-A*33:03,0.015163240185445848,0.10234839787078594,0.4393939393939394,66
by_peptide,,concat_groove,ridge,tobit,HLA-A*43:01,0.12339525321275131,-0.2181547505439554,0.8382352941176471,68
by_peptide,,concat_groove,ridge,tobit,HLA-A*66:01,0.09778011855595305,-0.24286849294195756,0.8292682926829268,82
by_peptide,,concat_groove,ridge,tobit,HLA-A*68:01,-0.015678954435989968,0.20207087272493413,0.4861111111111111,72
by_peptide,,concat_groove,ridge,tobit,HLA-A*68:23,0.23681930799585815,0.12021872863978128,0.8026315789473685,76
by_peptide,,concat_groove,ridge,tobit,HLA-A*74:01,0.39600651871063725,0.1236263736263736,0.515625,64
by_peptide,,concat_groove,ridge,tobit,HLA-A*80:01,0.19495428697255762,0.1271629778672032,0.8732394366197183,71
by_peptide,,concat_groove,ridge,tobit,HLA-B*07:02,0.20437168778755202,0.05241566636175256,0.8467153284671532,137
by_peptide,,concat_groove,ridge,tobit,HLA-B*08:01,0.10795926083597854,-0.024064706050473006,0.8518518518518519,108
by_peptide,,concat_groove,ridge,tobit,HLA-B*08:03,0.11030931853674857,-0.004064881766660153,0.7058823529411765,85
by_peptide,,concat_groove,ridge,tobit,HLA-B*14:01(C67S),0.1680152386718094,0.08910506997702246,0.40860215053763443,93
by_peptide,,concat_groove,ridge,tobit,HLA-B*14:02(C67S),0.1591827145211734,-0.02357403460607593,0.6914893617021277,94
by_peptide,,concat_groove,ridge,tobit,HLA-B*15:01,0.06283889672368269,0.07933367028383922,0.9111111111111111,225
by_peptide,,concat_groove,ridge,tobit,HLA-B*15:02,-0.00497306736646663,0.284462373069968,0.7435897435897436,78
by_peptide,,concat_groove,ridge,tobit,HLA-B*15:10,0.06975636531777667,0.15421287573186307,0.7435897435897436,78
by_peptide,,concat_groove,ridge,tobit,HLA-B*15:17,0.006841068692453045,0.15194989510058005,0.821917808219178,73
by_peptide,,concat_groove,ridge,tobit,HLA-B*18:01,-0.054450424214914674,-0.24306684733513997,0.7407407407407407,81
by_peptide,,concat_groove,ridge,tobit,HLA-B*27:02,-0.06190246408081759,0.11991797676008203,0.4868421052631579,76
by_peptide,,concat_groove,ridge,tobit,HLA-B*27:03,0.34894225163866666,-0.072550907071455,0.5945945945945946,74
by_peptide,,concat_groove,ridge,tobit,HLA-B*27:05,0.25829585727735954,-0.08085668958223162,0.6885245901639344,61
by_peptide,,concat_groove,ridge,tobit,HLA-B*27:20,-0.010031705404417798,-0.02730470196223621,0.6712328767123288,73
by_peptide,,concat_groove,ridge,tobit,HLA-B*35:01,0.0959142655469709,0.10534046559184032,0.7164179104477612,134
by_peptide,,concat_groove,ridge,tobit,HLA-B*35:03,-0.11447216781904829,0.058415268941584726,0.8181818181818182,77
by_peptide,,concat_groove,ridge,tobit,HLA-B*39:01,0.15379164729670003,0.19221619850059402,0.8,130
by_peptide,,concat_groove,ridge,tobit,HLA-B*39:02,0.05393834863616682,0.11139408582840848,0.7073170731707317,82
by_peptide,,concat_groove,ridge,tobit,HLA-B*39:06(C67S),0.09341859795328586,0.12205616892657739,0.12048192771084337,83
by_peptide,,concat_groove,ridge,tobit,HLA-B*39:10,0.09618166847249215,-0.06829878981777716,0.6153846153846154,78
by_peptide,,concat_groove,ridge,tobit,HLA-B*40:01,-0.13823358526422638,0.09156527682843474,0.9736842105263158,76
by_peptide,,concat_groove,ridge,tobit,HLA-B*41:01,0.3031042904765276,-0.05223060262731141,0.7073170731707317,82
by_peptide,,concat_groove,ridge,tobit,HLA-B*42:01,0.24895063107138446,0.07835953520164048,0.8157894736842105,76
by_peptide,,concat_groove,ridge,tobit,HLA-B*42:02,0.29878774665713326,0.1305014605647517,0.6962025316455697,79
by_peptide,,concat_groove,ridge,tobit,HLA-B*44:05,-0.06929792952594596,0.023239917976760085,0.8289473684210527,76
by_peptide,,concat_groove,ridge,tobit,HLA-B*45:01,0.2496226438992163,0.08214538421623661,0.7674418604651163,86
by_peptide,,concat_groove,ridge,tobit,HLA-B*46:01,-0.028360531907481418,0.147306998026951,0.7831325301204819,83
by_peptide,,concat_groove,ridge,tobit,HLA-B*51:01,0.1726958365154817,-0.001542638528939899,0.6164383561643836,73
by_peptide,,concat_groove,ridge,tobit,HLA-B*54:01,0.1839050671079416,-0.013565381986434618,0.6623376623376623,77
by_peptide,,concat_groove,ridge,tobit,HLA-B*55:01,0.3160715779526056,0.1902274940249624,0.7307692307692307,78
by_peptide,,concat_groove,ridge,tobit,HLA-B*56:01,0.36137782264839635,0.09336978810663021,0.6973684210526315,76
by_peptide,,concat_groove,ridge,tobit,HLA-B*57:01,0.23209077252112895,0.1963463646328097,0.8115942028985508,69
by_peptide,,concat_groove,ridge,tobit,HLA-B*57:02,0.0792204325526547,0.04438806753564867,0.8428571428571429,70
by_peptide,,concat_groove,ridge,tobit,HLA-B*57:03,0.13684177522162908,0.15679464917358032,0.9722222222222222,72
by_peptide,,concat_groove,ridge,tobit,HLA-B*58:01,0.0743344752655642,0.07075391180654339,0.5866666666666667,75
by_peptide,,concat_groove,ridge,tobit,HLA-B*81:01,0.04127476346701115,0.10350240651610514,0.8783783783783784,74
by_peptide,,concat_groove,mlp,naive,HLA-A*01:01,0.31895671082717936,0.13960052105948761,0.4583333333333333,48
by_peptide,,concat_groove,mlp,naive,HLA-A*02:01,0.5275922742815436,-0.021592771828342943,0.5525114155251142,219
by_peptide,,concat_groove,mlp,naive,HLA-A*02:03,0.5487931075391439,-0.1129746835443038,0.620253164556962,79
by_peptide,,concat_groove,mlp,naive,HLA-A*02:10,0.403194457774868,-0.14039829302987197,0.48,75
by_peptide,,concat_groove,mlp,naive,HLA-A*02:11,0.30615014886717806,-0.025584225900681597,0.6835443037974683,79
by_peptide,,concat_groove,mlp,naive,HLA-A*02:12,0.45703430907333564,-0.02158367947841632,0.6233766233766234,77
by_peptide,,concat_groove,mlp,naive,HLA-A*02:16,0.4556306404897971,0.11388611388611387,0.6753246753246753,77
by_peptide,,concat_groove,mlp,naive,HLA-A*02:19,0.4566531627114886,0.038607922991484626,0.581081081081081,74
by_peptide,,concat_groove,mlp,naive,HLA-A*02:50,0.4884381192741209,0.08339761504318466,0.7948717948717948,78
by_peptide,,concat_groove,mlp,naive,HLA-A*03:01,0.6537164324583465,-0.019895905221992184,0.515527950310559,161
by_peptide,,concat_groove,mlp,naive,HLA-A*11:01,0.6410998629403164,-0.009437322944173343,0.6078431372549019,102
by_peptide,,concat_groove,mlp,naive,HLA-A*23:01,0.5049088398350382,0.008759356585443544,0.5384615384615384,91
by_peptide,,concat_groove,mlp,naive,HLA-A*24:02,0.5048500355151875,0.0883580452116674,0.47540983606557374,122
by_peptide,,concat_groove,mlp,naive,HLA-A*24:03,0.5116365166379953,-0.056856187290969896,0.46551724137931033,116
by_peptide,,concat_groove,mlp,naive,HLA-A*24:07,0.4982319355929413,0.09648231385577487,0.5882352941176471,85
by_peptide,,concat_groove,mlp,naive,HLA-A*24:19,0.35670617738887667,0.0543752128021791,0.6292134831460674,89
by_peptide,,concat_groove,mlp,naive,HLA-A*25:01,0.39250724618878885,-0.044757347915242655,0.4605263157894737,76
by_peptide,,concat_groove,mlp,naive,HLA-A*26:01,0.4043187242717169,-0.03219412166780588,0.5535714285714286,56
by_peptide,,concat_groove,mlp,naive,HLA-A*26:02,0.46287063028444525,-0.04463309537590843,0.4722222222222222,72
by_peptide,,concat_groove,mlp,naive,HLA-A*26:03,0.3581533470366637,0.010901022573798961,0.4305555555555556,72
by_peptide,,concat_groove,mlp,naive,HLA-A*29:02,0.5342027897859349,0.14154477101845522,0.5657894736842105,76
by_peptide,,concat_groove,mlp,naive,HLA-A*30:01,0.5369674640468393,-0.0638655462184874,0.42028985507246375,69
by_peptide,,concat_groove,mlp,naive,HLA-A*30:02,0.015718169195630953,0.10244802146210596,0.4788732394366197,71
by_peptide,,concat_groove,mlp,naive,HLA-A*31:01,0.7302314398654788,0.09474020272966718,0.43283582089552236,67
by_peptide,,concat_groove,mlp,naive,HLA-A*32:07,0.5815557282551752,0.07078366230213015,0.38823529411764707,85
by_peptide,,concat_groove,mlp,naive,HLA-A*33:03,0.6551125424485206,-0.0774240684688446,0.36363636363636365,66
by_peptide,,concat_groove,mlp,naive,HLA-A*43:01,0.1716095493227454,-0.013360308432263233,0.5735294117647058,68
by_peptide,,concat_groove,mlp,naive,HLA-A*66:01,0.1897893871548122,0.004625548263514763,0.6097560975609756,82
by_peptide,,concat_groove,mlp,naive,HLA-A*68:01,0.5047617018683768,-0.11936458936265999,0.3472222222222222,72
by_peptide,,concat_groove,mlp,naive,HLA-A*68:23,0.4103357853152583,0.028544087491455917,0.4342105263157895,76
by_peptide,,concat_groove,mlp,naive,HLA-A*74:01,0.7706594070855121,0.025824175824175823,0.46875,64
by_peptide,,concat_groove,mlp,naive,HLA-A*80:01,0.33882390500437576,0.09077800134138161,0.704225352112676,71
by_peptide,,concat_groove,mlp,naive,HLA-B*07:02,0.584121535745246,0.026924225735994175,0.708029197080292,137
by_peptide,,concat_groove,mlp,naive,HLA-B*08:01,0.3259233974962922,0.07319443253593987,0.6203703703703703,108
by_peptide,,concat_groove,mlp,naive,HLA-B*08:03,0.3564087043041491,-0.12204416650381081,0.47058823529411764,85
by_peptide,,concat_groove,mlp,naive,HLA-B*14:01(C67S),0.2245070961392293,-0.06644087016203634,0.7526881720430108,93
by_peptide,,concat_groove,mlp,naive,HLA-B*14:02(C67S),0.34968330788860374,-0.07960842394249179,0.723404255319149,94
by_peptide,,concat_groove,mlp,naive,HLA-B*15:01,0.45582316651440685,0.13524968394437423,0.7377777777777778,225
by_peptide,,concat_groove,mlp,naive,HLA-B*15:02,0.12050807886241459,0.19331301609782622,0.4230769230769231,78
by_peptide,,concat_groove,mlp,naive,HLA-B*15:10,0.43505943632402816,-0.12244717308008446,0.5384615384615384,78
by_peptide,,concat_groove,mlp,naive,HLA-B*15:17,0.4753847824570532,-0.18021103295075902,0.6438356164383562,73
by_peptide,,concat_groove,mlp,naive,HLA-B*18:01,0.504299568455576,0.04762872628726287,0.5432098765432098,81
by_peptide,,concat_groove,mlp,naive,HLA-B*27:02,0.5581362880105495,-0.23477785372522217,0.35526315789473684,76
by_peptide,,concat_groove,mlp,naive,HLA-B*27:03,0.6041278376425802,-0.03520177711958533,0.5540540540540541,74
by_peptide,,concat_groove,mlp,naive,HLA-B*27:05,0.3846457355060628,-0.07599153886832363,0.5245901639344263,61
by_peptide,,concat_groove,mlp,naive,HLA-B*27:20,0.6176508555754194,0.028754782179439716,0.5753424657534246,73
by_peptide,,concat_groove,mlp,naive,HLA-B*35:01,0.36526853736302656,-0.033708649733787205,0.5746268656716418,134
by_peptide,,concat_groove,mlp,naive,HLA-B*35:03,0.4814092683872548,0.048267521951732464,0.6753246753246753,77
by_peptide,,concat_groove,mlp,naive,HLA-B*39:01,0.3587465717363871,0.11004656625107538,0.5384615384615384,130
by_peptide,,concat_groove,mlp,naive,HLA-B*39:02,0.43390841562241617,-0.10394967403489297,0.5609756097560976,82
by_peptide,,concat_groove,mlp,naive,HLA-B*39:06(C67S),0.12010377007596648,0.023277780109986986,0.8433734939759037,83
by_peptide,,concat_groove,mlp,naive,HLA-B*39:10,0.5583778210228768,-0.08172839818409439,0.47435897435897434,78
by_peptide,,concat_groove,mlp,naive,HLA-B*40:01,0.0918543819641203,-0.019958988380041013,0.7894736842105263,76
by_peptide,,concat_groove,mlp,naive,HLA-B*41:01,0.4629417327491066,-0.03945320577703769,0.5487804878048781,82
by_peptide,,concat_groove,mlp,naive,HLA-B*42:01,0.6927220849753786,0.1532740943267259,0.7236842105263158,76
by_peptide,,concat_groove,mlp,naive,HLA-B*42:02,0.6365446292771341,0.08843719571567674,0.5443037974683544,79
by_peptide,,concat_groove,mlp,naive,HLA-B*44:05,0.04591603144201392,0.17859193438140805,0.5263157894736842,76
by_peptide,,concat_groove,mlp,naive,HLA-B*45:01,0.4869963627140757,-0.21858578234822396,0.6162790697674418,86
by_peptide,,concat_groove,mlp,naive,HLA-B*46:01,0.15813538386246315,0.1573821418076487,0.5180722891566265,83
by_peptide,,concat_groove,mlp,naive,HLA-B*51:01,0.48036430094339694,0.0748488214241639,0.3150684931506849,73
by_peptide,,concat_groove,mlp,naive,HLA-B*54:01,0.6054709888511842,0.0661443819338556,0.4805194805194805,77
by_peptide,,concat_groove,mlp,naive,HLA-B*55:01,0.5868306445940028,-0.05570378988100507,0.48717948717948717,78
by_peptide,,concat_groove,mlp,naive,HLA-B*56:01,0.57608414509662,-0.08194121667805877,0.4342105263157895,76
by_peptide,,concat_groove,mlp,naive,HLA-B*57:01,0.4728046225730184,0.012641578370478626,0.6231884057971014,69
by_peptide,,concat_groove,mlp,naive,HLA-B*57:02,0.35603665664468953,0.08536436007348439,0.7428571428571429,70
by_peptide,,concat_groove,mlp,naive,HLA-B*57:03,0.48020075705417936,-0.00858576114219564,0.875,72
by_peptide,,concat_groove,mlp,naive,HLA-B*58:01,0.44269293955233774,0.0444950213371266,0.49333333333333335,75
by_peptide,,concat_groove,mlp,naive,HLA-B*81:01,0.4391039881344516,-0.11016660496112549,0.7162162162162162,74
by_peptide,,concat_groove,mlp,tobit,HLA-A*01:01,0.31140132861774206,0.2137429439861051,0.5625,48
by_peptide,,concat_groove,mlp,tobit,HLA-A*02:01,0.5127998767533627,0.05390793697944635,0.6621004566210046,219
by_peptide,,concat_groove,mlp,tobit,HLA-A*02:03,0.49950701920763696,-0.179381694255112,0.7341772151898734,79
by_peptide,,concat_groove,mlp,tobit,HLA-A*02:10,0.4028243456472678,-0.08071123755334281,0.6266666666666667,75
by_peptide,,concat_groove,mlp,tobit,HLA-A*02:11,0.3131006373170671,0.11153846153846156,0.7848101265822784,79
by_peptide,,concat_groove,mlp,tobit,HLA-A*02:12,0.43008420599264124,-0.09532572690467427,0.7792207792207793,77
by_peptide,,concat_groove,mlp,tobit,HLA-A*02:16,0.3895827341529992,0.1815552868184447,0.7792207792207793,77
by_peptide,,concat_groove,mlp,tobit,HLA-A*02:19,0.42798734373835867,-0.11046279155868195,0.6621621621621622,74
by_peptide,,concat_groove,mlp,tobit,HLA-A*02:50,0.41742913396163384,-0.09624552662527346,0.8589743589743589,78
by_peptide,,concat_groove,mlp,tobit,HLA-A*03:01,0.6510831147466517,0.08103002070393375,0.6521739130434783,161
by_peptide,,concat_groove,mlp,tobit,HLA-A*11:01,0.6212516225060731,-0.09824654652786809,0.6862745098039216,102
by_peptide,,concat_groove,mlp,tobit,HLA-A*23:01,0.48019151850212366,-0.16669851887243192,0.6373626373626373,91
by_peptide,,concat_groove,mlp,tobit,HLA-A*24:02,0.4522041669259,0.0502443650638918,0.5901639344262295,122
by_peptide,,concat_groove,mlp,tobit,HLA-A*24:03,0.49271538375106594,-0.08158228578018684,0.6120689655172413,116
by_peptide,,concat_groove,mlp,tobit,HLA-A*24:07,0.4317383918537004,-0.028923197185851082,0.6588235294117647,85
by_peptide,,concat_groove,mlp,tobit,HLA-A*24:19,0.3415599849969722,0.029451821586653052,0.8089887640449438,89
by_peptide,,concat_groove,mlp,tobit,HLA-A*25:01,0.3870407260403837,-0.08333561175666439,0.5394736842105263,76
by_peptide,,concat_groove,mlp,tobit,HLA-A*26:01,0.3986173219416876,0.061107313738892687,0.625,56
by_peptide,,concat_groove,mlp,tobit,HLA-A*26:02,0.4419525622097342,-0.10553733359058462,0.6111111111111112,72
by_peptide,,concat_groove,mlp,tobit,HLA-A*26:03,0.37087060048222653,0.09614766222908228,0.5833333333333334,72
by_peptide,,concat_groove,mlp,tobit,HLA-A*29:02,0.5394599366664525,0.13566643882433357,0.618421052631579,76
by_peptide,,concat_groove,mlp,tobit,HLA-A*30:01,0.5221795885536774,0.14472049689440997,0.5652173913043478,69
by_peptide,,concat_groove,mlp,tobit,HLA-A*30:02,0.026006425396407573,-0.13829644533869884,0.6197183098591549,71
by_peptide,,concat_groove,mlp,tobit,HLA-A*31:01,0.7211070408930251,0.1217176151328917,0.5373134328358209,67
by_peptide,,concat_groove,mlp,tobit,HLA-A*32:07,0.585786302771929,0.1120578463943717,0.5647058823529412,85
by_peptide,,concat_groove,mlp,tobit,HLA-A*33:03,0.6638514141103181,0.1353303413004906,0.5757575757575758,66
by_peptide,,concat_groove,mlp,tobit,HLA-A*43:01,0.09350122643285146,-0.004580677176775966,0.6617647058823529,68
by_peptide,,concat_groove,mlp,tobit,HLA-A*66:01,0.20284090246475128,-0.029309650526224137,0.6829268292682927,82
by_peptide,,concat_groove,mlp,tobit,HLA-A*68:01,0.4775913398333383,0.09212811113254872,0.4861111111111111,72
by_peptide,,concat_groove,mlp,tobit,HLA-A*68:23,0.3976642362555379,0.17796308954203693,0.6578947368421053,76
by_peptide,,concat_groove,mlp,tobit,HLA-A*74:01,0.7291690737341977,-0.03525641025641025,0.578125,64
by_peptide,,concat_groove,mlp,tobit,HLA-A*80:01,0.33533670994802084,-0.05892018779342722,0.7464788732394366,71
by_peptide,,concat_groove,mlp,tobit,HLA-B*07:02,0.5649162417268536,0.036421677525342096,0.8540145985401459,137
by_peptide,,concat_groove,mlp,tobit,HLA-B*08:01,0.2878768885383208,0.1348709594443968,0.7314814814814815,108
by_peptide,,concat_groove,mlp,tobit,HLA-B*08:03,0.3730707408415595,0.15032245456322063,0.7058823529411765,85
by_peptide,,concat_groove,mlp,tobit,HLA-B*14:01(C67S),0.2787828331209658,0.17731491152158987,0.25806451612903225,93
by_peptide,,concat_groove,mlp,tobit,HLA-B*14:02(C67S),0.35863262045261995,0.08819130874543944,0.5319148936170213,94
by_peptide,,concat_groove,mlp,tobit,HLA-B*15:01,0.4133259213170661,0.07662557943531395,0.8177777777777778,225
by_peptide,,concat_groove,mlp,tobit,HLA-B*15:02,0.11033358899530685,0.18304480329796785,0.5128205128205128,78
by_peptide,,concat_groove,mlp,tobit,HLA-B*15:10,0.44816425056866893,-0.1192099040200306,0.6538461538461539,78
by_peptide,,concat_groove,mlp,tobit,HLA-B*15:17,0.47363976944972314,0.08953474021967173,0.8082191780821918,73
by_peptide,,concat_groove,mlp,tobit,HLA-B*18:01,0.5045483037821392,-0.12086720867208672,0.654320987654321,81
by_peptide,,concat_groove,mlp,tobit,HLA-B*27:02,0.540257367168536,0.06031442241968558,0.47368421052631576,76
by_peptide,,concat_groove,mlp,tobit,HLA-B*27:03,0.6066274020028132,-0.06200666419844501,0.6621621621621622,74
by_peptide,,concat_groove,mlp,tobit,HLA-B*27:05,0.377643979029913,-0.052141723955579054,0.639344262295082,61
by_peptide,,concat_groove,mlp,tobit,HLA-B*27:20,0.6407206625691193,-0.06494508206836976,0.6575342465753424,73
by_peptide,,concat_groove,mlp,tobit,HLA-B*35:01,0.33047855815449245,0.012376712926595096,0.6417910447761194,134
by_peptide,,concat_groove,mlp,tobit,HLA-B*35:03,0.5275033244706776,-0.045401966454598035,0.7792207792207793,77
by_peptide,,concat_groove,mlp,tobit,HLA-B*39:01,0.3537419158931518,0.13868549345204767,0.6846153846153846,130
by_peptide,,concat_groove,mlp,tobit,HLA-B*39:02,0.4343123255393435,0.15690948074139377,0.6829268292682927,82
by_peptide,,concat_groove,mlp,tobit,HLA-B*39:06(C67S),0.24422466283706765,-0.07829226312917174,0.1566265060240964,83
by_peptide,,concat_groove,mlp,tobit,HLA-B*39:10,0.5452362425215673,0.278620114063152,0.5897435897435898,78
by_peptide,,concat_groove,mlp,tobit,HLA-B*40:01,0.044488969970095854,0.0009295967190704034,0.8157894736842105,76
by_peptide,,concat_groove,mlp,tobit,HLA-B*41:01,0.5152955567719653,0.12856847443976446,0.4878048780487805,82
by_peptide,,concat_groove,mlp,tobit,HLA-B*42:01,0.6607965729173996,0.060888585099111416,0.8026315789473685,76
by_peptide,,concat_groove,mlp,tobit,HLA-B*42:02,0.6263575755982856,-0.01640701071080818,0.6329113924050633,79
by_peptide,,concat_groove,mlp,tobit,HLA-B*44:05,0.0808794895710281,0.06299384825700614,0.6842105263157895,76
by_peptide,,concat_groove,mlp,tobit,HLA-B*45:01,0.49335883754462323,0.10556158309354215,0.5697674418604651,86
by_peptide,,concat_groove,mlp,tobit,HLA-B*46:01,0.19938903325038615,-0.03362579236807858,0.6144578313253012,83
by_peptide,,concat_groove,mlp,tobit,HLA-B*51:01,0.43710742407234027,0.10582500308527708,0.5205479452054794,73
by_peptide,,concat_groove,mlp,tobit,HLA-B*54:01,0.617399587335091,0.12106314737893684,0.7272727272727273,77
by_peptide,,concat_groove,mlp,tobit,HLA-B*55:01,0.5703910880747171,0.1651133676450132,0.5769230769230769,78
by_peptide,,concat_groove,mlp,tobit,HLA-B*56:01,0.5561850467666302,0.14507177033492824,0.6578947368421053,76
by_peptide,,concat_groove,mlp,tobit,HLA-B*57:01,0.4313918808010856,0.17336499817318235,0.7246376811594203,69
by_peptide,,concat_groove,mlp,tobit,HLA-B*57:02,0.31241638752694795,-0.11332341877351063,0.8,70
by_peptide,,concat_groove,mlp,tobit,HLA-B*57:03,0.39738478378006464,0.0635410637340022,0.9166666666666666,72
by_peptide,,concat_groove,mlp,tobit,HLA-B*58:01,0.4320512823515605,0.15291607396870555,0.5866666666666667,75
by_peptide,,concat_groove,mlp,tobit,HLA-B*81:01,0.40339202161758897,-0.010914476119955569,0.8378378378378378,74
by_peptide,,joint_groove,ridge,tobit,HLA-A*01:01,-0.18421000221426564,-0.09834997828918801,0.6041666666666666,48
by_peptide,,joint_groove,ridge,tobit,HLA-A*02:01,0.18915883321705398,-0.03735304534600752,0.7442922374429224,219
by_peptide,,joint_groove,ridge,tobit,HLA-A*02:03,0.14690881700986866,0.2476630963972736,0.7974683544303798,79
by_peptide,,joint_groove,ridge,tobit,HLA-A*02:10,0.4492734176610863,-0.15900426742532003,0.8133333333333334,75
by_peptide,,joint_groove,ridge,tobit,HLA-A*02:11,0.2896686053275113,0.11075949367088608,0.8481012658227848,79
by_peptide,,joint_groove,ridge,tobit,HLA-A*02:12,0.28331788853270407,0.06175403543824596,0.8701298701298701,77
by_peptide,,joint_groove,ridge,tobit,HLA-A*02:16,0.3530881107471571,0.02639465797360534,0.8961038961038961,77
by_peptide,,joint_groove,ridge,tobit,HLA-A*02:19,0.30981306056075786,0.1514550166604961,0.8513513513513513,74
by_peptide,,joint_groove,ridge,tobit,HLA-A*02:50,0.08531195279038965,0.09376699250116971,0.8717948717948718,78
by_peptide,,joint_groove,ridge,tobit,HLA-A*03:01,0.4792854672356803,0.0035254198297676566,0.6645962732919255,161
by_peptide,,joint_groove,ridge,tobit,HLA-A*11:01,0.3497792795590588,0.04917699080016512,0.6470588235294118,102
by_peptide,,joint_groove,ridge,tobit,HLA-A*23:01,0.3957320411921355,0.05687211339385252,0.7912087912087912,91
by_peptide,,joint_groove,ridge,tobit,HLA-A*24:02,0.40187988887305826,0.12725157870736004,0.7459016393442623,122
by_peptide,,joint_groove,ridge,tobit,HLA-A*24:03,0.43082526641546354,0.1282435705224311,0.8103448275862069,116
by_peptide,,joint_groove,ridge,tobit,HLA-A*24:07,0.47327239614638406,0.09654094195817861,0.8352941176470589,85
by_peptide,,joint_groove,ridge,tobit,HLA-A*24:19,0.22213841462555498,0.08953013278855979,0.898876404494382,89
by_peptide,,joint_groove,ridge,tobit,HLA-A*25:01,0.18169936005968113,-0.19245386192754615,0.6447368421052632,76
by_peptide,,joint_groove,ridge,tobit,HLA-A*26:01,0.33370376529255874,-0.10355434039644566,0.6964285714285714,56
by_peptide,,joint_groove,ridge,tobit,HLA-A*26:02,0.3610500418037694,-0.03366775998456493,0.7222222222222222,72
by_peptide,,joint_groove,ridge,tobit,HLA-A*26:03,0.35169613695383917,-0.198340729307351,0.75,72
by_peptide,,joint_groove,ridge,tobit,HLA-A*29:02,0.04048276907731957,0.10725905673274096,0.6052631578947368,76
by_peptide,,joint_groove,ridge,tobit,HLA-A*30:01,0.07953777615811437,0.05323346729996346,0.5797101449275363,69
by_peptide,,joint_groove,ridge,tobit,HLA-A*30:02,0.11623039766694376,-0.10120724346076458,0.7887323943661971,71
by_peptide,,joint_groove,ridge,tobit,HLA-A*31:01,0.24791610949881476,0.07478649533083248,0.5522388059701493,67
by_peptide,,joint_groove,ridge,tobit,HLA-A*32:07,0.0699329782851256,-0.03644713699433262,0.49411764705882355,85
by_peptide,,joint_groove,ridge,tobit,HLA-A*33:03,0.14884201956640924,0.22308736040079327,0.5151515151515151,66
by_peptide,,joint_groove,ridge,tobit,HLA-A*43:01,-0.1503619142055144,-0.17689048364316523,0.7647058823529411,68
by_peptide,,joint_groove,ridge,tobit,HLA-A*66:01,0.27478640202673754,-0.043719593822444246,0.8048780487804879,82
by_peptide,,joint_groove,ridge,tobit,HLA-A*68:01,0.029069365833186367,0.1537719467489871,0.5138888888888888,72
by_peptide,,joint_groove,ridge,tobit,HLA-A*68:23,-0.06084540133551555,0.17706083390293917,0.7105263157894737,76
by_peptide,,joint_groove,ridge,tobit,HLA-A*74:01,0.3339661862727558,0.20398351648351645,0.53125,64
by_peptide,,joint_groove,ridge,tobit,HLA-A*80:01,0.3069096800907187,0.11348088531187121,0.9014084507042254,71
by_peptide,,joint_groove,ridge,tobit,HLA-B*07:02,0.2264926755252796,0.01402915974387216,0.8248175182481752,137
by_peptide,,joint_groove,ridge,tobit,HLA-B*08:01,0.1262926027127591,0.008974249049701335,0.8240740740740741,108
by_peptide,,joint_groove,ridge,tobit,HLA-B*08:03,0.10422571436949853,-0.054856361149110806,0.7294117647058823,85
by_peptide,,joint_groove,ridge,tobit,HLA-B*14:01(C67S),0.21598848271160248,-0.010563695502969173,0.5483870967741935,93
by_peptide,,joint_groove,ridge,tobit,HLA-B*14:02(C67S),0.2627080604935337,0.09323411479969657,0.5212765957446809,94
by_peptide,,joint_groove,ridge,tobit,HLA-B*15:01,0.17953127533598554,-0.06952486304256217,0.8888888888888888,225
by_peptide,,joint_groove,ridge,tobit,HLA-B*15:02,0.0028671255735241287,0.08214622179391175,0.7692307692307693,78
by_peptide,,joint_groove,ridge,tobit,HLA-B*15:10,0.2908427402640853,-0.01829815753866387,0.782051282051282,78
by_peptide,,joint_groove,ridge,tobit,HLA-B*15:17,0.13220403854647972,-0.03856596322349748,0.8493150684931506,73
by_peptide,,joint_groove,ridge,tobit,HLA-B*18:01,0.019163926296569843,0.00980126467931346,0.7777777777777778,81
by_peptide,,joint_groove,ridge,tobit,HLA-B*27:02,0.05905461732665072,-0.25481886534518117,0.4605263157894737,76
by_peptide,,joint_groove,ridge,tobit,HLA-B*27:03,0.24040288635198317,-0.09411329137356533,0.6621621621621622,74
by_peptide,,joint_groove,ridge,tobit,HLA-B*27:05,0.12831249178641188,-0.04833421470121628,0.6885245901639344,61
by_peptide,,joint_groove,ridge,tobit,HLA-B*27:20,0.05414628569216812,-0.17382450944094782,0.7123287671232876,73
by_peptide,,joint_groove,ridge,tobit,HLA-B*35:01,0.15334684994625944,0.04437711193406402,0.746268656716418,134
by_peptide,,joint_groove,ridge,tobit,HLA-B*35:03,0.0,0.16217992533782005,0.8441558441558441,77
by_peptide,,joint_groove,ridge,tobit,HLA-B*39:01,0.04962127243690246,0.00036870638681396715,0.7615384615384615,130
by_peptide,,joint_groove,ridge,tobit,HLA-B*39:02,-0.04019449497639469,-0.10353609560191988,0.6219512195121951,82
by_peptide,,joint_groove,ridge,tobit,HLA-B*39:06(C67S),0.19724892204967598,-0.07285588346417025,0.8072289156626506,83
by_peptide,,joint_groove,ridge,tobit,HLA-B*39:10,0.37458562920832245,0.058334070992298835,0.6410256410256411,78
by_peptide,,joint_groove,ridge,tobit,HLA-B*40:01,-0.17199753568795986,0.1442241968557758,0.8026315789473685,76
by_peptide,,joint_groove,ridge,tobit,HLA-B*41:01,0.22624157162622358,0.04648403913758013,0.6951219512195121,82
by_peptide,,joint_groove,ridge,tobit,HLA-B*42:01,0.3449322561878782,-0.07253588516746412,0.7368421052631579,76
by_peptide,,joint_groove,ridge,tobit,HLA-B*42:02,0.3884971834797195,-0.1886562804284323,0.7721518987341772,79
by_peptide,,joint_groove,ridge,tobit,HLA-B*44:05,0.06780750444340293,0.06542720437457279,0.7894736842105263,76
by_peptide,,joint_groove,ridge,tobit,HLA-B*45:01,0.21880876032207583,0.08203217132883625,0.7558139534883721,86
by_peptide,,joint_groove,ridge,tobit,HLA-B*46:01,-0.00954004162562876,0.25687418664203854,0.7349397590361446,83
by_peptide,,joint_groove,ridge,tobit,HLA-B*51:01,-0.03234664763602422,0.0381340244353943,0.4657534246575342,73
by_peptide,,joint_groove,ridge,tobit,HLA-B*54:01,0.40425473592934724,0.07957831642042167,0.7532467532467533,77
by_peptide,,joint_groove,ridge,tobit,HLA-B*55:01,0.44382510289664684,0.21845243364230704,0.7692307692307693,78
by_peptide,,joint_groove,ridge,tobit,HLA-B*56:01,0.4907144640170183,0.21246753246753247,0.75,76
by_peptide,,joint_groove,ridge,tobit,HLA-B*57:01,0.3581597998604438,-0.04760686883449032,0.8260869565217391,69
by_peptide,,joint_groove,ridge,tobit,HLA-B*57:02,0.2691288302170093,-0.08725395853381156,0.8428571428571429,70
by_peptide,,joint_groove,ridge,tobit,HLA-B*57:03,0.1293788481291472,-0.15808090552447102,0.9444444444444444,72
by_peptide,,joint_groove,ridge,tobit,HLA-B*58:01,0.21678984071972868,-0.09695590327169275,0.6666666666666666,75
by_peptide,,joint_groove,ridge,tobit,HLA-B*81:01,0.12434487300332009,0.12539059607552755,0.8243243243243243,74
by_peptide,,joint_groove,mlp,naive,HLA-A*01:01,0.3709747020101396,0.15132435953104645,0.3125,48
by_peptide,,joint_groove,mlp,naive,HLA-A*02:01,0.4314105526686606,-0.004979035040616039,0.502283105022831,219
by_peptide,,joint_groove,mlp,naive,HLA-A*02:03,0.47640378491442875,-0.02877312560856865,0.5189873417721519,79
by_peptide,,joint_groove,mlp,naive,HLA-A*02:10,0.312132639303401,0.0015078236130867707,0.37333333333333335,75
by_peptide,,joint_groove,mlp,naive,HLA-A*02:11,0.22682206965890006,-0.07453748782862707,0.6075949367088608,79
by_peptide,,joint_groove,mlp,naive,HLA-A*02:12,0.39347150497813704,0.1945685893054314,0.6233766233766234,77
by_peptide,,joint_groove,mlp,naive,HLA-A*02:16,0.3688112986410285,0.014038592985961405,0.7142857142857143,77
by_peptide,,joint_groove,mlp,naive,HLA-A*02:19,0.411691529335029,0.05400962606442057,0.527027027027027,74
by_peptide,,joint_groove,mlp,naive,HLA-A*02:50,0.2590847875506541,0.12333236383869295,0.5769230769230769,78
by_peptide,,joint_groove,mlp,naive,HLA-A*03:01,0.6158024290651993,-0.09215550954681391,0.4906832298136646,161
by_peptide,,joint_groove,mlp,naive,HLA-A*11:01,0.5910352359572764,0.1511611469542157,0.5392156862745098,102
by_peptide,,joint_groove,mlp,naive,HLA-A*23:01,0.498504480714296,0.038843764930721454,0.4945054945054945,91
by_peptide,,joint_groove,mlp,naive,HLA-A*24:02,0.5178866592967674,-0.10156268071283883,0.47540983606557374,122
by_peptide,,joint_groove,mlp,naive,HLA-A*24:03,0.4019817005377892,0.06527505478030216,0.45689655172413796,116
by_peptide,,joint_groove,mlp,naive,HLA-A*24:07,0.5120081141663451,-0.186593707250342,0.5411764705882353,85
by_peptide,,joint_groove,mlp,naive,HLA-A*24:19,0.23862787365369428,0.042951991828396326,0.5730337078651685,89
by_peptide,,joint_groove,mlp,naive,HLA-A*25:01,0.32864330648546636,-0.0968967874231032,0.34210526315789475,76
by_peptide,,joint_groove,mlp,naive,HLA-A*26:01,0.5181750418864588,-0.178879015721121,0.5,56
by_peptide,,joint_groove,mlp,naive,HLA-A*26:02,0.41913431551083846,-0.021512637468647507,0.4722222222222222,72
by_peptide,,joint_groove,mlp,naive,HLA-A*26:03,0.39553287105301427,-0.12994404784873628,0.4027777777777778,72
by_peptide,,joint_groove,mlp,naive,HLA-A*29:02,0.3421663332936922,-0.03611756664388243,0.4605263157894737,76
by_peptide,,joint_groove,mlp,naive,HLA-A*30:01,0.5156235690324251,0.1730361709901352,0.4057971014492754,69
by_peptide,,joint_groove,mlp,naive,HLA-A*30:02,0.1639900967950588,-0.05798122065727698,0.49295774647887325,71
by_peptide,,joint_groove,mlp,naive,HLA-A*31:01,0.5799483959581277,0.2052039268896161,0.3880597014925373,67
by_peptide,,joint_groove,mlp,naive,HLA-A*32:07,0.4615971947614248,-0.14377564979480165,0.36470588235294116,85
by_peptide,,joint_groove,mlp,naive,HLA-A*33:03,0.5154420119529088,0.06489927982465298,0.3484848484848485,66
by_peptide,,joint_groove,mlp,naive,HLA-A*43:01,0.29165093312374407,-0.1748673512234225,0.5588235294117647,68
by_peptide,,joint_groove,mlp,naive,HLA-A*66:01,0.05074098111499016,-0.09051925860624069,0.524390243902439,82
by_peptide,,joint_groove,mlp,naive,HLA-A*68:01,0.3372435975890265,0.04640169785838318,0.3055555555555556,72
by_peptide,,joint_groove,mlp,naive,HLA-A*68:23,0.34382044924337807,-0.27004784688995215,0.4868421052631579,76
by_peptide,,joint_groove,mlp,naive,HLA-A*74:01,0.6128951124220466,-0.019368131868131865,0.421875,64
by_peptide,,joint_groove,mlp,naive,HLA-A*80:01,0.3322876964694277,-0.09500335345405767,0.6197183098591549,71
by_peptide,,joint_groove,mlp,naive,HLA-B*07:02,0.5514536270916198,0.15591222207702501,0.6496350364963503,137
by_peptide,,joint_groove,mlp,naive,HLA-B*08:01,0.22038124304985762,0.14096811378814295,0.5833333333333334,108
by_peptide,,joint_groove,mlp,naive,HLA-B*08:03,0.32842412513479896,-0.0867891342583545,0.4235294117647059,85
by_peptide,,joint_groove,mlp,naive,HLA-B*14:01(C67S),0.17858344330006823,0.10683059293963175,0.7204301075268817,93
by_peptide,,joint_groove,mlp,naive,HLA-B*14:02(C67S),0.43338625659061414,-0.013661814109742442,0.5957446808510638,94
by_peptide,,joint_groove,mlp,naive,HLA-B*15:01,0.3364428027664552,0.07813316477033293,0.7066666666666667,225
by_peptide,,joint_groove,mlp,naive,HLA-B*15:02,-0.04839860204864846,-0.014049241897343162,0.4230769230769231,78
by_peptide,,joint_groove,mlp,naive,HLA-B*15:10,0.42297445198169403,-0.2898493911152139,0.5128205128205128,78
by_peptide,,joint_groove,mlp,naive,HLA-B*15:17,0.3417136975769774,0.11986301369863014,0.6438356164383562,73
by_peptide,,joint_groove,mlp,naive,HLA-B*18:01,0.4950172183142876,0.011540198735320686,0.5679012345679012,81
by_peptide,,joint_groove,mlp,naive,HLA-B*27:02,0.3088038316993928,0.028434723171565278,0.34210526315789475,76
by_peptide,,joint_groove,mlp,naive,HLA-B*27:03,0.482676612286472,0.12944835246205105,0.44594594594594594,74
by_peptide,,joint_groove,mlp,naive,HLA-B*27:05,0.27359893866652024,0.1014806980433633,0.39344262295081966,61
by_peptide,,joint_groove,mlp,naive,HLA-B*27:20,0.35799480373343134,-0.008823892385536223,0.4383561643835616,73
by_peptide,,joint_groove,mlp,naive,HLA-B*35:01,0.486369858049332,-0.1341587800346638,0.5970149253731343,134
by_peptide,,joint_groove,mlp,naive,HLA-B*35:03,0.5592982255989974,-0.12734633787265365,0.7142857142857143,77
by_peptide,,joint_groove,mlp,naive,HLA-B*39:01,0.299862295940514,-0.12070900872605114,0.5538461538461539,130
by_peptide,,joint_groove,mlp,naive,HLA-B*39:02,0.320366063028858,-0.028482493660277965,0.5,82
by_peptide,,joint_groove,mlp,naive,HLA-B*39:06(C67S),0.2490616064783523,-0.04445657193232862,0.8192771084337349,83
by_peptide,,joint_groove,mlp,naive,HLA-B*39:10,0.5476923756904056,0.3576297120600918,0.44871794871794873,78
by_peptide,,joint_groove,mlp,naive,HLA-B*40:01,0.13815140120639988,0.09990430622009569,0.7105263157894737,76
by_peptide,,joint_groove,mlp,naive,HLA-B*41:01,0.3443907596071123,-0.07504271829866893,0.4634146341463415,82
by_peptide,,joint_groove,mlp,naive,HLA-B*42:01,0.5670982713613694,0.35639097744360904,0.5526315789473685,76
by_peptide,,joint_groove,mlp,naive,HLA-B*42:02,0.569914474353757,0.02534079844206427,0.5063291139240507,79
by_peptide,,joint_groove,mlp,naive,HLA-B*44:05,0.10799428717362297,0.1374982911825017,0.5394736842105263,76
by_peptide,,joint_groove,mlp,naive,HLA-B*45:01,0.37717400975395077,-0.18186706920137743,0.46511627906976744,86
by_peptide,,joint_groove,mlp,naive,HLA-B*46:01,0.049593073530054266,0.1916796104277738,0.37349397590361444,83
by_peptide,,joint_groove,mlp,naive,HLA-B*51:01,0.4920949794169039,0.1068122917437986,0.273972602739726,73
by_peptide,,joint_groove,mlp,naive,HLA-B*54:01,0.6150026539147055,0.18912666281087331,0.5194805194805194,77
by_peptide,,joint_groove,mlp,naive,HLA-B*55:01,0.618722525778936,-0.03764589840539207,0.48717948717948717,78
by_peptide,,joint_groove,mlp,naive,HLA-B*56:01,0.561988325631518,0.15784005468215995,0.3684210526315789,76
by_peptide,,joint_groove,mlp,naive,HLA-B*57:01,0.45314180884045613,-0.06054073803434418,0.4927536231884058,69
by_peptide,,joint_groove,mlp,naive,HLA-B*57:02,0.3634263610074703,-0.06664333829061324,0.6571428571428571,70
by_peptide,,joint_groove,mlp,naive,HLA-B*57:03,0.35857434612023964,-0.08736896263425302,0.7916666666666666,72
by_peptide,,joint_groove,mlp,naive,HLA-B*58:01,0.38032854312469494,0.028677098150782364,0.4,75
by_peptide,,joint_groove,mlp,naive,HLA-B*81:01,0.3423797406295963,0.07006293965198072,0.6351351351351351,74
by_peptide,,joint_groove,mlp,tobit,HLA-A*01:01,0.36972453085318235,-0.15501519756838905,0.4791666666666667,48
by_peptide,,joint_groove,mlp,tobit,HLA-A*02:01,0.3823952741417526,0.010431066985044616,0.6118721461187214,219
by_peptide,,joint_groove,mlp,tobit,HLA-A*02:03,0.4145679418114266,0.07414800389483935,0.6329113924050633,79
by_peptide,,joint_groove,mlp,tobit,HLA-A*02:10,0.27697198718138705,-0.016870554765291607,0.56,75
by_peptide,,joint_groove,mlp,tobit,HLA-A*02:11,0.23300569160731274,0.15170399221032133,0.6962025316455697,79
by_peptide,,joint_groove,mlp,tobit,HLA-A*02:12,0.38161345962263155,0.19125611230874387,0.7012987012987013,77
by_peptide,,joint_groove,mlp,tobit,HLA-A*02:16,0.30878447930706776,0.02907618697092381,0.8181818181818182,77
by_peptide,,joint_groove,mlp,tobit,HLA-A*02:19,0.3655299314434151,0.1867308404294705,0.6216216216216216,74
by_peptide,,joint_groove,mlp,tobit,HLA-A*02:50,0.24874011257547793,0.2640018209638462,0.782051282051282,78
by_peptide,,joint_groove,mlp,tobit,HLA-A*03:01,0.6118733747479692,-0.07859443294225904,0.5652173913043478,161
by_peptide,,joint_groove,mlp,tobit,HLA-A*11:01,0.5637997621211744,0.18396842539765113,0.6372549019607843,102
by_peptide,,joint_groove,mlp,tobit,HLA-A*23:01,0.4939162831352567,-0.11694537346711259,0.5824175824175825,91
by_peptide,,joint_groove,mlp,tobit,HLA-A*24:02,0.5089971502341376,-0.035433760380145465,0.5983606557377049,122
by_peptide,,joint_groove,mlp,tobit,HLA-A*24:03,0.4056612373644581,-0.08348902471841003,0.5775862068965517,116
by_peptide,,joint_groove,mlp,tobit,HLA-A*24:07,0.5004138161482461,-0.09763533320304865,0.6235294117647059,85
by_peptide,,joint_groove,mlp,tobit,HLA-A*24:19,0.24985620502324712,0.010963568266939056,0.6629213483146067,89
by_peptide,,joint_groove,mlp,tobit,HLA-A*25:01,0.24459209059958145,0.047491455912508536,0.5,76
by_peptide,,joint_groove,mlp,tobit,HLA-A*26:01,0.558290932979677,0.08174982911825018,0.5892857142857143,56
by_peptide,,joint_groove,mlp,tobit,HLA-A*26:02,0.4203742625791624,0.03421441893369349,0.5833333333333334,72
by_peptide,,joint_groove,mlp,tobit,HLA-A*26:03,0.3777221440052235,-0.16300083606662813,0.5277777777777778,72
by_peptide,,joint_groove,mlp,tobit,HLA-A*29:02,0.33021453843251536,-0.13621326042378676,0.6052631578947368,76
by_peptide,,joint_groove,mlp,tobit,HLA-A*30:01,0.4919408693011597,0.11702594081110705,0.5942028985507246,69
by_peptide,,joint_groove,mlp,tobit,HLA-A*30:02,0.15378589497500744,-0.21418511066398388,0.5915492957746479,71
by_peptide,,joint_groove,mlp,tobit,HLA-A*31:01,0.5749968621612601,0.0643307526538431,0.5223880597014925,67
by_peptide,,joint_groove,mlp,tobit,HLA-A*32:07,0.4618344232389998,-0.17690052765292166,0.5058823529411764,85
by_peptide,,joint_groove,mlp,tobit,HLA-A*33:03,0.5592661554845968,-0.08477194447343701,0.4393939393939394,66
by_peptide,,joint_groove,mlp,tobit,HLA-A*43:01,0.18056612543968042,0.1179906096117876,0.6470588235294118,68
by_peptide,,joint_groove,mlp,tobit,HLA-A*66:01,0.06758381064092694,0.09202120133651136,0.5853658536585366,82
by_peptide,,joint_groove,mlp,tobit,HLA-A*68:01,0.2946052815400144,-0.08563251656055053,0.375,72
by_peptide,,joint_groove,mlp,tobit,HLA-A*68:23,0.322293917362943,-0.1174025974025974,0.6710526315789473,76
by_peptide,,joint_groove,mlp,tobit,HLA-A*74:01,0.5549877406943128,-0.13617216117216116,0.515625,64
by_peptide,,joint_groove,mlp,tobit,HLA-A*80:01,0.3824960022546434,-0.19221998658618375,0.647887323943662,71
by_peptide,,joint_groove,mlp,tobit,HLA-B*07:02,0.566223518334402,0.1013170422088226,0.7737226277372263,137
by_peptide,,joint_groove,mlp,tobit,HLA-B*08:01,0.24323037650470833,-0.16240342202787542,0.6481481481481481,108
by_peptide,,joint_groove,mlp,tobit,HLA-B*08:03,0.3560567602614157,-0.003674027750635138,0.5764705882352941,85
by_peptide,,joint_groove,mlp,tobit,HLA-B*14:01(C67S),0.2814088718467756,-0.16223031243472294,0.23655913978494625,93
by_peptide,,joint_groove,mlp,tobit,HLA-B*14:02(C67S),0.5164856689342504,-0.008330022035184048,0.4787234042553192,94
by_peptide,,joint_groove,mlp,tobit,HLA-B*15:01,0.3334181609272237,0.02672777075431943,0.7866666666666666,225
by_peptide,,joint_groove,mlp,tobit,HLA-B*15:02,-0.07224902717353944,-0.023482846267656392,0.48717948717948717,78
by_peptide,,joint_groove,mlp,tobit,HLA-B*15:10,0.3722889058370522,-0.09396932181742308,0.5641025641025641,78
by_peptide,,joint_groove,mlp,tobit,HLA-B*15:17,0.294582903786082,0.13158706651857338,0.6986301369863014,73
by_peptide,,joint_groove,mlp,tobit,HLA-B*18:01,0.4812689384460698,0.006729900632339656,0.6419753086419753,81
by_peptide,,joint_groove,mlp,tobit,HLA-B*27:02,0.2818951528563623,0.022146274777853726,0.4342105263157895,76
by_peptide,,joint_groove,mlp,tobit,HLA-B*27:03,0.4690286841845862,-0.23684561273602367,0.5135135135135135,74
by_peptide,,joint_groove,mlp,tobit,HLA-B*27:05,0.29322507424360683,-0.046906398730830245,0.5409836065573771,61
by_peptide,,joint_groove,mlp,tobit,HLA-B*27:20,0.34106240656790016,-0.05587436751820315,0.6438356164383562,73
by_peptide,,joint_groove,mlp,tobit,HLA-B*35:01,0.47323519746014847,0.10501627202334193,0.6716417910447762,134
by_peptide,,joint_groove,mlp,tobit,HLA-B*35:03,0.5749260048875552,0.055313107944686885,0.8311688311688312,77
by_peptide,,joint_groove,mlp,tobit,HLA-B*39:01,0.31779015848420883,-0.054057818623769266,0.6384615384615384,130
by_peptide,,joint_groove,mlp,tobit,HLA-B*39:02,0.33209036710399326,-0.09913910384083761,0.5975609756097561,82
by_peptide,,joint_groove,mlp,tobit,HLA-B*39:06(C67S),0.197166939954061,-0.08037026153394063,0.25301204819277107,83
by_peptide,,joint_groove,mlp,tobit,HLA-B*39:10,0.5319807196979923,0.0790222435792056,0.6025641025641025,78
by_peptide,,joint_groove,mlp,tobit,HLA-B*40:01,0.1123319097058978,0.012385509227614491,0.7894736842105263,76
by_peptide,,joint_groove,mlp,tobit,HLA-B*41:01,0.3371708020151226,-0.05590927395217727,0.47560975609756095,82
by_peptide,,joint_groove,mlp,tobit,HLA-B*42:01,0.5142263419702751,0.14285714285714285,0.6842105263157895,76
by_peptide,,joint_groove,mlp,tobit,HLA-B*42:02,0.5321638854816608,-0.057327166504381695,0.6582278481012658,79
by_peptide,,joint_groove,mlp,tobit,HLA-B*44:05,0.09397882194787424,0.07346548188653451,0.618421052631579,76
by_peptide,,joint_groove,mlp,tobit,HLA-B*45:01,0.3713223905667319,0.021670833529883485,0.6046511627906976,86
by_peptide,,joint_groove,mlp,tobit,HLA-B*46:01,0.061826392213258495,0.07342261030183451,0.5421686746987951,83
by_peptide,,joint_groove,mlp,tobit,HLA-B*51:01,0.4995837607638301,0.08490682463285205,0.5342465753424658,73
by_peptide,,joint_groove,mlp,tobit,HLA-B*54:01,0.5616954153315118,0.07850044692149956,0.6623376623376623,77
by_peptide,,joint_groove,mlp,tobit,HLA-B*55:01,0.5798770984944616,-0.007852906587083801,0.5384615384615384,78
by_peptide,,joint_groove,mlp,tobit,HLA-B*56:01,0.5576246198183853,0.0815311004784689,0.6447368421052632,76
by_peptide,,joint_groove,mlp,tobit,HLA-B*57:01,0.4451412039976911,-0.1347095359883084,0.6666666666666666,69
by_peptide,,joint_groove,mlp,tobit,HLA-B*57:02,0.30747824385324135,0.11321844108127022,0.7571428571428571,70
by_peptide,,joint_groove,mlp,tobit,HLA-B*57:03,0.32130796234161785,0.1202971252170558,0.875,72
by_peptide,,joint_groove,mlp,tobit,HLA-B*58:01,0.36511597276385216,-0.07485064011379801,0.5333333333333333,75
by_peptide,,joint_groove,mlp,tobit,HLA-B*81:01,0.3600944228959783,0.18785634950018507,0.7297297297297297,74
by_peptide,,concat_pseudo,ridge,tobit,HLA-A*01:01,-0.2581875215455184,-0.10345201910551453,0.6041666666666666,48
by_peptide,,concat_pseudo,ridge,tobit,HLA-A*02:01,0.24111248030784263,-0.08189018299787343,0.771689497716895,219
by_peptide,,concat_pseudo,ridge,tobit,HLA-A*02:03,0.37306002350803336,0.08463972736124635,0.8734177215189873,79
by_peptide,,concat_pseudo,ridge,tobit,HLA-A*02:10,0.4483766075057474,-0.14344238975817922,0.8,75
by_peptide,,concat_pseudo,ridge,tobit,HLA-A*02:11,0.3139648836917468,-0.09121226874391432,0.9620253164556962,79
by_peptide,,concat_pseudo,ridge,tobit,HLA-A*02:12,0.43590805753642065,0.06777433093222567,0.9090909090909091,77
by_peptide,,concat_pseudo,ridge,tobit,HLA-A*02:16,0.39587989719745115,-0.04695304695304695,0.922077922077922,77
by_peptide,,concat_pseudo,ridge,tobit,HLA-A*02:19,0.4381500061753443,0.13353572750833023,0.8783783783783784,74
by_peptide,,concat_pseudo,ridge,tobit,HLA-A*02:50,0.24891716080243692,0.21157323688969257,0.9358974358974359,78
by_peptide,,concat_pseudo,ridge,tobit,HLA-A*03:01,0.4846574353675378,0.20335576259489307,0.6149068322981367,161
by_peptide,,concat_pseudo,ridge,tobit,HLA-A*11:01,0.43310342599303947,0.048724632600324565,0.6568627450980392,102
by_peptide,,concat_pseudo,ridge,tobit,HLA-A*23:01,0.34661602335818403,-0.1439241917502787,0.8021978021978022,91
by_peptide,,concat_pseudo,ridge,tobit,HLA-A*24:02,0.3373681130974925,-0.10000958294368203,0.7131147540983607,122
by_peptide,,concat_pseudo,ridge,tobit,HLA-A*24:03,0.3376937260442216,-0.15152423788105948,0.7586206896551724,116
by_peptide,,concat_pseudo,ridge,tobit,HLA-A*24:07,0.32440552328108796,-0.11160836427594295,0.7529411764705882,85
by_peptide,,concat_pseudo,ridge,tobit,HLA-A*24:19,0.33616969708490163,0.0024514811031664968,0.9101123595505618,89
by_peptide,,concat_pseudo,ridge,tobit,HLA-A*25:01,0.02347551292157762,-0.17383458646616542,0.6447368421052632,76
by_peptide,,concat_pseudo,ridge,tobit,HLA-A*26:01,0.020641824098479596,-0.18838004101161998,0.6964285714285714,56
by_peptide,,concat_pseudo,ridge,tobit,HLA-A*26:02,0.1059108034852768,-0.04206058267412697,0.6666666666666666,72
by_peptide,,concat_pseudo,ridge,tobit,HLA-A*26:03,0.10375898644538634,-0.02447102707569619,0.6666666666666666,72
by_peptide,,concat_pseudo,ridge,tobit,HLA-A*29:02,0.29085438926197305,0.22334928229665071,0.7105263157894737,76
by_peptide,,concat_pseudo,ridge,tobit,HLA-A*30:01,0.30235036095483253,-0.07928388746803071,0.6811594202898551,69
by_peptide,,concat_pseudo,ridge,tobit,HLA-A*30:02,0.1362185294034199,0.2287726358148893,0.7464788732394366,71
by_peptide,,concat_pseudo,ridge,tobit,HLA-A*31:01,0.3183756367937586,0.026698060499640835,0.5970149253731343,67
by_peptide,,concat_pseudo,ridge,tobit,HLA-A*32:07,0.4314296400298059,-0.06189173343756107,0.5647058823529412,85
by_peptide,,concat_pseudo,ridge,tobit,HLA-A*33:03,-0.00036772479764989925,0.0802212712660474,0.4393939393939394,66
by_peptide,,concat_pseudo,ridge,tobit,HLA-A*43:01,0.1297540345252073,-0.002901095545291445,0.8529411764705882,68
by_peptide,,concat_pseudo,ridge,tobit,HLA-A*66:01,0.10833764250846588,-0.07197353098028973,0.8414634146341463,82
by_peptide,,concat_pseudo,ridge,tobit,HLA-A*68:01,-0.012465255700662831,0.1411987909190302,0.5138888888888888,72
by_peptide,,concat_pseudo,ridge,tobit,HLA-A*68:23,0.263823573435154,-0.12628844839371156,0.7763157894736842,76
by_peptide,,concat_pseudo,ridge,tobit,HLA-A*74:01,0.3786710446208517,0.09203296703296703,0.53125,64
by_peptide,,concat_pseudo,ridge,tobit,HLA-A*80:01,0.2109296569951263,0.11690140845070421,0.8732394366197183,71
by_peptide,,concat_pseudo,ridge,tobit,HLA-B*07:02,0.1760644803891048,0.08041331416730449,0.8540145985401459,137
by_peptide,,concat_pseudo,ridge,tobit,HLA-B*08:01,0.10080443294038234,0.15995503348671486,0.8240740740740741,108
by_peptide,,concat_pseudo,ridge,tobit,HLA-B*08:03,0.10726248868108448,0.015673246042603086,0.7176470588235294,85
by_peptide,,concat_pseudo,ridge,tobit,HLA-B*14:01(C67S),0.16383919660052168,-0.14783205514607142,0.7419354838709677,93
by_peptide,,concat_pseudo,ridge,tobit,HLA-B*14:02(C67S),0.15527858870294084,-0.20664667846692913,0.6382978723404256,94
by_peptide,,concat_pseudo,ridge,tobit,HLA-B*15:01,0.05968148886050299,0.0841645596291614,0.9022222222222223,225
by_peptide,,concat_pseudo,ridge,tobit,HLA-B*15:02,0.0013574444087039016,0.2616497426624009,0.6923076923076923,78
by_peptide,,concat_pseudo,ridge,tobit,HLA-B*15:10,0.031104812020353634,0.24796722265076696,0.7307692307692307,78
by_peptide,,concat_pseudo,ridge,tobit,HLA-B*15:17,-0.003829763060334888,-0.12430581266197706,0.8082191780821918,73
by_peptide,,concat_pseudo,ridge,tobit,HLA-B*18:01,-0.04056647053220802,-0.07423215898825655,0.7530864197530864,81
by_peptide,,concat_pseudo,ridge,tobit,HLA-B*27:02,-0.05748482862801239,0.3224606971975393,0.4473684210526316,76
by_peptide,,concat_pseudo,ridge,tobit,HLA-B*27:03,0.34429582218375493,0.0699740836727138,0.6756756756756757,74
by_peptide,,concat_pseudo,ridge,tobit,HLA-B*27:05,0.2529914963105793,-0.005499735589635113,0.7213114754098361,61
by_peptide,,concat_pseudo,ridge,tobit,HLA-B*27:20,-0.0018069531473796033,0.20893496235961995,0.684931506849315,73
by_peptide,,concat_pseudo,ridge,tobit,HLA-B*35:01,0.09741144189196062,0.0913253282459881,0.6791044776119403,134
by_peptide,,concat_pseudo,ridge,tobit,HLA-B*35:03,-0.10561905716147306,0.14924549135075452,0.8181818181818182,77
by_peptide,,concat_pseudo,ridge,tobit,HLA-B*39:01,0.12327531928767436,0.06521733193133868,0.7923076923076923,130
by_peptide,,concat_pseudo,ridge,tobit,HLA-B*39:02,0.06067381941303686,-0.006649905856488284,0.6951219512195121,82
by_peptide,,concat_pseudo,ridge,tobit,HLA-B*39:06(C67S),0.10969204393286221,0.3242517106754544,0.10843373493975904,83
by_peptide,,concat_pseudo,ridge,tobit,HLA-B*39:10,0.10032164551481217,0.2875731863073635,0.6153846153846154,78
by_peptide,,concat_pseudo,ridge,tobit,HLA-B*40:01,-0.1596151376420957,0.011483253588516746,0.9473684210526315,76
by_peptide,,concat_pseudo,ridge,tobit,HLA-B*41:01,0.25677724387025375,-0.038952558200280804,0.6829268292682927,82
by_peptide,,concat_pseudo,ridge,tobit,HLA-B*42:01,0.23864149355887215,0.13367053998632944,0.8289473684210527,76
by_peptide,,concat_pseudo,ridge,tobit,HLA-B*42:02,0.3027845811148632,0.0574732229795521,0.6962025316455697,79
by_peptide,,concat_pseudo,ridge,tobit,HLA-B*44:05,-0.062461117220702675,-0.11177033492822966,0.8421052631578947,76
by_peptide,,concat_pseudo,ridge,tobit,HLA-B*45:01,0.22037615831865232,0.08369262701070804,0.7209302325581395,86
by_peptide,,concat_pseudo,ridge,tobit,HLA-B*46:01,-0.019328859846937184,0.13561563326476636,0.7951807228915663,83
by_peptide,,concat_pseudo,ridge,tobit,HLA-B*51:01,0.16588785347282148,0.047821794397136866,0.589041095890411,73
by_peptide,,concat_pseudo,ridge,tobit,HLA-B*54:01,0.18585345158416142,-0.029654555970345442,0.6883116883116883,77
by_peptide,,concat_pseudo,ridge,tobit,HLA-B*55:01,0.2826201565930839,0.10352938201039466,0.7435897435897436,78
by_peptide,,concat_pseudo,ridge,tobit,HLA-B*56:01,0.34476275034272297,0.23592617908407382,0.6973684210526315,76
by_peptide,,concat_pseudo,ridge,tobit,HLA-B*57:01,0.2594612627726938,0.03080014614541469,0.8115942028985508,69
by_peptide,,concat_pseudo,ridge,tobit,HLA-B*57:02,0.08090150273944843,0.23026856792931505,0.8428571428571429,70
by_peptide,,concat_pseudo,ridge,tobit,HLA-B*57:03,0.16617879896448892,-0.040581387870602614,0.9722222222222222,72
by_peptide,,concat_pseudo,ridge,tobit,HLA-B*58:01,0.08067661727515499,0.03351351351351351,0.5866666666666667,75
by_peptide,,concat_pseudo,ridge,tobit,HLA-B*81:01,0.0609379120448089,0.12275453535727507,0.8783783783783784,74
by_peptide,,concat_pseudo,mlp,naive,HLA-A*01:01,0.302215288377491,0.14003473729917498,0.4375,48
by_peptide,,concat_pseudo,mlp,naive,HLA-A*02:01,0.5064992101147322,0.1276737463868292,0.4794520547945205,219
by_peptide,,concat_pseudo,mlp,naive,HLA-A*02:03,0.5860650271417803,0.033276533592989294,0.6455696202531646,79
by_peptide,,concat_pseudo,mlp,naive,HLA-A*02:10,0.4468961589953469,-0.059601706970128024,0.52,75
by_peptide,,concat_pseudo,mlp,naive,HLA-A*02:11,0.3814978257582692,-0.05983446932814022,0.6962025316455697,79
by_peptide,,concat_pseudo,mlp,naive,HLA-A*02:12,0.47659613999239564,0.10011041589988957,0.5584415584415584,77
by_peptide,,concat_pseudo,mlp,naive,HLA-A*02:16,0.45281729416096056,0.1707765918292234,0.6363636363636364,77
by_peptide,,concat_pseudo,mlp,naive,HLA-A*02:19,0.44631272775373937,0.1959718622732321,0.5135135135135135,74
by_peptide,,concat_pseudo,mlp,naive,HLA-A*02:50,0.5107335495690299,-0.12664550639234182,0.7307692307692307,78
by_peptide,,concat_pseudo,mlp,naive,HLA-A*03:01,0.6567321223309176,-0.018754313319530713,0.515527950310559,161
by_peptide,,concat_pseudo,mlp,naive,HLA-A*11:01,0.6281241252497624,-0.020520098840266666,0.5882352941176471,102
by_peptide,,concat_pseudo,mlp,naive,HLA-A*23:01,0.49575634153935055,0.12124542124542124,0.5274725274725275,91
by_peptide,,concat_pseudo,mlp,naive,HLA-A*24:02,0.5335788916264469,0.19119294430987938,0.4672131147540984,122
by_peptide,,concat_pseudo,mlp,naive,HLA-A*24:03,0.4723701623433548,0.019843924191750278,0.4396551724137931,116
by_peptide,,concat_pseudo,mlp,naive,HLA-A*24:07,0.4937899007404376,0.09390267735000978,0.5176470588235295,85
by_peptide,,concat_pseudo,mlp,naive,HLA-A*24:19,0.22853615251480172,-0.14332652366360232,0.651685393258427,89
by_peptide,,concat_pseudo,mlp,naive,HLA-A*25:01,0.3985148685853865,-0.035242652084757346,0.4342105263157895,76
by_peptide,,concat_pseudo,mlp,naive,HLA-A*26:01,0.38003624567333905,-0.23971291866028707,0.5178571428571429,56
by_peptide,,concat_pseudo,mlp,naive,HLA-A*26:02,0.49507704764350774,-0.09756254421506207,0.5277777777777778,72
by_peptide,,concat_pseudo,mlp,naive,HLA-A*26:03,0.3601414447975334,0.031577593414367486,0.4305555555555556,72
by_peptide,,concat_pseudo,mlp,naive,HLA-A*29:02,0.5840224707708406,0.04489405331510595,0.5789473684210527,76
by_peptide,,concat_pseudo,mlp,naive,HLA-A*30:01,0.5666168781738511,-0.1688710266715382,0.42028985507246375,69
by_peptide,,concat_pseudo,mlp,naive,HLA-A*30:02,0.06309121817240959,-0.07142857142857142,0.4647887323943662,71
by_peptide,,concat_pseudo,mlp,naive,HLA-A*31:01,0.8118119523412909,0.12702530130098175,0.5223880597014925,67
by_peptide,,concat_pseudo,mlp,naive,HLA-A*32:07,0.5847088901029427,-0.10758256791088529,0.38823529411764707,85
by_peptide,,concat_pseudo,mlp,naive,HLA-A*33:03,0.6770462450848145,0.14981734683227224,0.5,66
by_peptide,,concat_pseudo,mlp,naive,HLA-A*43:01,0.17221053170288608,0.040195442226209105,0.5441176470588235,68
by_peptide,,concat_pseudo,mlp,naive,HLA-A*66:01,0.20607302579343373,-0.1431525560235522,0.6097560975609756,82
by_peptide,,concat_pseudo,mlp,naive,HLA-A*68:01,0.5103613284526589,-0.08142002701138339,0.3888888888888889,72
by_peptide,,concat_pseudo,mlp,naive,HLA-A*68:23,0.4127657573451288,0.0324812030075188,0.5789473684210527,76
by_peptide,,concat_pseudo,mlp,naive,HLA-A*74:01,0.7475607488943542,-0.19807692307692304,0.453125,64
by_peptide,,concat_pseudo,mlp,naive,HLA-A*80:01,0.2949327169652272,0.29564050972501676,0.6197183098591549,71
by_peptide,,concat_pseudo,mlp,naive,HLA-B*07:02,0.5318724910485575,0.09895551365579554,0.7153284671532847,137
by_peptide,,concat_pseudo,mlp,naive,HLA-B*08:01,0.32950804828956803,0.007821505806586831,0.6388888888888888,108
by_peptide,,concat_pseudo,mlp,naive,HLA-B*08:03,0.37219590850676487,0.0373656439319914,0.49411764705882355,85
by_peptide,,concat_pseudo,mlp,naive,HLA-B*14:01(C67S),0.13938501158798094,0.10332428157918293,0.7311827956989247,93
by_peptide,,concat_pseudo,mlp,naive,HLA-B*14:02(C67S),0.3709391040100922,0.20615540223241702,0.7127659574468085,94
by_peptide,,concat_pseudo,mlp,naive,HLA-B*15:01,0.45867236753627827,0.044001264222503174,0.7555555555555555,225
by_peptide,,concat_pseudo,mlp,naive,HLA-B*15:02,0.2337214798275886,0.1793270021118122,0.46153846153846156,78
by_peptide,,concat_pseudo,mlp,naive,HLA-B*15:10,0.49327897587196057,0.04166719356592774,0.5769230769230769,78
by_peptide,,concat_pseudo,mlp,naive,HLA-B*15:17,0.5225927892128748,0.19486609897568805,0.7534246575342466,73
by_peptide,,concat_pseudo,mlp,naive,HLA-B*18:01,0.5290600395998167,0.13832429990966574,0.6049382716049383,81
by_peptide,,concat_pseudo,mlp,naive,HLA-B*27:02,0.6082722828192727,-0.13509227614490774,0.4342105263157895,76
by_peptide,,concat_pseudo,mlp,naive,HLA-B*27:03,0.5773993672138306,-0.057860051832654566,0.4864864864864865,74
by_peptide,,concat_pseudo,mlp,naive,HLA-B*27:05,0.4086744906855769,-0.06467477525118984,0.4918032786885246,61
by_peptide,,concat_pseudo,mlp,naive,HLA-B*27:20,0.587633625273691,-0.046279155868196975,0.6301369863013698,73
by_peptide,,concat_pseudo,mlp,naive,HLA-B*35:01,0.38812859554545726,-0.12861257621666108,0.6119402985074627,134
by_peptide,,concat_pseudo,mlp,naive,HLA-B*35:03,0.5274901697743067,0.08352174141647824,0.7142857142857143,77
by_peptide,,concat_pseudo,mlp,naive,HLA-B*39:01,0.39578761004980606,0.09502519493643229,0.6076923076923076,130
by_peptide,,concat_pseudo,mlp,naive,HLA-B*39:02,0.4154268078019283,-0.04533037298244469,0.524390243902439,82
by_peptide,,concat_pseudo,mlp,naive,HLA-B*39:06(C67S),0.23135347382551355,0.14096805339826202,0.891566265060241,83
by_peptide,,concat_pseudo,mlp,naive,HLA-B*39:10,0.6155525498397484,0.22356124887770454,0.48717948717948717,78
by_peptide,,concat_pseudo,mlp,naive,HLA-B*40:01,0.013793224371886246,-0.1372248803827751,0.8289473684210527,76
by_peptide,,concat_pseudo,mlp,naive,HLA-B*41:01,0.49123714833727494,-0.0686431362305591,0.5609756097560976,82
by_peptide,,concat_pseudo,mlp,naive,HLA-B*42:01,0.6610426796484673,0.15458646616541352,0.6973684210526315,76
by_peptide,,concat_pseudo,mlp,naive,HLA-B*42:02,0.6356916463135941,0.23585686465433303,0.6075949367088608,79
by_peptide,,concat_pseudo,mlp,naive,HLA-B*44:05,0.10497241613470544,0.03215311004784689,0.5921052631578947,76
by_peptide,,concat_pseudo,mlp,naive,HLA-B*45:01,0.40186923596667784,-0.011915656398886742,0.5116279069767442,86
by_peptide,,concat_pseudo,mlp,naive,HLA-B*46:01,0.17082299024212588,-0.1153603962889887,0.5301204819277109,83
by_peptide,,concat_pseudo,mlp,naive,HLA-B*51:01,0.4202794865002262,0.02816857953844256,0.4246575342465753,73
by_peptide,,concat_pseudo,mlp,naive,HLA-B*54:01,0.645111501791829,-0.04166885745833114,0.4935064935064935,77
by_peptide,,concat_pseudo,mlp,naive,HLA-B*55:01,0.5952721923280139,0.04702892044664196,0.4230769230769231,78
by_peptide,,concat_pseudo,mlp,naive,HLA-B*56:01,0.5936139461122627,0.23964456596035544,0.4605263157894737,76
by_peptide,,concat_pseudo,mlp,naive,HLA-B*57:01,0.44504966389651524,0.12561198392400438,0.6376811594202898,69
by_peptide,,concat_pseudo,mlp,naive,HLA-B*57:02,0.37754034611742604,-0.12574577902195783,0.6714285714285714,70
by_peptide,,concat_pseudo,mlp,naive,HLA-B*57:03,0.4888056406629678,0.09007010097112356,0.8055555555555556,72
by_peptide,,concat_pseudo,mlp,naive,HLA-B*58:01,0.4422929846508321,0.1114935988620199,0.41333333333333333,75
by_peptide,,concat_pseudo,mlp,naive,HLA-B*81:01,0.42607454928864913,0.09571269900037022,0.7162162162162162,74
by_peptide,,concat_pseudo,mlp,tobit,HLA-A*01:01,0.2712327857920288,0.1482848458532349,0.5625,48
by_peptide,,concat_pseudo,mlp,tobit,HLA-A*02:01,0.4828202901983342,0.07933094930707098,0.6073059360730594,219
by_peptide,,concat_pseudo,mlp,tobit,HLA-A*02:03,0.5538933473541358,0.05601265822784811,0.810126582278481,79
by_peptide,,concat_pseudo,mlp,tobit,HLA-A*02:10,0.40404856268471445,-0.13018492176386912,0.6,75
by_peptide,,concat_pseudo,mlp,tobit,HLA-A*02:11,0.36580749368837956,0.04048198636806232,0.8481012658227848,79
by_peptide,,concat_pseudo,mlp,tobit,HLA-A*02:12,0.4029106142522534,-0.16057626583942372,0.7272727272727273,77
by_peptide,,concat_pseudo,mlp,tobit,HLA-A*02:16,0.39442063812034434,-0.019690835480309164,0.7792207792207793,77
by_peptide,,concat_pseudo,mlp,tobit,HLA-A*02:19,0.3699594300857747,-0.13291373565346165,0.6351351351351351,74
by_peptide,,concat_pseudo,mlp,tobit,HLA-A*02:50,0.45530480822893543,-0.08129844838705598,0.8461538461538461,78
by_peptide,,concat_pseudo,mlp,tobit,HLA-A*03:01,0.6458352372028522,0.008708598393002016,0.639751552795031,161
by_peptide,,concat_pseudo,mlp,tobit,HLA-A*11:01,0.595136112080054,0.00011874402745814273,0.6862745098039216,102
by_peptide,,concat_pseudo,mlp,tobit,HLA-A*23:01,0.49766012490982,0.1325211020863195,0.6593406593406593,91
by_peptide,,concat_pseudo,mlp,tobit,HLA-A*24:02,0.5359037892719191,0.09400867752072724,0.6475409836065574,122
by_peptide,,concat_pseudo,mlp,tobit,HLA-A*24:03,0.5104972458213696,0.05777111444277861,0.6724137931034483,116
by_peptide,,concat_pseudo,mlp,tobit,HLA-A*24:07,0.43628805310130886,0.1445378151260504,0.5882352941176471,85
by_peptide,,concat_pseudo,mlp,tobit,HLA-A*24:19,0.20833548886988537,-0.017688117126319375,0.7191011235955056,89
by_peptide,,concat_pseudo,mlp,tobit,HLA-A*25:01,0.4304399012287376,-0.0907177033492823,0.5526315789473685,76
by_peptide,,concat_pseudo,mlp,tobit,HLA-A*26:01,0.3865276013382519,-0.03472317156527683,0.5714285714285714,56
by_peptide,,concat_pseudo,mlp,tobit,HLA-A*26:02,0.4767515961662012,-0.022445173323043285,0.6527777777777778,72
by_peptide,,concat_pseudo,mlp,tobit,HLA-A*26:03,0.3591556111971021,0.08846228053251014,0.5416666666666666,72
by_peptide,,concat_pseudo,mlp,tobit,HLA-A*29:02,0.5718105566629713,0.1534107997265892,0.6842105263157895,76
by_peptide,,concat_pseudo,mlp,tobit,HLA-A*30:01,0.564020252464591,-0.07471684325904275,0.5362318840579711,69
by_peptide,,concat_pseudo,mlp,tobit,HLA-A*30:02,0.07057205805696122,0.10566733735747819,0.6056338028169014,71
by_peptide,,concat_pseudo,mlp,tobit,HLA-A*31:01,0.7938426764655614,-0.008540186766701255,0.6268656716417911,67
by_peptide,,concat_pseudo,mlp,tobit,HLA-A*32:07,0.5694076532993562,-0.15110416259527065,0.5529411764705883,85
by_peptide,,concat_pseudo,mlp,tobit,HLA-A*33:03,0.6988934242393086,0.10694082037365622,0.5909090909090909,66
by_peptide,,concat_pseudo,mlp,tobit,HLA-A*43:01,0.14733761577641946,-0.003397335572775508,0.6470588235294118,68
by_peptide,,concat_pseudo,mlp,tobit,HLA-A*66:01,0.1683276408996511,0.272493769114398,0.6219512195121951,82
by_peptide,,concat_pseudo,mlp,tobit,HLA-A*68:01,0.5353080706556782,0.03090230883014985,0.5138888888888888,72
by_peptide,,concat_pseudo,mlp,tobit,HLA-A*68:23,0.40224960720455905,0.026356801093643197,0.6710526315789473,76
by_peptide,,concat_pseudo,mlp,tobit,HLA-A*74:01,0.7367920901551365,-0.1347069597069597,0.59375,64
by_peptide,,concat_pseudo,mlp,tobit,HLA-A*80:01,0.29529786828002874,-0.0034205231388329976,0.7887323943661971,71
by_peptide,,concat_pseudo,mlp,tobit,HLA-B*07:02,0.5730867205240304,0.09770941064461328,0.8029197080291971,137
by_peptide,,concat_pseudo,mlp,tobit,HLA-B*08:01,0.3503019176287586,-0.2607867234464165,0.7222222222222222,108
by_peptide,,concat_pseudo,mlp,tobit,HLA-B*08:03,0.41892402183769206,-0.2678327144811413,0.6823529411764706,85
by_peptide,,concat_pseudo,mlp,tobit,HLA-B*14:01(C67S),0.21566823408650374,-0.04121034884067917,0.3978494623655914,93
by_peptide,,concat_pseudo,mlp,tobit,HLA-B*14:02(C67S),0.41495010689340484,0.012650363038688004,0.2765957446808511,94
by_peptide,,concat_pseudo,mlp,tobit,HLA-B*15:01,0.43420074433640626,0.04788348082595871,0.8044444444444444,225
by_peptide,,concat_pseudo,mlp,tobit,HLA-B*15:02,0.21400681991052445,0.048647554976668894,0.6410256410256411,78
by_peptide,,concat_pseudo,mlp,tobit,HLA-B*15:10,0.44398294796921156,0.04108549678169931,0.6410256410256411,78
by_peptide,,concat_pseudo,mlp,tobit,HLA-B*15:17,0.5062236406485401,0.09206466740713318,0.7945205479452054,73
by_peptide,,concat_pseudo,mlp,tobit,HLA-B*18:01,0.5276467706988897,0.3184281842818428,0.7283950617283951,81
by_peptide,,concat_pseudo,mlp,tobit,HLA-B*27:02,0.5765153185264654,-0.02758714969241285,0.5921052631578947,76
by_peptide,,concat_pseudo,mlp,tobit,HLA-B*27:03,0.6219161484270607,0.06784154017030729,0.7297297297297297,74
by_peptide,,concat_pseudo,mlp,tobit,HLA-B*27:05,0.4461763227207125,-0.1608143839238498,0.6229508196721312,61
by_peptide,,concat_pseudo,mlp,tobit,HLA-B*27:20,0.6020892504527278,0.028631371097124523,0.7671232876712328,73
by_peptide,,concat_pseudo,mlp,tobit,HLA-B*35:01,0.3673055969976954,0.014636092719360592,0.6791044776119403,134
by_peptide,,concat_pseudo,mlp,tobit,HLA-B*35:03,0.5327915124117552,-0.12658394237341603,0.7402597402597403,77
by_peptide,,concat_pseudo,mlp,tobit,HLA-B*39:01,0.3786307498591536,0.036146881699873,0.6846153846153846,130
by_peptide,,concat_pseudo,mlp,tobit,HLA-B*39:02,0.4201973114153679,0.08686235456732078,0.6097560975609756,82
by_peptide,,concat_pseudo,mlp,tobit,HLA-B*39:06(C67S),0.18622233018945927,0.040237605474161456,0.13253012048192772,83
by_peptide,,concat_pseudo,mlp,tobit,HLA-B*39:10,0.5870538087930748,0.22381416052302125,0.5769230769230769,78
by_peptide,,concat_pseudo,mlp,tobit,HLA-B*40:01,0.032764044386843987,0.07589883800410116,0.868421052631579,76
by_peptide,,concat_pseudo,mlp,tobit,HLA-B*41:01,0.547596648663278,-0.11128524939867873,0.6829268292682927,82
by_peptide,,concat_pseudo,mlp,tobit,HLA-B*42:01,0.6411490522204761,0.1386466165413534,0.8421052631578947,76
by_peptide,,concat_pseudo,mlp,tobit,HLA-B*42:02,0.6082012239457927,0.08595423563777994,0.6835443037974683,79
by_peptide,,concat_pseudo,mlp,tobit,HLA-B*44:05,0.08479014620962726,-0.10684894053315105,0.6447368421052632,76
by_peptide,,concat_pseudo,mlp,tobit,HLA-B*45:01,0.4236386525857955,0.12656257370630689,0.6511627906976745,86
by_peptide,,concat_pseudo,mlp,tobit,HLA-B*46:01,0.1568266026417136,-0.05159313211032282,0.5783132530120482,83
by_peptide,,concat_pseudo,mlp,tobit,HLA-B*51:01,0.4047084073359879,-0.048623966432185625,0.547945205479452,73
by_peptide,,concat_pseudo,mlp,tobit,HLA-B*54:01,0.6136429899277033,-0.08480992691519007,0.7532467532467533,77
by_peptide,,concat_pseudo,mlp,tobit,HLA-B*55:01,0.5871454141705253,0.11751539599640866,0.6666666666666666,78
by_peptide,,concat_pseudo,mlp,tobit,HLA-B*56:01,0.5831620459344158,-0.08475734791524266,0.6578947368421053,76
by_peptide,,concat_pseudo,mlp,tobit,HLA-B*57:01,0.41343171295039316,0.379539641943734,0.7246376811594203,69
by_peptide,,concat_pseudo,mlp,tobit,HLA-B*57:02,0.3743358060738505,-0.1438719272154667,0.7714285714285715,70
by_peptide,,concat_pseudo,mlp,tobit,HLA-B*57:03,0.49594688986353236,-0.07891182712714646,0.9027777777777778,72
by_peptide,,concat_pseudo,mlp,tobit,HLA-B*58:01,0.4228951719278044,0.11618776671408249,0.5066666666666667,75
by_peptide,,concat_pseudo,mlp,tobit,HLA-B*81:01,0.38688211623078456,0.22037763791188442,0.8108108108108109,74
by_peptide,,joint_pseudo,ridge,tobit,HLA-A*01:01,-0.1886671341651567,-0.0034737299174989146,0.6666666666666666,48
by_peptide,,joint_pseudo,ridge,tobit,HLA-A*02:01,0.38536963672070706,0.029099592125858307,0.7945205479452054,219
by_peptide,,joint_pseudo,ridge,tobit,HLA-A*02:03,0.3297871057459915,0.0704479065238559,0.8734177215189873,79
by_peptide,,joint_pseudo,ridge,tobit,HLA-A*02:10,0.3738559541216409,0.08540540540540541,0.72,75
by_peptide,,joint_pseudo,ridge,tobit,HLA-A*02:11,0.16115151766739175,0.03276533592989289,0.8987341772151899,79
by_peptide,,joint_pseudo,ridge,tobit,HLA-A*02:12,0.35345388850124265,-0.0395656974604343,0.9090909090909091,77
by_peptide,,joint_pseudo,ridge,tobit,HLA-A*02:16,0.4523571674249359,-0.09674535990325464,0.9090909090909091,77
by_peptide,,joint_pseudo,ridge,tobit,HLA-A*02:19,0.27538444903954135,-0.2515957052943354,0.8108108108108109,74
by_peptide,,joint_pseudo,ridge,tobit,HLA-A*02:50,0.1708515390154409,0.11814767510970042,0.9230769230769231,78
by_peptide,,joint_pseudo,ridge,tobit,HLA-A*03:01,0.5238931478148836,-0.008393719806763287,0.6770186335403726,161
by_peptide,,joint_pseudo,ridge,tobit,HLA-A*11:01,0.4625448883641527,-0.0713764694573398,0.6666666666666666,102
by_peptide,,joint_pseudo,ridge,tobit,HLA-A*23:01,0.44425063746631616,0.11114827201783725,0.8131868131868132,91
by_peptide,,joint_pseudo,ridge,tobit,HLA-A*24:02,0.3302049149465787,-0.01735834591783121,0.6885245901639344,122
by_peptide,,joint_pseudo,ridge,tobit,HLA-A*24:03,0.43147187958165645,0.18213969938107868,0.7241379310344828,116
by_peptide,,joint_pseudo,ridge,tobit,HLA-A*24:07,0.34893455714722654,0.06777408637873755,0.7294117647058823,85
by_peptide,,joint_pseudo,ridge,tobit,HLA-A*24:19,0.14260153053003394,0.18721484508001365,0.8089887640449438,89
by_peptide,,joint_pseudo,ridge,tobit,HLA-A*25:01,0.2106968907961452,-0.15259056732740944,0.6842105263157895,76
by_peptide,,joint_pseudo,ridge,tobit,HLA-A*26:01,0.16355468611806964,-0.1339712918660287,0.7142857142857143,56
by_peptide,,joint_pseudo,ridge,tobit,HLA-A*26:02,0.2415803366103273,-0.26979226959933117,0.6527777777777778,72
by_peptide,,joint_pseudo,ridge,tobit,HLA-A*26:03,0.12904561829644723,-0.05608077689883594,0.6527777777777778,72
by_peptide,,joint_pseudo,ridge,tobit,HLA-A*29:02,-0.0317756195564622,-0.17911141490088858,0.6710526315789473,76
by_peptide,,joint_pseudo,ridge,tobit,HLA-A*30:01,0.307985591217482,0.13536719035440264,0.5507246376811594,69
by_peptide,,joint_pseudo,ridge,tobit,HLA-A*30:02,0.1729839155326658,-0.1060697518443997,0.7605633802816901,71
by_peptide,,joint_pseudo,ridge,tobit,HLA-A*31:01,0.3582873950999622,-0.2758001436666933,0.6417910447761194,67
by_peptide,,joint_pseudo,ridge,tobit,HLA-A*32:07,0.18152920794435784,-0.0292358803986711,0.4470588235294118,85
by_peptide,,joint_pseudo,ridge,tobit,HLA-A*33:03,0.30724488387171583,-0.16714330445673733,0.5,66
by_peptide,,joint_pseudo,ridge,tobit,HLA-A*43:01,0.000542822794965756,-0.03431690651601328,0.8235294117647058,68
by_peptide,,joint_pseudo,ridge,tobit,HLA-A*66:01,0.15396761891339422,0.07617461716785842,0.8292682926829268,82
by_peptide,,joint_pseudo,ridge,tobit,HLA-A*68:01,-0.015029722368247112,-0.10351147983793173,0.4722222222222222,72
by_peptide,,joint_pseudo,ridge,tobit,HLA-A*68:23,-0.08675137433193206,-0.19187969924812032,0.7631578947368421,76
by_peptide,,joint_pseudo,ridge,tobit,HLA-A*74:01,0.49083500611568925,0.006043956043956042,0.609375,64
by_peptide,,joint_pseudo,ridge,tobit,HLA-A*80:01,0.2520822101732631,-0.292823608316566,0.8873239436619719,71
by_peptide,,joint_pseudo,ridge,tobit,HLA-B*07:02,0.37028609908804977,-0.0018994903578695838,0.8686131386861314,137
by_peptide,,joint_pseudo,ridge,tobit,HLA-B*08:01,0.19571324909828422,-0.014680804443301226,0.8148148148148148,108
by_peptide,,joint_pseudo,ridge,tobit,HLA-B*08:03,0.2621480341160469,-0.193844049247606,0.7411764705882353,85
by_peptide,,joint_pseudo,ridge,tobit,HLA-B*14:01(C67S),0.008044645462480658,0.17671809256661988,0.7311827956989247,93
by_peptide,,joint_pseudo,ridge,tobit,HLA-B*14:02(C67S),0.029488409259935382,0.17403460607593108,0.6063829787234043,94
by_peptide,,joint_pseudo,ridge,tobit,HLA-B*15:01,0.277311871425896,-0.012512642225031607,0.8666666666666667,225
by_peptide,,joint_pseudo,ridge,tobit,HLA-B*15:02,-0.047764282231497104,-0.1513802653043159,0.7051282051282052,78
by_peptide,,joint_pseudo,ridge,tobit,HLA-B*15:10,0.12253256276214718,-0.10752538600639865,0.782051282051282,78
by_peptide,,joint_pseudo,ridge,tobit,HLA-B*15:17,0.14655020742975033,0.11819696408737505,0.7945205479452054,73
by_peptide,,joint_pseudo,ridge,tobit,HLA-B*18:01,0.12339533427773645,0.1665989159891599,0.6790123456790124,81
by_peptide,,joint_pseudo,ridge,tobit,HLA-B*27:02,0.0963683557739299,-0.04218728639781271,0.4868421052631579,76
by_peptide,,joint_pseudo,ridge,tobit,HLA-B*27:03,0.44558185040055975,0.12062199185486853,0.7297297297297297,74
by_peptide,,joint_pseudo,ridge,tobit,HLA-B*27:05,0.4079318801502277,-0.12284505552617662,0.7540983606557377,61
by_peptide,,joint_pseudo,ridge,tobit,HLA-B*27:20,0.173062495408512,-0.0013883746760459093,0.7123287671232876,73
by_peptide,,joint_pseudo,ridge,tobit,HLA-B*35:01,0.19274833225413585,0.04457162807516304,0.7611940298507462,134
by_peptide,,joint_pseudo,ridge,tobit,HLA-B*35:03,0.32390808873918936,0.07613439192386559,0.8701298701298701,77
by_peptide,,joint_pseudo,ridge,tobit,HLA-B*39:01,0.1274925100941725,0.08987423015472012,0.7769230769230769,130
by_peptide,,joint_pseudo,ridge,tobit,HLA-B*39:02,0.23444241556573941,0.08786364972083456,0.6951219512195121,82
by_peptide,,joint_pseudo,ridge,tobit,HLA-B*39:06(C67S),0.16252950455672596,-0.049179295579530664,0.6987951807228916,83
by_peptide,,joint_pseudo,ridge,tobit,HLA-B*39:10,0.25112062579332395,0.0738122636856814,0.5641025641025641,78
by_peptide,,joint_pseudo,ridge,tobit,HLA-B*40:01,0.1277414205483725,0.23628161312371837,0.9736842105263158,76
by_peptide,,joint_pseudo,ridge,tobit,HLA-B*41:01,0.37155387155943737,-0.018404240267302273,0.7682926829268293,82
by_peptide,,joint_pseudo,ridge,tobit,HLA-B*42:01,0.21809158151469976,0.09908407382091593,0.7368421052631579,76
by_peptide,,joint_pseudo,ridge,tobit,HLA-B*42:02,0.23046381127758406,0.07597370983446933,0.759493670886076,79
by_peptide,,joint_pseudo,ridge,tobit,HLA-B*44:05,0.16289388998472656,0.1984688995215311,0.881578947368421,76
by_peptide,,joint_pseudo,ridge,tobit,HLA-B*45:01,0.48343198356630557,0.16571536393226094,0.7325581395348837,86
by_peptide,,joint_pseudo,ridge,tobit,HLA-B*46:01,0.09346428535947632,0.18259099114226943,0.7108433734939759,83
by_peptide,,joint_pseudo,ridge,tobit,HLA-B*51:01,0.2424689345193613,0.08987412069603852,0.6301369863013698,73
by_peptide,,joint_pseudo,ridge,tobit,HLA-B*54:01,0.18045684709966772,0.05975603344024396,0.6493506493506493,77
by_peptide,,joint_pseudo,ridge,tobit,HLA-B*55:01,0.49295777225019566,0.11478395022698817,0.7307692307692307,78
by_peptide,,joint_pseudo,ridge,tobit,HLA-B*56:01,0.4517410227512735,0.05142857142857143,0.7763157894736842,76
by_peptide,,joint_pseudo,ridge,tobit,HLA-B*57:01,0.2985855020152317,0.10369017172086227,0.7681159420289855,69
by_peptide,,joint_pseudo,ridge,tobit,HLA-B*57:02,0.26730767084798274,-0.002816901408450704,0.8428571428571429,70
by_peptide,,joint_pseudo,ridge,tobit,HLA-B*57:03,0.4728665011184644,0.05646665380410317,0.9583333333333334,72
by_peptide,,joint_pseudo,ridge,tobit,HLA-B*58:01,0.2623275630768806,0.09763869132290184,0.6,75
by_peptide,,joint_pseudo,ridge,tobit,HLA-B*81:01,-0.012181632893507075,0.05729729729729729,0.7972972972972973,74
by_peptide,,joint_pseudo,mlp,naive,HLA-A*01:01,0.18334031793116498,-0.042227529309596175,0.4791666666666667,48
by_peptide,,joint_pseudo,mlp,naive,HLA-A*02:01,0.5098272281751259,0.17604167856775627,0.547945205479452,219
by_peptide,,joint_pseudo,mlp,naive,HLA-A*02:03,0.45201027515489794,0.10148490749756572,0.5822784810126582,79
by_peptide,,joint_pseudo,mlp,naive,HLA-A*02:10,0.2744523776973399,0.09118065433854906,0.37333333333333335,75
by_peptide,,joint_pseudo,mlp,naive,HLA-A*02:11,0.2562551363346122,-0.009444985394352484,0.6708860759493671,79
by_peptide,,joint_pseudo,mlp,naive,HLA-A*02:12,0.49789329462201753,0.06070245543929753,0.6623376623376623,77
by_peptide,,joint_pseudo,mlp,naive,HLA-A*02:16,0.5107669699437244,0.25332562174667433,0.7142857142857143,77
by_peptide,,joint_pseudo,mlp,naive,HLA-A*02:19,0.4634233328772356,0.08404294705664567,0.5135135135135135,74
by_peptide,,joint_pseudo,mlp,naive,HLA-A*02:50,0.37927524105196797,0.08997331782141907,0.6410256410256411,78
by_peptide,,joint_pseudo,mlp,naive,HLA-A*03:01,0.644224945385728,0.0864648033126294,0.5403726708074534,161
by_peptide,,joint_pseudo,mlp,naive,HLA-A*11:01,0.5999100975250529,0.06825519787844005,0.5588235294117647,102
by_peptide,,joint_pseudo,mlp,naive,HLA-A*23:01,0.4893838449017961,0.0878324573976748,0.4945054945054945,91
by_peptide,,joint_pseudo,mlp,naive,HLA-A*24:02,0.5411687068417503,0.046549975051301797,0.5245901639344263,122
by_peptide,,joint_pseudo,mlp,naive,HLA-A*24:03,0.4821039998272938,0.008741782954676508,0.46551724137931033,116
by_peptide,,joint_pseudo,mlp,naive,HLA-A*24:07,0.47263642199349254,-0.06427594293531366,0.5882352941176471,85
by_peptide,,joint_pseudo,mlp,naive,HLA-A*24:19,0.11982627249900082,0.14640789921688802,0.5617977528089888,89
by_peptide,,joint_pseudo,mlp,naive,HLA-A*25:01,0.38745695853899326,0.02356801093643199,0.4342105263157895,76
by_peptide,,joint_pseudo,mlp,naive,HLA-A*26:01,0.3478198879289566,0.033151059466848945,0.4642857142857143,56
by_peptide,,joint_pseudo,mlp,naive,HLA-A*26:02,0.3624993305849272,-0.008071258601839347,0.4583333333333333,72
by_peptide,,joint_pseudo,mlp,naive,HLA-A*26:03,0.46646359860404085,0.13881921666988234,0.4027777777777778,72
by_peptide,,joint_pseudo,mlp,naive,HLA-A*29:02,0.32794191764562497,0.051401230348598774,0.4605263157894737,76
by_peptide,,joint_pseudo,mlp,naive,HLA-A*30:01,0.536267664210301,0.08860065765436612,0.4057971014492754,69
by_peptide,,joint_pseudo,mlp,naive,HLA-A*30:02,0.3156746322519337,0.09450033534540575,0.5352112676056338,71
by_peptide,,joint_pseudo,mlp,naive,HLA-A*31:01,0.6150683473641368,0.17192114294835983,0.44776119402985076,67
by_peptide,,joint_pseudo,mlp,naive,HLA-A*32:07,0.47566286657764156,0.11784248583154192,0.3764705882352941,85
by_peptide,,joint_pseudo,mlp,naive,HLA-A*33:03,0.5652579065992451,-0.03575827157916711,0.4090909090909091,66
by_peptide,,joint_pseudo,mlp,naive,HLA-A*43:01,0.23857061838744975,0.19868687254265754,0.6176470588235294,68
by_peptide,,joint_pseudo,mlp,naive,HLA-A*66:01,0.1325170564759794,0.22963398308681884,0.5,82
by_peptide,,joint_pseudo,mlp,naive,HLA-A*68:01,0.4456328912986962,-0.031448967779278414,0.3194444444444444,72
by_peptide,,joint_pseudo,mlp,naive,HLA-A*68:23,0.34601703412913676,0.01643198906356801,0.5394736842105263,76
by_peptide,,joint_pseudo,mlp,naive,HLA-A*74:01,0.6406548318585377,0.16419413919413917,0.453125,64
by_peptide,,joint_pseudo,mlp,naive,HLA-A*80:01,0.16906505875312638,-0.07065727699530515,0.49295774647887325,71
by_peptide,,joint_pseudo,mlp,naive,HLA-B*07:02,0.590135008139968,0.04952676087889932,0.708029197080292,137
by_peptide,,joint_pseudo,mlp,naive,HLA-B*08:01,0.2875536427736512,-0.12985033391446835,0.6481481481481481,108
by_peptide,,joint_pseudo,mlp,naive,HLA-B*08:03,0.3621705310609,-0.03777604064881766,0.5529411764705883,85
by_peptide,,joint_pseudo,mlp,naive,HLA-B*14:01(C67S),0.1587024086539377,-0.011846856256154694,0.7741935483870968,93
by_peptide,,joint_pseudo,mlp,naive,HLA-B*14:02(C67S),0.278230261210468,-0.08677527724596322,0.6808510638297872,94
by_peptide,,joint_pseudo,mlp,naive,HLA-B*15:01,0.3934347259434054,-0.04790771175726929,0.72,225
by_peptide,,joint_pseudo,mlp,naive,HLA-B*15:02,0.15556059195819852,0.0028958383388763133,0.46153846153846156,78
by_peptide,,joint_pseudo,mlp,naive,HLA-B*15:10,0.16749431358009279,0.15203783558213937,0.4230769230769231,78
by_peptide,,joint_pseudo,mlp,naive,HLA-B*15:17,0.43288676656172415,-0.02221399481673455,0.589041095890411,73
by_peptide,,joint_pseudo,mlp,naive,HLA-B*18:01,0.4048845808887685,0.034575429087624204,0.5185185185185185,81
by_peptide,,joint_pseudo,mlp,naive,HLA-B*27:02,0.5145295028333308,-0.16686261107313738,0.39473684210526316,76
by_peptide,,joint_pseudo,mlp,naive,HLA-B*27:03,0.542006762652985,0.029988893002591627,0.44594594594594594,74
by_peptide,,joint_pseudo,mlp,naive,HLA-B*27:05,0.38220572946134396,0.2537810682178741,0.45901639344262296,61
by_peptide,,joint_pseudo,mlp,naive,HLA-B*27:20,0.5639407309877912,0.17555226459336049,0.5342465753424658,73
by_peptide,,joint_pseudo,mlp,naive,HLA-B*35:01,0.4476082374181124,-0.07214304417760821,0.5373134328358209,134
by_peptide,,joint_pseudo,mlp,naive,HLA-B*35:03,0.5709269771908199,-0.18166044481833954,0.6753246753246753,77
by_peptide,,joint_pseudo,mlp,naive,HLA-B*39:01,0.1697769131644022,-0.16461511149954253,0.5384615384615384,130
by_peptide,,joint_pseudo,mlp,naive,HLA-B*39:02,0.28889383896124643,-0.025805117488925895,0.5487804878048781,82
by_peptide,,joint_pseudo,mlp,naive,HLA-B*39:06(C67S),0.3044815031140884,0.014587968599135215,0.8433734939759037,83
by_peptide,,joint_pseudo,mlp,naive,HLA-B*39:10,0.4069458167317777,-0.05234006499829285,0.5128205128205128,78
by_peptide,,joint_pseudo,mlp,naive,HLA-B*40:01,0.34744680180463405,-0.18323991797676006,0.868421052631579,76
by_peptide,,joint_pseudo,mlp,naive,HLA-B*41:01,0.45315278518762325,-0.08041923792731903,0.5487804878048781,82
by_peptide,,joint_pseudo,mlp,naive,HLA-B*42:01,0.6553685522377345,0.040710868079289135,0.6578947368421053,76
by_peptide,,joint_pseudo,mlp,naive,HLA-B*42:02,0.6241641908348972,-0.11105160662122687,0.5316455696202531,79
by_peptide,,joint_pseudo,mlp,naive,HLA-B*44:05,0.1888327558708196,-0.05525632262474368,0.5921052631578947,76
by_peptide,,joint_pseudo,mlp,naive,HLA-B*45:01,0.40120744570145667,0.03904901174583707,0.5348837209302325,86
by_peptide,,joint_pseudo,mlp,naive,HLA-B*46:01,0.128455254360507,0.1332017967339742,0.4457831325301205,83
by_peptide,,joint_pseudo,mlp,naive,HLA-B*51:01,0.5701074825390798,0.05244970998395657,0.4520547945205479,73
by_peptide,,joint_pseudo,mlp,naive,HLA-B*54:01,0.5030055894183296,0.0027341079972658913,0.4025974025974026,77
by_peptide,,joint_pseudo,mlp,naive,HLA-B*55:01,0.5835541794565647,0.04907750477370731,0.5,78
by_peptide,,joint_pseudo,mlp,naive,HLA-B*56:01,0.5596640149750384,0.2984278879015721,0.3815789473684211,76
by_peptide,,joint_pseudo,mlp,naive,HLA-B*57:01,0.45986085226676005,-0.04852027767628791,0.5362318840579711,69
by_peptide,,joint_pseudo,mlp,naive,HLA-B*57:02,0.4544142848676811,-0.19387630128597672,0.5857142857142857,70
by_peptide,,joint_pseudo,mlp,naive,HLA-B*57:03,0.5879950186356743,0.10248247475721914,0.8472222222222222,72
by_peptide,,joint_pseudo,mlp,naive,HLA-B*58:01,0.2893673712393927,0.11300142247510668,0.4,75
by_peptide,,joint_pseudo,mlp,naive,HLA-B*81:01,0.3562867330049676,-0.03229914846353202,0.6216216216216216,74
by_peptide,,joint_pseudo,mlp,tobit,HLA-A*01:01,0.23296667733559828,-0.10356057316543639,0.4791666666666667,48
by_peptide,,joint_pseudo,mlp,tobit,HLA-A*02:01,0.4743028492980167,0.08625909719286622,0.639269406392694,219
by_peptide,,joint_pseudo,mlp,tobit,HLA-A*02:03,0.4336542807849516,0.10613437195715678,0.6329113924050633,79
by_peptide,,joint_pseudo,mlp,tobit,HLA-A*02:10,0.25271540774174667,0.06657183499288763,0.4666666666666667,75
by_peptide,,joint_pseudo,mlp,tobit,HLA-A*02:11,0.23561060321550228,-0.07049659201557935,0.7088607594936709,79
by_peptide,,joint_pseudo,mlp,tobit,HLA-A*02:12,0.4634366018539689,-0.20529470529470528,0.7272727272727273,77
by_peptide,,joint_pseudo,mlp,tobit,HLA-A*02:16,0.4407751201552864,-0.05752142594247857,0.7402597402597403,77
by_peptide,,joint_pseudo,mlp,tobit,HLA-A*02:19,0.44814971046829655,-0.2035542391706775,0.7297297297297297,74
by_peptide,,joint_pseudo,mlp,tobit,HLA-A*02:50,0.3530215182543325,0.04500562728410829,0.7051282051282052,78
by_peptide,,joint_pseudo,mlp,tobit,HLA-A*03:01,0.6170216912385594,0.05437945709684841,0.5962732919254659,161
by_peptide,,joint_pseudo,mlp,tobit,HLA-A*11:01,0.5696541163102431,-0.12519578628336847,0.6470588235294118,102
by_peptide,,joint_pseudo,mlp,tobit,HLA-A*23:01,0.45141969618356503,0.041248606465997775,0.6263736263736264,91
by_peptide,,joint_pseudo,mlp,tobit,HLA-A*24:02,0.5080413957255437,0.10493323331824295,0.6147540983606558,122
by_peptide,,joint_pseudo,mlp,tobit,HLA-A*24:03,0.4357364473682141,0.05477261369315343,0.5862068965517241,116
by_peptide,,joint_pseudo,mlp,tobit,HLA-A*24:07,0.439340729035188,0.022513191323040842,0.6823529411764706,85
by_peptide,,joint_pseudo,mlp,tobit,HLA-A*24:19,0.12482046896705344,-0.039530132788559755,0.6741573033707865,89
by_peptide,,joint_pseudo,mlp,tobit,HLA-A*25:01,0.3871100981234853,-0.24697197539302804,0.5657894736842105,76
by_peptide,,joint_pseudo,mlp,tobit,HLA-A*26:01,0.33497455978780616,-0.032330827067669175,0.5714285714285714,56
by_peptide,,joint_pseudo,mlp,tobit,HLA-A*26:02,0.30494646276428267,0.2406585632516561,0.5972222222222222,72
by_peptide,,joint_pseudo,mlp,tobit,HLA-A*26:03,0.43186083922890495,0.05228632066370828,0.5,72
by_peptide,,joint_pseudo,mlp,tobit,HLA-A*29:02,0.3291192994990742,-0.027887901572112097,0.5921052631578947,76
by_peptide,,joint_pseudo,mlp,tobit,HLA-A*30:01,0.5296011499780163,-0.17877237851662406,0.5797101449275363,69
by_peptide,,joint_pseudo,mlp,tobit,HLA-A*30:02,0.29296313857995787,-0.14959758551307845,0.647887323943662,71
by_peptide,,joint_pseudo,mlp,tobit,HLA-A*31:01,0.632837964619025,0.11916354058584086,0.6268656716417911,67
by_peptide,,joint_pseudo,mlp,tobit,HLA-A*32:07,0.45818703539628436,0.01950361539964823,0.5058823529411764,85
by_peptide,,joint_pseudo,mlp,tobit,HLA-A*33:03,0.5927507429411877,0.058302891138712044,0.5454545454545454,66
by_peptide,,joint_pseudo,mlp,tobit,HLA-A*43:01,0.18847582902346713,-0.006222086498454021,0.6470588235294118,68
by_peptide,,joint_pseudo,mlp,tobit,HLA-A*66:01,0.18437641936560015,0.06111165529325977,0.6219512195121951,82
by_peptide,,joint_pseudo,mlp,tobit,HLA-A*68:01,0.4151352149164756,-0.1256672454820246,0.3888888888888889,72
by_peptide,,joint_pseudo,mlp,tobit,HLA-A*68:23,0.3317117750606334,0.10247436773752563,0.5657894736842105,76
by_peptide,,joint_pseudo,mlp,tobit,HLA-A*74:01,0.6372336588262489,0.26098901098901095,0.578125,64
by_peptide,,joint_pseudo,mlp,tobit,HLA-A*80:01,0.19942739057887685,0.09282360831656605,0.676056338028169,71
by_peptide,,joint_pseudo,mlp,tobit,HLA-B*07:02,0.5940755133427207,0.06161442679261485,0.781021897810219,137
by_peptide,,joint_pseudo,mlp,tobit,HLA-B*08:01,0.3300869959277821,-0.00498251831528004,0.7314814814814815,108
by_peptide,,joint_pseudo,mlp,tobit,HLA-B*08:03,0.35199432045386353,-0.17580613640805162,0.6588235294117647,85
by_peptide,,joint_pseudo,mlp,tobit,HLA-B*14:01(C67S),0.14557221502488885,0.014801110083256243,0.45161290322580644,93
by_peptide,,joint_pseudo,mlp,tobit,HLA-B*14:02(C67S),0.2997878255111435,0.08574937687389372,0.35106382978723405,94
by_peptide,,joint_pseudo,mlp,tobit,HLA-B*15:01,0.38275865170020945,0.09242730720606829,0.7911111111111111,225
by_peptide,,joint_pseudo,mlp,tobit,HLA-B*15:02,0.12615352523506165,0.1441217010837264,0.6282051282051282,78
by_peptide,,joint_pseudo,mlp,tobit,HLA-B*15:10,0.14187108728463751,0.10894169122017221,0.5641025641025641,78
by_peptide,,joint_pseudo,mlp,tobit,HLA-B*15:17,0.3965503452674984,0.07438602986548193,0.6986301369863014,73
by_peptide,,joint_pseudo,mlp,tobit,HLA-B*18:01,0.31938746545829,0.006029810298102982,0.6172839506172839,81
by_peptide,,joint_pseudo,mlp,tobit,HLA-B*27:02,0.5078752657833506,-0.03125085440874914,0.5,76
by_peptide,,joint_pseudo,mlp,tobit,HLA-B*27:03,0.5386637870055568,0.05009996297667529,0.5945945945945946,74
by_peptide,,joint_pseudo,mlp,tobit,HLA-B*27:05,0.3659743849029966,0.032786885245901634,0.5573770491803278,61
by_peptide,,joint_pseudo,mlp,tobit,HLA-B*27:20,0.5535663275726634,0.13550536838208074,0.684931506849315,73
by_peptide,,joint_pseudo,mlp,tobit,HLA-B*35:01,0.40500994618662683,0.019384281599521193,0.6417910447761194,134
by_peptide,,joint_pseudo,mlp,tobit,HLA-B*35:03,0.5395793357391085,-0.04343025395656974,0.8311688311688312,77
by_peptide,,joint_pseudo,mlp,tobit,HLA-B*39:01,0.18630270381341874,0.0897868330852531,0.6230769230769231,130
by_peptide,,joint_pseudo,mlp,tobit,HLA-B*39:02,0.26349118013178674,0.040019155211632434,0.6219512195121951,82
by_peptide,,joint_pseudo,mlp,tobit,HLA-B*39:06(C67S),0.27537785917076546,-0.11183409596574452,0.3132530120481928,83
by_peptide,,joint_pseudo,mlp,tobit,HLA-B*39:10,0.4080219575531759,0.0904791411120525,0.6153846153846154,78
by_peptide,,joint_pseudo,mlp,tobit,HLA-B*40:01,0.27228948092227073,-0.11207108680792892,0.881578947368421,76
by_peptide,,joint_pseudo,mlp,tobit,HLA-B*41:01,0.48278748464614374,-0.08477269511650941,0.5365853658536586,82
by_peptide,,joint_pseudo,mlp,tobit,HLA-B*42:01,0.5656763213596434,0.3033219412166781,0.7894736842105263,76
by_peptide,,joint_pseudo,mlp,tobit,HLA-B*42:02,0.5658201561287652,-0.011781888997078873,0.6582278481012658,79
by_peptide,,joint_pseudo,mlp,tobit,HLA-B*44:05,0.21030034650928353,-0.054764183185235814,0.75,76
by_peptide,,joint_pseudo,mlp,tobit,HLA-B*45:01,0.3669104554652574,-0.06480494362941648,0.6511627906976745,86
by_peptide,,joint_pseudo,mlp,tobit,HLA-B*46:01,0.15089922984030255,-0.08687712522564123,0.5542168674698795,83
by_peptide,,joint_pseudo,mlp,tobit,HLA-B*51:01,0.5651673307414572,0.004041712945822536,0.6164383561643836,73
by_peptide,,joint_pseudo,mlp,tobit,HLA-B*54:01,0.47736821382835826,0.08089279141910721,0.6103896103896104,77
by_peptide,,joint_pseudo,mlp,tobit,HLA-B*55:01,0.5675438541779912,-0.012835265999822962,0.5769230769230769,78
by_peptide,,joint_pseudo,mlp,tobit,HLA-B*56:01,0.5788283312265281,0.03674641148325359,0.631578947368421,76
by_peptide,,joint_pseudo,mlp,tobit,HLA-B*57:01,0.39843744437779677,-0.11779320423821704,0.6231884057971014,69
by_peptide,,joint_pseudo,mlp,tobit,HLA-B*57:02,0.34651059225285835,-0.1667920566879538,0.7428571428571429,70
by_peptide,,joint_pseudo,mlp,tobit,HLA-B*57:03,0.4592273585011699,0.1245417711749952,0.8888888888888888,72
by_peptide,,joint_pseudo,mlp,tobit,HLA-B*58:01,0.24248694314147154,0.043271692745376955,0.48,75
by_peptide,,joint_pseudo,mlp,tobit,HLA-B*81:01,0.3873878250444344,0.08265087004813032,0.6891891891891891,74
groove:A*02:01 +8,HLA-A*02:01;HLA-A*02:03;HLA-A*02:05;HLA-A*02:10;HLA-A*02:11;HLA-A*02:12;HLA-A*02:16;HLA-A*02:19;HLA-A*02:50,concat_groove,mlp,naive,HLA-A*02:01,0.1652874986105603,0.08283981108788471,0.2668621700879765,1023
groove:A*02:01 +8,HLA-A*02:01;HLA-A*02:03;HLA-A*02:05;HLA-A*02:10;HLA-A*02:11;HLA-A*02:12;HLA-A*02:16;HLA-A*02:19;HLA-A*02:50,concat_groove,mlp,naive,HLA-A*02:03,0.16866792423559307,0.07899784641903791,0.15303430079155672,379
groove:A*02:01 +8,HLA-A*02:01;HLA-A*02:03;HLA-A*02:05;HLA-A*02:10;HLA-A*02:11;HLA-A*02:12;HLA-A*02:16;HLA-A*02:19;HLA-A*02:50,concat_groove,mlp,naive,HLA-A*02:05,-0.1753816266581003,0.016883116883116882,0.2857142857142857,21
groove:A*02:01 +8,HLA-A*02:01;HLA-A*02:03;HLA-A*02:05;HLA-A*02:10;HLA-A*02:11;HLA-A*02:12;HLA-A*02:16;HLA-A*02:19;HLA-A*02:50,concat_groove,mlp,naive,HLA-A*02:10,0.20102409653183387,0.1310894616923149,0.45135135135135135,370
groove:A*02:01 +8,HLA-A*02:01;HLA-A*02:03;HLA-A*02:05;HLA-A*02:10;HLA-A*02:11;HLA-A*02:12;HLA-A*02:16;HLA-A*02:19;HLA-A*02:50,concat_groove,mlp,naive,HLA-A*02:11,-0.008708467062055691,0.12882999054364142,0.06860158311345646,379
groove:A*02:01 +8,HLA-A*02:01;HLA-A*02:03;HLA-A*02:05;HLA-A*02:10;HLA-A*02:11;HLA-A*02:12;HLA-A*02:16;HLA-A*02:19;HLA-A*02:50,concat_groove,mlp,naive,HLA-A*02:12,-0.014624810667777528,0.1759443694486993,0.17473118279569894,372
groove:A*02:01 +8,HLA-A*02:01;HLA-A*02:03;HLA-A*02:05;HLA-A*02:10;HLA-A*02:11;HLA-A*02:12;HLA-A*02:16;HLA-A*02:19;HLA-A*02:50,concat_groove,mlp,naive,HLA-A*02:16,-0.0023085334240399245,0.018024484329280048,0.1260053619302949,373
groove:A*02:01 +8,HLA-A*02:01;HLA-A*02:03;HLA-A*02:05;HLA-A*02:10;HLA-A*02:11;HLA-A*02:12;HLA-A*02:16;HLA-A*02:19;HLA-A*02:50,concat_groove,mlp,naive,HLA-A*02:19,-0.04717237212628504,0.1945211964155413,0.192090395480226,354
groove:A*02:01 +8,HLA-A*02:01;HLA-A*02:03;HLA-A*02:05;HLA-A*02:10;HLA-A*02:11;HLA-A*02:12;HLA-A*02:16;HLA-A*02:19;HLA-A*02:50,concat_groove,mlp,naive,HLA-A*02:50,0.08414388547894508,0.004912959381044487,0.208,375
groove:A*02:01 +8,HLA-A*02:01;HLA-A*02:03;HLA-A*02:05;HLA-A*02:10;HLA-A*02:11;HLA-A*02:12;HLA-A*02:16;HLA-A*02:19;HLA-A*02:50,concat_groove,mlp,tobit,HLA-A*02:01,0.18752328247850558,0.08459771461531056,0.3567937438905181,1023
groove:A*02:01 +8,HLA-A*02:01;HLA-A*02:03;HLA-A*02:05;HLA-A*02:10;HLA-A*02:11;HLA-A*02:12;HLA-A*02:16;HLA-A*02:19;HLA-A*02:50,concat_groove,mlp,tobit,HLA-A*02:03,0.18067066871906362,0.033762286102238886,0.2638522427440633,379
groove:A*02:01 +8,HLA-A*02:01;HLA-A*02:03;HLA-A*02:05;HLA-A*02:10;HLA-A*02:11;HLA-A*02:12;HLA-A*02:16;HLA-A*02:19;HLA-A*02:50,concat_groove,mlp,tobit,HLA-A*02:05,-0.15069828660992324,-0.06363636363636363,0.42857142857142855,21
groove:A*02:01 +8,HLA-A*02:01;HLA-A*02:03;HLA-A*02:05;HLA-A*02:10;HLA-A*02:11;HLA-A*02:12;HLA-A*02:16;HLA-A*02:19;HLA-A*02:50,concat_groove,mlp,tobit,HLA-A*02:10,0.19164745751977458,0.05109756393695648,0.5756756756756757,370
groove:A*02:01 +8,HLA-A*02:01;HLA-A*02:03;HLA-A*02:05;HLA-A*02:10;HLA-A*02:11;HLA-A*02:12;HLA-A*02:16;HLA-A*02:19;HLA-A*02:50,concat_groove,mlp,tobit,HLA-A*02:11,0.019767973344745084,0.18592699867522808,0.12137203166226913,379
groove:A*02:01 +8,HLA-A*02:01;HLA-A*02:03;HLA-A*02:05;HLA-A*02:10;HLA-A*02:11;HLA-A*02:12;HLA-A*02:16;HLA-A*02:19;HLA-A*02:50,concat_groove,mlp,tobit,HLA-A*02:12,-0.015260748016875696,0.10302962348768832,0.3225806451612903,372
groove:A*02:01 +8,HLA-A*02:01;HLA-A*02:03;HLA-A*02:05;HLA-A*02:10;HLA-A*02:11;HLA-A*02:12;HLA-A*02:16;HLA-A*02:19;HLA-A*02:50,concat_groove,mlp,tobit,HLA-A*02:16,0.025178808455348,-0.025539927511734135,0.2225201072386059,373
groove:A*02:01 +8,HLA-A*02:01;HLA-A*02:03;HLA-A*02:05;HLA-A*02:10;HLA-A*02:11;HLA-A*02:12;HLA-A*02:16;HLA-A*02:19;HLA-A*02:50,concat_groove,mlp,tobit,HLA-A*02:19,-0.018621733989622913,0.1195123881040118,0.288135593220339,354
groove:A*02:01 +8,HLA-A*02:01;HLA-A*02:03;HLA-A*02:05;HLA-A*02:10;HLA-A*02:11;HLA-A*02:12;HLA-A*02:16;HLA-A*02:19;HLA-A*02:50,concat_groove,mlp,tobit,HLA-A*02:50,0.10202215134855197,0.003091136648082831,0.5226666666666666,375
groove:A*02:01 +8,HLA-A*02:01;HLA-A*02:03;HLA-A*02:05;HLA-A*02:10;HLA-A*02:11;HLA-A*02:12;HLA-A*02:16;HLA-A*02:19;HLA-A*02:50,joint_groove,mlp,naive,HLA-A*02:01,0.029654950049418483,0.041199716482975705,0.2434017595307918,1023
groove:A*02:01 +8,HLA-A*02:01;HLA-A*02:03;HLA-A*02:05;HLA-A*02:10;HLA-A*02:11;HLA-A*02:12;HLA-A*02:16;HLA-A*02:19;HLA-A*02:50,joint_groove,mlp,naive,HLA-A*02:03,0.1688194851736305,0.2837615146044531,0.15303430079155672,379
groove:A*02:01 +8,HLA-A*02:01;HLA-A*02:03;HLA-A*02:05;HLA-A*02:10;HLA-A*02:11;HLA-A*02:12;HLA-A*02:16;HLA-A*02:19;HLA-A*02:50,joint_groove,mlp,naive,HLA-A*02:05,-0.01104254686365817,0.04935064935064935,0.14285714285714285,21
groove:A*02:01 +8,HLA-A*02:01;HLA-A*02:03;HLA-A*02:05;HLA-A*02:10;HLA-A*02:11;HLA-A*02:12;HLA-A*02:16;HLA-A*02:19;HLA-A*02:50,joint_groove,mlp,naive,HLA-A*02:10,0.1390997676446991,-0.014139956799873963,0.372972972972973,370
groove:A*02:01 +8,HLA-A*02:01;HLA-A*02:03;HLA-A*02:05;HLA-A*02:10;HLA-A*02:11;HLA-A*02:12;HLA-A*02:16;HLA-A*02:19;HLA-A*02:50,joint_groove,mlp,naive,HLA-A*02:11,0.021606172778514194,0.03361459938324263,0.11081794195250659,379
groove:A*02:01 +8,HLA-A*02:01;HLA-A*02:03;HLA-A*02:05;HLA-A*02:10;HLA-A*02:11;HLA-A*02:12;HLA-A*02:16;HLA-A*02:19;HLA-A*02:50,joint_groove,mlp,naive,HLA-A*02:12,0.004021814191831419,0.1482085833310217,0.20967741935483872,372
groove:A*02:01 +8,HLA-A*02:01;HLA-A*02:03;HLA-A*02:05;HLA-A*02:10;HLA-A*02:11;HLA-A*02:12;HLA-A*02:16;HLA-A*02:19;HLA-A*02:50,joint_groove,mlp,naive,HLA-A*02:16,-0.022892821561293436,0.15501315508946337,0.17158176943699732,373
groove:A*02:01 +8,HLA-A*02:01;HLA-A*02:03;HLA-A*02:05;HLA-A*02:10;HLA-A*02:11;HLA-A*02:12;HLA-A*02:16;HLA-A*02:19;HLA-A*02:50,joint_groove,mlp,naive,HLA-A*02:19,-0.0908647175912955,0.09675536292610419,0.24293785310734464,354
groove:A*02:01 +8,HLA-A*02:01;HLA-A*02:03;HLA-A*02:05;HLA-A*02:10;HLA-A*02:11;HLA-A*02:12;HLA-A*02:16;HLA-A*02:19;HLA-A*02:50,joint_groove,mlp,naive,HLA-A*02:50,-0.021688630592449666,-0.049166458072590735,0.10666666666666667,375
groove:A*02:01 +8,HLA-A*02:01;HLA-A*02:03;HLA-A*02:05;HLA-A*02:10;HLA-A*02:11;HLA-A*02:12;HLA-A*02:16;HLA-A*02:19;HLA-A*02:50,joint_groove,mlp,tobit,HLA-A*02:01,0.012532417573036752,0.02014738034143276,0.2570869990224829,1023
groove:A*02:01 +8,HLA-A*02:01;HLA-A*02:03;HLA-A*02:05;HLA-A*02:10;HLA-A*02:11;HLA-A*02:12;HLA-A*02:16;HLA-A*02:19;HLA-A*02:50,joint_groove,mlp,tobit,HLA-A*02:03,0.14709192954885775,0.24199593090024976,0.1503957783641161,379
groove:A*02:01 +8,HLA-A*02:01;HLA-A*02:03;HLA-A*02:05;HLA-A*02:10;HLA-A*02:11;HLA-A*02:12;HLA-A*02:16;HLA-A*02:19;HLA-A*02:50,joint_groove,mlp,tobit,HLA-A*02:05,-0.08834037490926536,-0.4077922077922078,0.047619047619047616,21
groove:A*02:01 +8,HLA-A*02:01;HLA-A*02:03;HLA-A*02:05;HLA-A*02:10;HLA-A*02:11;HLA-A*02:12;HLA-A*02:16;HLA-A*02:19;HLA-A*02:50,joint_groove,mlp,tobit,HLA-A*02:10,0.11204923648948735,-0.04884859877956979,0.4648648648648649,370
groove:A*02:01 +8,HLA-A*02:01;HLA-A*02:03;HLA-A*02:05;HLA-A*02:10;HLA-A*02:11;HLA-A*02:12;HLA-A*02:16;HLA-A*02:19;HLA-A*02:50,joint_groove,mlp,tobit,HLA-A*02:11,-0.004673862884543281,0.010562465971436947,0.14511873350923482,379
groove:A*02:01 +8,HLA-A*02:01;HLA-A*02:03;HLA-A*02:05;HLA-A*02:10;HLA-A*02:11;HLA-A*02:12;HLA-A*02:16;HLA-A*02:19;HLA-A*02:50,joint_groove,mlp,tobit,HLA-A*02:12,-0.01930051205323811,0.004936276668330275,0.2661290322580645,372
groove:A*02:01 +8,HLA-A*02:01;HLA-A*02:03;HLA-A*02:05;HLA-A*02:10;HLA-A*02:11;HLA-A*02:12;HLA-A*02:16;HLA-A*02:19;HLA-A*02:50,joint_groove,mlp,tobit,HLA-A*02:16,-0.019741510408723663,0.035461163465803004,0.2064343163538874,373
groove:A*02:01 +8,HLA-A*02:01;HLA-A*02:03;HLA-A*02:05;HLA-A*02:10;HLA-A*02:11;HLA-A*02:12;HLA-A*02:16;HLA-A*02:19;HLA-A*02:50,joint_groove,mlp,tobit,HLA-A*02:19,-0.10219052908590662,-0.021524470199504032,0.3361581920903955,354
groove:A*02:01 +8,HLA-A*02:01;HLA-A*02:03;HLA-A*02:05;HLA-A*02:10;HLA-A*02:11;HLA-A*02:12;HLA-A*02:16;HLA-A*02:19;HLA-A*02:50,joint_groove,mlp,tobit,HLA-A*02:50,-0.0036482239640619977,-0.06145636591193538,0.14666666666666667,375
groove:A*02:01 +8,HLA-A*02:01;HLA-A*02:03;HLA-A*02:05;HLA-A*02:10;HLA-A*02:11;HLA-A*02:12;HLA-A*02:16;HLA-A*02:19;HLA-A*02:50,concat_pseudo,mlp,naive,HLA-A*02:01,0.10836825322908283,-0.012571338812259325,0.3734115347018573,1023
groove:A*02:01 +8,HLA-A*02:01;HLA-A*02:03;HLA-A*02:05;HLA-A*02:10;HLA-A*02:11;HLA-A*02:12;HLA-A*02:16;HLA-A*02:19;HLA-A*02:50,concat_pseudo,mlp,naive,HLA-A*02:03,0.26652514528032006,-0.06910834694475855,0.20580474934036938,379
groove:A*02:01 +8,HLA-A*02:01;HLA-A*02:03;HLA-A*02:05;HLA-A*02:10;HLA-A*02:11;HLA-A*02:12;HLA-A*02:16;HLA-A*02:19;HLA-A*02:50,concat_pseudo,mlp,naive,HLA-A*02:05,-0.13640793184518912,-0.062337662337662345,0.3333333333333333,21
groove:A*02:01 +8,HLA-A*02:01;HLA-A*02:03;HLA-A*02:05;HLA-A*02:10;HLA-A*02:11;HLA-A*02:12;HLA-A*02:16;HLA-A*02:19;HLA-A*02:50,concat_pseudo,mlp,naive,HLA-A*02:10,0.28571328864609813,0.04695475832153236,0.5108108108108108,370
groove:A*02:01 +8,HLA-A*02:01;HLA-A*02:03;HLA-A*02:05;HLA-A*02:10;HLA-A*02:11;HLA-A*02:12;HLA-A*02:16;HLA-A*02:19;HLA-A*02:50,concat_pseudo,mlp,naive,HLA-A*02:11,-0.03360560979457587,-0.0031512378130903332,0.32981530343007914,379
groove:A*02:01 +8,HLA-A*02:01;HLA-A*02:03;HLA-A*02:05;HLA-A*02:10;HLA-A*02:11;HLA-A*02:12;HLA-A*02:16;HLA-A*02:19;HLA-A*02:50,concat_pseudo,mlp,naive,HLA-A*02:12,0.15955884885696545,-0.027412233415767786,0.3118279569892473,372
groove:A*02:01 +8,HLA-A*02:01;HLA-A*02:03;HLA-A*02:05;HLA-A*02:10;HLA-A*02:11;HLA-A*02:12;HLA-A*02:16;HLA-A*02:19;HLA-A*02:50,concat_pseudo,mlp,naive,HLA-A*02:16,0.09315740572383646,0.032172737955890096,0.2359249329758713,373
groove:A*02:01 +8,HLA-A*02:01;HLA-A*02:03;HLA-A*02:05;HLA-A*02:10;HLA-A*02:11;HLA-A*02:12;HLA-A*02:16;HLA-A*02:19;HLA-A*02:50,concat_pseudo,mlp,naive,HLA-A*02:19,0.2211171633800715,0.01258212440799185,0.1807909604519774,354
groove:A*02:01 +8,HLA-A*02:01;HLA-A*02:03;HLA-A*02:05;HLA-A*02:10;HLA-A*02:11;HLA-A*02:12;HLA-A*02:16;HLA-A*02:19;HLA-A*02:50,concat_pseudo,mlp,naive,HLA-A*02:50,0.17825015430933613,-0.11063283650017067,0.256,375
groove:A*02:01 +8,HLA-A*02:01;HLA-A*02:03;HLA-A*02:05;HLA-A*02:10;HLA-A*02:11;HLA-A*02:12;HLA-A*02:16;HLA-A*02:19;HLA-A*02:50,concat_pseudo,mlp,tobit,HLA-A*02:01,0.06950048454256078,-0.08684023647999149,0.436950146627566,1023
groove:A*02:01 +8,HLA-A*02:01;HLA-A*02:03;HLA-A*02:05;HLA-A*02:10;HLA-A*02:11;HLA-A*02:12;HLA-A*02:16;HLA-A*02:19;HLA-A*02:50,concat_pseudo,mlp,tobit,HLA-A*02:03,0.2879332655607783,0.0548380626147603,0.22955145118733508,379
groove:A*02:01 +8,HLA-A*02:01;HLA-A*02:03;HLA-A*02:05;HLA-A*02:10;HLA-A*02:11;HLA-A*02:12;HLA-A*02:16;HLA-A*02:19;HLA-A*02:50,concat_pseudo,mlp,tobit,HLA-A*02:05,-0.1903215430030496,0.5298701298701299,0.3333333333333333,21
groove:A*02:01 +8,HLA-A*02:01;HLA-A*02:03;HLA-A*02:05;HLA-A*02:10;HLA-A*02:11;HLA-A*02:12;HLA-A*02:16;HLA-A*02:19;HLA-A*02:50,concat_pseudo,mlp,tobit,HLA-A*02:10,0.2272521425185545,-0.002393123515995122,0.6081081081081081,370
groove:A*02:01 +8,HLA-A*02:01;HLA-A*02:03;HLA-A*02:05;HLA-A*02:10;HLA-A*02:11;HLA-A*02:12;HLA-A*02:16;HLA-A*02:19;HLA-A*02:50,concat_pseudo,mlp,tobit,HLA-A*02:11,-0.02393318468912501,0.08361757516041643,0.49076517150395776,379
groove:A*02:01 +8,HLA-A*02:01;HLA-A*02:03;HLA-A*02:05;HLA-A*02:10;HLA-A*02:11;HLA-A*02:12;HLA-A*02:16;HLA-A*02:19;HLA-A*02:50,concat_pseudo,mlp,tobit,HLA-A*02:12,0.15920299901701004,0.019581465465294663,0.44086021505376344,372
groove:A*02:01 +8,HLA-A*02:01;HLA-A*02:03;HLA-A*02:05;HLA-A*02:10;HLA-A*02:11;HLA-A*02:12;HLA-A*02:16;HLA-A*02:19;HLA-A*02:50,concat_pseudo,mlp,tobit,HLA-A*02:16,0.06566451392937522,-0.10773252875088851,0.2734584450402145,373
groove:A*02:01 +8,HLA-A*02:01;HLA-A*02:03;HLA-A*02:05;HLA-A*02:10;HLA-A*02:11;HLA-A*02:12;HLA-A*02:16;HLA-A*02:19;HLA-A*02:50,concat_pseudo,mlp,tobit,HLA-A*02:19,0.1970764785575757,0.014487559147558324,0.268361581920904,354
groove:A*02:01 +8,HLA-A*02:01;HLA-A*02:03;HLA-A*02:05;HLA-A*02:10;HLA-A*02:11;HLA-A*02:12;HLA-A*02:16;HLA-A*02:19;HLA-A*02:50,concat_pseudo,mlp,tobit,HLA-A*02:50,0.18327799701039257,0.07285015360109227,0.32,375
groove:A*02:01 +8,HLA-A*02:01;HLA-A*02:03;HLA-A*02:05;HLA-A*02:10;HLA-A*02:11;HLA-A*02:12;HLA-A*02:16;HLA-A*02:19;HLA-A*02:50,joint_pseudo,mlp,naive,HLA-A*02:01,0.08269513809049377,-0.042154360394631885,0.2130987292277615,1023
groove:A*02:01 +8,HLA-A*02:01;HLA-A*02:03;HLA-A*02:05;HLA-A*02:10;HLA-A*02:11;HLA-A*02:12;HLA-A*02:16;HLA-A*02:19;HLA-A*02:50,joint_pseudo,mlp,naive,HLA-A*02:03,0.23176169559227686,-0.04454870685949703,0.17150395778364116,379
groove:A*02:01 +8,HLA-A*02:01;HLA-A*02:03;HLA-A*02:05;HLA-A*02:10;HLA-A*02:11;HLA-A*02:12;HLA-A*02:16;HLA-A*02:19;HLA-A*02:50,joint_pseudo,mlp,naive,HLA-A*02:05,-0.22020137569294818,0.16883116883116883,0.19047619047619047,21
groove:A*02:01 +8,HLA-A*02:01;HLA-A*02:03;HLA-A*02:05;HLA-A*02:10;HLA-A*02:11;HLA-A*02:12;HLA-A*02:16;HLA-A*02:19;HLA-A*02:50,joint_pseudo,mlp,naive,HLA-A*02:10,0.10251985531027853,-0.0031372507212359953,0.2756756756756757,370
groove:A*02:01 +8,HLA-A*02:01;HLA-A*02:03;HLA-A*02:05;HLA-A*02:10;HLA-A*02:11;HLA-A*02:12;HLA-A*02:16;HLA-A*02:19;HLA-A*02:50,joint_pseudo,mlp,naive,HLA-A*02:11,0.046894365492507736,-0.02774614636855992,0.0870712401055409,379
groove:A*02:01 +8,HLA-A*02:01;HLA-A*02:03;HLA-A*02:05;HLA-A*02:10;HLA-A*02:11;HLA-A*02:12;HLA-A*02:16;HLA-A*02:19;HLA-A*02:50,joint_pseudo,mlp,naive,HLA-A*02:12,0.011495593290351125,-0.008112128261139665,0.07258064516129033,372
groove:A*02:01 +8,HLA-A*02:01;HLA-A*02:03;HLA-A*02:05;HLA-A*02:10;HLA-A*02:11;HLA-A*02:12;HLA-A*02:16;HLA-A*02:19;HLA-A*02:50,joint_pseudo,mlp,naive,HLA-A*02:16,0.06747413311296978,-0.03098510323126365,0.07506702412868632,373
groove:A*02:01 +8,HLA-A*02:01;HLA-A*02:03;HLA-A*02:05;HLA-A*02:10;HLA-A*02:11;HLA-A*02:12;HLA-A*02:16;HLA-A*02:19;HLA-A*02:50,joint_pseudo,mlp,naive,HLA-A*02:19,-0.0009292876418920389,0.07323010420519951,0.1327683615819209,354
groove:A*02:01 +8,HLA-A*02:01;HLA-A*02:03;HLA-A*02:05;HLA-A*02:10;HLA-A*02:11;HLA-A*02:12;HLA-A*02:16;HLA-A*02:19;HLA-A*02:50,joint_pseudo,mlp,naive,HLA-A*02:50,0.08294666087270548,-0.00015246330640573442,0.10933333333333334,375
groove:A*02:01 +8,HLA-A*02:01;HLA-A*02:03;HLA-A*02:05;HLA-A*02:10;HLA-A*02:11;HLA-A*02:12;HLA-A*02:16;HLA-A*02:19;HLA-A*02:50,joint_pseudo,mlp,tobit,HLA-A*02:01,0.0727079956144105,-0.10515600520226569,0.22482893450635386,1023
groove:A*02:01 +8,HLA-A*02:01;HLA-A*02:03;HLA-A*02:05;HLA-A*02:10;HLA-A*02:11;HLA-A*02:12;HLA-A*02:16;HLA-A*02:19;HLA-A*02:50,joint_pseudo,mlp,tobit,HLA-A*02:03,0.19621553010713996,-0.00988641348313616,0.22163588390501318,379
groove:A*02:01 +8,HLA-A*02:01;HLA-A*02:03;HLA-A*02:05;HLA-A*02:10;HLA-A*02:11;HLA-A*02:12;HLA-A*02:16;HLA-A*02:19;HLA-A*02:50,joint_pseudo,mlp,tobit,HLA-A*02:05,-0.15004872502970804,0.5103896103896104,0.23809523809523808,21
groove:A*02:01 +8,HLA-A*02:01;HLA-A*02:03;HLA-A*02:05;HLA-A*02:10;HLA-A*02:11;HLA-A*02:12;HLA-A*02:16;HLA-A*02:19;HLA-A*02:50,joint_pseudo,mlp,tobit,HLA-A*02:10,0.09860188245175801,-0.151980696757503,0.2864864864864865,370
groove:A*02:01 +8,HLA-A*02:01;HLA-A*02:03;HLA-A*02:05;HLA-A*02:10;HLA-A*02:11;HLA-A*02:12;HLA-A*02:16;HLA-A*02:19;HLA-A*02:50,joint_pseudo,mlp,tobit,HLA-A*02:11,0.045720884897032285,-0.23385001642188144,0.1503957783641161,379
groove:A*02:01 +8,HLA-A*02:01;HLA-A*02:03;HLA-A*02:05;HLA-A*02:10;HLA-A*02:11;HLA-A*02:12;HLA-A*02:16;HLA-A*02:19;HLA-A*02:50,joint_pseudo,mlp,tobit,HLA-A*02:12,0.0143509007025318,-0.09837190984441731,0.11021505376344086,372
groove:A*02:01 +8,HLA-A*02:01;HLA-A*02:03;HLA-A*02:05;HLA-A*02:10;HLA-A*02:11;HLA-A*02:12;HLA-A*02:16;HLA-A*02:19;HLA-A*02:50,joint_pseudo,mlp,tobit,HLA-A*02:16,0.03881518103695776,-0.14823050288098538,0.09651474530831099,373
groove:A*02:01 +8,HLA-A*02:01;HLA-A*02:03;HLA-A*02:05;HLA-A*02:10;HLA-A*02:11;HLA-A*02:12;HLA-A*02:16;HLA-A*02:19;HLA-A*02:50,joint_pseudo,mlp,tobit,HLA-A*02:19,-0.003456490118379515,-0.04538623685262292,0.1271186440677966,354
groove:A*02:01 +8,HLA-A*02:01;HLA-A*02:03;HLA-A*02:05;HLA-A*02:10;HLA-A*02:11;HLA-A*02:12;HLA-A*02:16;HLA-A*02:19;HLA-A*02:50,joint_pseudo,mlp,tobit,HLA-A*02:50,0.08550313706097684,-0.08347092957105473,0.144,375
groove:B*15:01 +5,HLA-B*15:01;HLA-B*15:02;HLA-B*15:10;HLA-B*35:01;HLA-B*35:03;HLA-B*35:08,concat_groove,mlp,naive,HLA-B*15:01,0.1326864754997504,-0.014906942854373016,0.11775700934579439,1070
groove:B*15:01 +5,HLA-B*15:01;HLA-B*15:02;HLA-B*15:10;HLA-B*35:01;HLA-B*35:03;HLA-B*35:08,concat_groove,mlp,naive,HLA-B*15:02,-0.019843870460024435,-0.1138227447880644,0.3954154727793696,349
groove:B*15:01 +5,HLA-B*15:01;HLA-B*15:02;HLA-B*15:10;HLA-B*35:01;HLA-B*35:03;HLA-B*35:08,concat_groove,mlp,naive,HLA-B*15:10,0.28322460878346395,-0.09013914262533049,0.10743801652892562,363
groove:B*15:01 +5,HLA-B*15:01;HLA-B*15:02;HLA-B*15:10;HLA-B*35:01;HLA-B*35:03;HLA-B*35:08,concat_groove,mlp,naive,HLA-B*35:01,0.12187818068749805,0.0067171101178755644,0.4938461538461538,650
groove:B*15:01 +5,HLA-B*15:01;HLA-B*15:02;HLA-B*15:10;HLA-B*35:01;HLA-B*35:03;HLA-B*35:08,concat_groove,mlp,naive,HLA-B*35:03,0.21831338877343012,-0.0021324002483210113,0.5345744680851063,376
groove:B*15:01 +5,HLA-B*15:01;HLA-B*15:02;HLA-B*15:10;HLA-B*35:01;HLA-B*35:03;HLA-B*35:08,concat_groove,mlp,naive,HLA-B*35:08,0.3728005977610742,0.2692307692307693,0.6666666666666666,27
groove:B*15:01 +5,HLA-B*15:01;HLA-B*15:02;HLA-B*15:10;HLA-B*35:01;HLA-B*35:03;HLA-B*35:08,concat_groove,mlp,tobit,HLA-B*15:01,0.12718433735972975,0.07460487985092887,0.14485981308411214,1070
groove:B*15:01 +5,HLA-B*15:01;HLA-B*15:02;HLA-B*15:10;HLA-B*35:01;HLA-B*35:03;HLA-B*35:08,concat_groove,mlp,tobit,HLA-B*15:02,-0.025531212491667746,0.003985772156901492,0.5358166189111748,349
groove:B*15:01 +5,HLA-B*15:01;HLA-B*15:02;HLA-B*15:10;HLA-B*35:01;HLA-B*35:03;HLA-B*35:08,concat_groove,mlp,tobit,HLA-B*15:10,0.30587367266133814,-0.054252126577591174,0.30303030303030304,363
groove:B*15:01 +5,HLA-B*15:01;HLA-B*15:02;HLA-B*15:10;HLA-B*35:01;HLA-B*35:03;HLA-B*35:08,concat_groove,mlp,tobit,HLA-B*35:01,0.11588136475081158,-0.021546807484478347,0.5584615384615385,650
groove:B*15:01 +5,HLA-B*15:01;HLA-B*15:02;HLA-B*15:10;HLA-B*35:01;HLA-B*35:03;HLA-B*35:08,concat_groove,mlp,tobit,HLA-B*35:03,0.1782716973306119,-0.006562447090693605,0.5771276595744681,376
groove:B*15:01 +5,HLA-B*15:01;HLA-B*15:02;HLA-B*15:10;HLA-B*35:01;HLA-B*35:03;HLA-B*35:08,concat_groove,mlp,tobit,HLA-B*35:08,0.4046586603470657,-0.012210012210012208,0.7777777777777778,27
groove:B*15:01 +5,HLA-B*15:01;HLA-B*15:02;HLA-B*15:10;HLA-B*35:01;HLA-B*35:03;HLA-B*35:08,joint_groove,mlp,naive,HLA-B*15:01,0.040531909508598814,-0.024718208685440366,0.08411214953271028,1070
groove:B*15:01 +5,HLA-B*15:01;HLA-B*15:02;HLA-B*15:10;HLA-B*35:01;HLA-B*35:03;HLA-B*35:08,joint_groove,mlp,naive,HLA-B*15:02,-0.008056062278216505,0.04801388908492949,0.24355300859598855,349
groove:B*15:01 +5,HLA-B*15:01;HLA-B*15:02;HLA-B*15:10;HLA-B*35:01;HLA-B*35:03;HLA-B*35:08,joint_groove,mlp,naive,HLA-B*15:10,0.28866368686627486,0.12371531030496377,0.5316804407713499,363
groove:B*15:01 +5,HLA-B*15:01;HLA-B*15:02;HLA-B*15:10;HLA-B*35:01;HLA-B*35:03;HLA-B*35:08,joint_groove,mlp,naive,HLA-B*35:01,0.1558854013549212,0.08981380565852955,0.4907692307692308,650
groove:B*15:01 +5,HLA-B*15:01;HLA-B*15:02;HLA-B*15:10;HLA-B*35:01;HLA-B*35:03;HLA-B*35:08,joint_groove,mlp,naive,HLA-B*35:03,0.1219928902270418,0.07738314803318472,0.5026595744680851,376
groove:B*15:01 +5,HLA-B*15:01;HLA-B*15:02;HLA-B*15:10;HLA-B*35:01;HLA-B*35:03;HLA-B*35:08,joint_groove,mlp,naive,HLA-B*35:08,0.27446946227931185,0.03785103785103785,0.5555555555555556,27
groove:B*15:01 +5,HLA-B*15:01;HLA-B*15:02;HLA-B*15:10;HLA-B*35:01;HLA-B*35:03;HLA-B*35:08,joint_groove,mlp,tobit,HLA-B*15:01,0.09386157968341695,0.021508068707493142,0.11869158878504672,1070
groove:B*15:01 +5,HLA-B*15:01;HLA-B*15:02;HLA-B*15:10;HLA-B*35:01;HLA-B*35:03;HLA-B*35:08,joint_groove,mlp,tobit,HLA-B*15:02,0.003419986259511429,0.029289878188208388,0.33810888252148996,349
groove:B*15:01 +5,HLA-B*15:01;HLA-B*15:02;HLA-B*15:10;HLA-B*35:01;HLA-B*35:03;HLA-B*35:08,joint_groove,mlp,tobit,HLA-B*15:10,0.26497740755128174,0.02718426726462889,0.6143250688705234,363
groove:B*15:01 +5,HLA-B*15:01;HLA-B*15:02;HLA-B*15:10;HLA-B*35:01;HLA-B*35:03;HLA-B*35:08,joint_groove,mlp,tobit,HLA-B*35:01,0.1565503017843546,0.00757031923789715,0.5784615384615385,650
groove:B*15:01 +5,HLA-B*15:01;HLA-B*15:02;HLA-B*15:10;HLA-B*35:01;HLA-B*35:03;HLA-B*35:08,joint_groove,mlp,tobit,HLA-B*35:03,0.113723601923075,0.03902454991816694,0.5372340425531915,376
groove:B*15:01 +5,HLA-B*15:01;HLA-B*15:02;HLA-B*15:10;HLA-B*35:01;HLA-B*35:03;HLA-B*35:08,joint_groove,mlp,tobit,HLA-B*35:08,0.3311400543793929,0.2045177045177045,0.5555555555555556,27
groove:B*15:01 +5,HLA-B*15:01;HLA-B*15:02;HLA-B*15:10;HLA-B*35:01;HLA-B*35:03;HLA-B*35:08,concat_pseudo,mlp,naive,HLA-B*15:01,0.09798906744184835,-0.047497327703713794,0.3252336448598131,1070
groove:B*15:01 +5,HLA-B*15:01;HLA-B*15:02;HLA-B*15:10;HLA-B*35:01;HLA-B*35:03;HLA-B*35:08,concat_pseudo,mlp,naive,HLA-B*15:02,0.041381691773037264,-0.02939404632517961,0.3467048710601719,349
groove:B*15:01 +5,HLA-B*15:01;HLA-B*15:02;HLA-B*15:10;HLA-B*35:01;HLA-B*35:03;HLA-B*35:08,concat_pseudo,mlp,naive,HLA-B*15:10,0.31957542977202885,0.0010057747375678064,0.5289256198347108,363
groove:B*15:01 +5,HLA-B*15:01;HLA-B*15:02;HLA-B*15:10;HLA-B*35:01;HLA-B*35:03;HLA-B*35:08,concat_pseudo,mlp,naive,HLA-B*35:01,0.2408822735303832,-0.04069583823170639,0.556923076923077,650
groove:B*15:01 +5,HLA-B*15:01;HLA-B*15:02;HLA-B*15:10;HLA-B*35:01;HLA-B*35:03;HLA-B*35:08,concat_pseudo,mlp,naive,HLA-B*35:03,0.3485659702330865,0.04098673740053051,0.5611702127659575,376
groove:B*15:01 +5,HLA-B*15:01;HLA-B*15:02;HLA-B*15:10;HLA-B*35:01;HLA-B*35:03;HLA-B*35:08,concat_pseudo,mlp,naive,HLA-B*35:08,0.09434887765851344,-0.20757020757020758,0.6296296296296297,27
groove:B*15:01 +5,HLA-B*15:01;HLA-B*15:02;HLA-B*15:10;HLA-B*35:01;HLA-B*35:03;HLA-B*35:08,concat_pseudo,mlp,tobit,HLA-B*15:01,0.07185421252569817,-0.10641301885887287,0.502803738317757,1070
groove:B*15:01 +5,HLA-B*15:01;HLA-B*15:02;HLA-B*15:10;HLA-B*35:01;HLA-B*35:03;HLA-B*35:08,concat_pseudo,mlp,tobit,HLA-B*15:02,0.07777054432811033,-0.037031913842505676,0.5243553008595988,349
groove:B*15:01 +5,HLA-B*15:01;HLA-B*15:02;HLA-B*15:10;HLA-B*35:01;HLA-B*35:03;HLA-B*35:08,concat_pseudo,mlp,tobit,HLA-B*15:10,0.3016751435718047,0.12665084789645312,0.5041322314049587,363
groove:B*15:01 +5,HLA-B*15:01;HLA-B*15:02;HLA-B*15:10;HLA-B*35:01;HLA-B*35:03;HLA-B*35:08,concat_pseudo,mlp,tobit,HLA-B*35:01,0.19591599984396724,0.05070688742640629,0.6369230769230769,650
groove:B*15:01 +5,HLA-B*15:01;HLA-B*15:02;HLA-B*15:10;HLA-B*35:01;HLA-B*35:03;HLA-B*35:08,concat_pseudo,mlp,tobit,HLA-B*35:03,0.34221112830380646,-0.02384039731361815,0.6622340425531915,376
groove:B*15:01 +5,HLA-B*15:01;HLA-B*15:02;HLA-B*15:10;HLA-B*35:01;HLA-B*35:03;HLA-B*35:08,concat_pseudo,mlp,tobit,HLA-B*35:08,0.04257952595627717,-0.2844932844932845,0.7407407407407407,27
groove:B*15:01 +5,HLA-B*15:01;HLA-B*15:02;HLA-B*15:10;HLA-B*35:01;HLA-B*35:03;HLA-B*35:08,joint_pseudo,mlp,naive,HLA-B*15:01,0.130897350651191,0.03704822250451461,0.11588785046728972,1070
groove:B*15:01 +5,HLA-B*15:01;HLA-B*15:02;HLA-B*15:10;HLA-B*35:01;HLA-B*35:03;HLA-B*35:08,joint_pseudo,mlp,naive,HLA-B*15:02,0.08618308587148388,-0.01847332985165215,0.5358166189111748,349
groove:B*15:01 +5,HLA-B*15:01;HLA-B*15:02;HLA-B*15:10;HLA-B*35:01;HLA-B*35:03;HLA-B*35:08,joint_pseudo,mlp,naive,HLA-B*15:10,0.34455898473886803,0.037395803593694106,0.465564738292011,363
groove:B*15:01 +5,HLA-B*15:01;HLA-B*15:02;HLA-B*15:10;HLA-B*35:01;HLA-B*35:03;HLA-B*35:08,joint_pseudo,mlp,naive,HLA-B*35:01,0.2071014633945266,0.10526114787630247,0.5107692307692308,650
groove:B*15:01 +5,HLA-B*15:01;HLA-B*15:02;HLA-B*15:10;HLA-B*35:01;HLA-B*35:03;HLA-B*35:08,joint_pseudo,mlp,naive,HLA-B*35:03,0.2680491384424947,0.0891059314859755,0.5531914893617021,376
groove:B*15:01 +5,HLA-B*15:01;HLA-B*15:02;HLA-B*15:10;HLA-B*35:01;HLA-B*35:03;HLA-B*35:08,joint_pseudo,mlp,naive,HLA-B*35:08,0.06187816002279128,0.3412698412698412,0.48148148148148145,27
groove:B*15:01 +5,HLA-B*15:01;HLA-B*15:02;HLA-B*15:10;HLA-B*35:01;HLA-B*35:03;HLA-B*35:08,joint_pseudo,mlp,tobit,HLA-B*15:01,0.15132314123949703,0.11546430414834866,0.16635514018691588,1070
groove:B*15:01 +5,HLA-B*15:01;HLA-B*15:02;HLA-B*15:10;HLA-B*35:01;HLA-B*35:03;HLA-B*35:08,joint_pseudo,mlp,tobit,HLA-B*15:02,0.10858037571148227,-0.12497776899515857,0.6361031518624641,349
groove:B*15:01 +5,HLA-B*15:01;HLA-B*15:02;HLA-B*15:10;HLA-B*35:01;HLA-B*35:03;HLA-B*35:08,joint_pseudo,mlp,tobit,HLA-B*15:10,0.3488050381623581,0.043749319490153246,0.6143250688705234,363
groove:B*15:01 +5,HLA-B*15:01;HLA-B*15:02;HLA-B*15:10;HLA-B*35:01;HLA-B*35:03;HLA-B*35:08,joint_pseudo,mlp,tobit,HLA-B*35:01,0.21875858637966086,0.13541924450617726,0.6292307692307693,650
groove:B*15:01 +5,HLA-B*15:01;HLA-B*15:02;HLA-B*15:10;HLA-B*35:01;HLA-B*35:03;HLA-B*35:08,joint_pseudo,mlp,tobit,HLA-B*35:03,0.26653302698228626,0.10438309159659123,0.6835106382978723,376
groove:B*15:01 +5,HLA-B*15:01;HLA-B*15:02;HLA-B*15:10;HLA-B*35:01;HLA-B*35:03;HLA-B*35:08,joint_pseudo,mlp,tobit,HLA-B*35:08,0.20462678661002262,0.184981684981685,0.6666666666666666,27
groove:B*14:01(C67S) +5,HLA-B*14:01(C67S);HLA-B*14:02(C67S);HLA-B*39:01;HLA-B*39:02;HLA-B*39:06(C67S);HLA-B*39:10,concat_groove,mlp,naive,HLA-B*14:01(C67S),0.09566242223877366,0.010546658829264097,0.12566844919786097,374
groove:B*14:01(C67S) +5,HLA-B*14:01(C67S);HLA-B*14:02(C67S);HLA-B*39:01;HLA-B*39:02;HLA-B*39:06(C67S);HLA-B*39:10,concat_groove,mlp,naive,HLA-B*14:02(C67S),0.07073453654028394,0.0324978464400629,0.21204188481675393,382
groove:B*14:01(C67S) +5,HLA-B*14:01(C67S);HLA-B*14:02(C67S);HLA-B*39:01;HLA-B*39:02;HLA-B*39:06(C67S);HLA-B*39:10,concat_groove,mlp,naive,HLA-B*39:01,0.17035979411222038,0.007780827940422729,0.4117647058823529,680
groove:B*14:01(C67S) +5,HLA-B*14:01(C67S);HLA-B*14:02(C67S);HLA-B*39:01;HLA-B*39:02;HLA-B*39:06(C67S);HLA-B*39:10,concat_groove,mlp,naive,HLA-B*39:02,0.050387211169417426,0.013354875412447377,0.36,375
groove:B*14:01(C67S) +5,HLA-B*14:01(C67S);HLA-B*14:02(C67S);HLA-B*39:01;HLA-B*39:02;HLA-B*39:06(C67S);HLA-B*39:10,concat_groove,mlp,naive,HLA-B*39:06(C67S),0.12355145605585299,-0.22095520242999758,0.20580474934036938,379
groove:B*14:01(C67S) +5,HLA-B*14:01(C67S);HLA-B*14:02(C67S);HLA-B*39:01;HLA-B*39:02;HLA-B*39:06(C67S);HLA-B*39:10,concat_groove,mlp,naive,HLA-B*39:10,0.30174303658650586,0.0067270161973023304,0.35638297872340424,376
groove:B*14:01(C67S) +5,HLA-B*14:01(C67S);HLA-B*14:02(C67S);HLA-B*39:01;HLA-B*39:02;HLA-B*39:06(C67S);HLA-B*39:10,concat_groove,mlp,tobit,HLA-B*14:01(C67S),0.10381669765088153,-0.1616361055755473,0.3449197860962567,374
groove:B*14:01(C67S) +5,HLA-B*14:01(C67S);HLA-B*14:02(C67S);HLA-B*39:01;HLA-B*39:02;HLA-B*39:06(C67S);HLA-B*39:10,concat_groove,mlp,tobit,HLA-B*14:02(C67S),0.06405367416046882,-0.07425328275943281,0.41361256544502617,382
groove:B*14:01(C67S) +5,HLA-B*14:01(C67S);HLA-B*14:02(C67S);HLA-B*39:01;HLA-B*39:02;HLA-B*39:06(C67S);HLA-B*39:10,concat_groove,mlp,tobit,HLA-B*39:01,0.20790413224481297,-0.014967325774035489,0.5367647058823529,680
groove:B*14:01(C67S) +5,HLA-B*14:01(C67S);HLA-B*14:02(C67S);HLA-B*39:01;HLA-B*39:02;HLA-B*39:06(C67S);HLA-B*39:10,concat_groove,mlp,tobit,HLA-B*39:02,0.07428632747124524,-0.009044487427466151,0.4266666666666667,375
groove:B*14:01(C67S) +5,HLA-B*14:01(C67S);HLA-B*14:02(C67S);HLA-B*39:01;HLA-B*39:02;HLA-B*39:06(C67S);HLA-B*39:10,concat_groove,mlp,tobit,HLA-B*39:06(C67S),0.1271756076158289,-0.02577441845599046,0.683377308707124,379
groove:B*14:01(C67S) +5,HLA-B*14:01(C67S);HLA-B*14:02(C67S);HLA-B*39:01;HLA-B*39:02;HLA-B*39:06(C67S);HLA-B*39:10,concat_groove,mlp,tobit,HLA-B*39:10,0.2527572382133986,-0.0029922681866922513,0.47606382978723405,376
groove:B*14:01(C67S) +5,HLA-B*14:01(C67S);HLA-B*14:02(C67S);HLA-B*39:01;HLA-B*39:02;HLA-B*39:06(C67S);HLA-B*39:10,joint_groove,mlp,naive,HLA-B*14:01(C67S),-0.01517350411060255,0.046962595518343815,0.12566844919786097,374
groove:B*14:01(C67S) +5,HLA-B*14:01(C67S);HLA-B*14:02(C67S);HLA-B*39:01;HLA-B*39:02;HLA-B*39:06(C67S);HLA-B*39:10,joint_groove,mlp,naive,HLA-B*14:02(C67S),0.08534564657438647,0.03256372067130147,0.225130890052356,382
groove:B*14:01(C67S) +5,HLA-B*14:01(C67S);HLA-B*14:02(C67S);HLA-B*39:01;HLA-B*39:02;HLA-B*39:06(C67S);HLA-B*39:10,joint_groove,mlp,naive,HLA-B*39:01,0.04221849835258241,-0.014310444646544756,0.4602941176470588,680
groove:B*14:01(C67S) +5,HLA-B*14:01(C67S);HLA-B*14:02(C67S);HLA-B*39:01;HLA-B*39:02;HLA-B*39:06(C67S);HLA-B*39:10,joint_groove,mlp,naive,HLA-B*39:02,-0.11613574848759634,-0.030014108544771875,0.30933333333333335,375
groove:B*14:01(C67S) +5,HLA-B*14:01(C67S);HLA-B*14:02(C67S);HLA-B*39:01;HLA-B*39:02;HLA-B*39:06(C67S);HLA-B*39:10,joint_groove,mlp,naive,HLA-B*39:06(C67S),0.11206218462348033,0.10291537991857391,0.06068601583113457,379
groove:B*14:01(C67S) +5,HLA-B*14:01(C67S);HLA-B*14:02(C67S);HLA-B*39:01;HLA-B*39:02;HLA-B*39:06(C67S);HLA-B*39:10,joint_groove,mlp,naive,HLA-B*39:10,0.2471879933216986,0.0037896043794796545,0.2845744680851064,376
groove:B*14:01(C67S) +5,HLA-B*14:01(C67S);HLA-B*14:02(C67S);HLA-B*39:01;HLA-B*39:02;HLA-B*39:06(C67S);HLA-B*39:10,joint_groove,mlp,tobit,HLA-B*14:01(C67S),-0.017903580135575973,-0.058248913994064594,0.45989304812834225,374
groove:B*14:01(C67S) +5,HLA-B*14:01(C67S);HLA-B*14:02(C67S);HLA-B*39:01;HLA-B*39:02;HLA-B*39:06(C67S);HLA-B*39:10,joint_groove,mlp,tobit,HLA-B*14:02(C67S),0.04753443262371147,-0.008923482667273457,0.5732984293193717,382
groove:B*14:01(C67S) +5,HLA-B*14:01(C67S);HLA-B*14:02(C67S);HLA-B*39:01;HLA-B*39:02;HLA-B*39:06(C67S);HLA-B*39:10,joint_groove,mlp,tobit,HLA-B*39:01,0.042646673913329505,0.03365966214816005,0.5235294117647059,680
groove:B*14:01(C67S) +5,HLA-B*14:01(C67S);HLA-B*14:02(C67S);HLA-B*39:01;HLA-B*39:02;HLA-B*39:06(C67S);HLA-B*39:10,joint_groove,mlp,tobit,HLA-B*39:02,-0.12570823877364465,-0.020009557401297076,0.424,375
groove:B*14:01(C67S) +5,HLA-B*14:01(C67S);HLA-B*14:02(C67S);HLA-B*39:01;HLA-B*39:02;HLA-B*39:06(C67S);HLA-B*39:10,joint_groove,mlp,tobit,HLA-B*39:06(C67S),0.10867557814106811,-0.00440789749219134,0.27440633245382584,379
groove:B*14:01(C67S) +5,HLA-B*14:01(C67S);HLA-B*14:02(C67S);HLA-B*39:01;HLA-B*39:02;HLA-B*39:06(C67S);HLA-B*39:10,joint_groove,mlp,tobit,HLA-B*39:10,0.21090936045822387,0.12279135391387776,0.3696808510638298,376
groove:B*14:01(C67S) +5,HLA-B*14:01(C67S);HLA-B*14:02(C67S);HLA-B*39:01;HLA-B*39:02;HLA-B*39:06(C67S);HLA-B*39:10,concat_pseudo,mlp,naive,HLA-B*14:01(C67S),0.06367893340084811,-0.07667720892890424,0.6657754010695187,374
groove:B*14:01(C67S) +5,HLA-B*14:01(C67S);HLA-B*14:02(C67S);HLA-B*39:01;HLA-B*39:02;HLA-B*39:06(C67S);HLA-B*39:10,concat_pseudo,mlp,naive,HLA-B*14:02(C67S),0.0706311040565796,-0.13146849699438057,0.5575916230366492,382
groove:B*14:01(C67S) +5,HLA-B*14:01(C67S);HLA-B*14:02(C67S);HLA-B*39:01;HLA-B*39:02;HLA-B*39:06(C67S);HLA-B*39:10,concat_pseudo,mlp,naive,HLA-B*39:01,0.1940011250150429,-0.004629882290351992,0.5397058823529411,680
groove:B*14:01(C67S) +5,HLA-B*14:01(C67S);HLA-B*14:02(C67S);HLA-B*39:01;HLA-B*39:02;HLA-B*39:06(C67S);HLA-B*39:10,concat_pseudo,mlp,naive,HLA-B*39:02,0.098736674412665,-0.013438275881117092,0.408,375
groove:B*14:01(C67S) +5,HLA-B*14:01(C67S);HLA-B*14:02(C67S);HLA-B*39:01;HLA-B*39:02;HLA-B*39:06(C67S);HLA-B*39:10,concat_pseudo,mlp,naive,HLA-B*39:06(C67S),0.12578494480793118,-0.09548563581336808,0.5013192612137203,379
groove:B*14:01(C67S) +5,HLA-B*14:01(C67S);HLA-B*14:02(C67S);HLA-B*39:01;HLA-B*39:02;HLA-B*39:06(C67S);HLA-B*39:10,concat_pseudo,mlp,naive,HLA-B*39:10,0.46331641053347217,-0.03821615215305604,0.2526595744680851,376
groove:B*14:01(C67S) +5,HLA-B*14:01(C67S);HLA-B*14:02(C67S);HLA-B*39:01;HLA-B*39:02;HLA-B*39:06(C67S);HLA-B*39:10,concat_pseudo,mlp,tobit,HLA-B*14:01(C67S),0.05494772349372688,0.00207652936875457,0.13903743315508021,374
groove:B*14:01(C67S) +5,HLA-B*14:01(C67S);HLA-B*14:02(C67S);HLA-B*39:01;HLA-B*39:02;HLA-B*39:06(C67S);HLA-B*39:10,concat_pseudo,mlp,tobit,HLA-B*14:02(C67S),0.057972352803000025,-0.050482803219786036,0.11518324607329843,382
groove:B*14:01(C67S) +5,HLA-B*14:01(C67S);HLA-B*14:02(C67S);HLA-B*39:01;HLA-B*39:02;HLA-B*39:06(C67S);HLA-B*39:10,concat_pseudo,mlp,tobit,HLA-B*39:01,0.17020668215874074,0.012806987670378904,0.6161764705882353,680
groove:B*14:01(C67S) +5,HLA-B*14:01(C67S);HLA-B*14:02(C67S);HLA-B*39:01;HLA-B*39:02;HLA-B*39:06(C67S);HLA-B*39:10,concat_pseudo,mlp,tobit,HLA-B*39:02,0.08110449285332912,-0.02688542496302196,0.4533333333333333,375
groove:B*14:01(C67S) +5,HLA-B*14:01(C67S);HLA-B*14:02(C67S);HLA-B*39:01;HLA-B*39:02;HLA-B*39:06(C67S);HLA-B*39:10,concat_pseudo,mlp,tobit,HLA-B*39:06(C67S),0.13027240439508855,0.010316027535858115,0.7097625329815304,379
groove:B*14:01(C67S) +5,HLA-B*14:01(C67S);HLA-B*14:02(C67S);HLA-B*39:01;HLA-B*39:02;HLA-B*39:06(C67S);HLA-B*39:10,concat_pseudo,mlp,tobit,HLA-B*39:10,0.3916711471940436,0.03722083639031548,0.300531914893617,376
groove:B*14:01(C67S) +5,HLA-B*14:01(C67S);HLA-B*14:02(C67S);HLA-B*39:01;HLA-B*39:02;HLA-B*39:06(C67S);HLA-B*39:10,joint_pseudo,mlp,naive,HLA-B*14:01(C67S),0.08277571896929262,0.12305199925449098,0.4919786096256685,374
groove:B*14:01(C67S) +5,HLA-B*14:01(C67S);HLA-B*14:02(C67S);HLA-B*39:01;HLA-B*39:02;HLA-B*39:06(C67S);HLA-B*39:10,joint_pseudo,mlp,naive,HLA-B*14:02(C67S),0.1271604889311798,0.10239772514321457,0.44502617801047123,382
groove:B*14:01(C67S) +5,HLA-B*14:01(C67S);HLA-B*14:02(C67S);HLA-B*39:01;HLA-B*39:02;HLA-B*39:06(C67S);HLA-B*39:10,joint_pseudo,mlp,naive,HLA-B*39:01,0.0942731237602957,0.034903011570221444,0.48823529411764705,680
groove:B*14:01(C67S) +5,HLA-B*14:01(C67S);HLA-B*14:02(C67S);HLA-B*39:01;HLA-B*39:02;HLA-B*39:06(C67S);HLA-B*39:10,joint_pseudo,mlp,naive,HLA-B*39:02,0.1520982913757347,-0.11543929912390488,0.4106666666666667,375
groove:B*14:01(C67S) +5,HLA-B*14:01(C67S);HLA-B*14:02(C67S);HLA-B*39:01;HLA-B*39:02;HLA-B*39:06(C67S);HLA-B*39:10,joint_pseudo,mlp,naive,HLA-B*39:06(C67S),0.07600901001683412,0.06437597952665304,0.36675461741424803,379
groove:B*14:01(C67S) +5,HLA-B*14:01(C67S);HLA-B*14:02(C67S);HLA-B*39:01;HLA-B*39:02;HLA-B*39:06(C67S);HLA-B*39:10,joint_pseudo,mlp,naive,HLA-B*39:10,0.3151567893842412,0.02449077261696484,0.23138297872340424,376
groove:B*14:01(C67S) +5,HLA-B*14:01(C67S);HLA-B*14:02(C67S);HLA-B*39:01;HLA-B*39:02;HLA-B*39:06(C67S);HLA-B*39:10,joint_pseudo,mlp,tobit,HLA-B*14:01(C67S),0.06741103128702876,0.07952941176470589,0.7540106951871658,374
groove:B*14:01(C67S) +5,HLA-B*14:01(C67S);HLA-B*14:02(C67S);HLA-B*39:01;HLA-B*39:02;HLA-B*39:06(C67S);HLA-B*39:10,joint_pseudo,mlp,tobit,HLA-B*14:02(C67S),0.10576536663597232,0.06677332838487257,0.6649214659685864,382
groove:B*14:01(C67S) +5,HLA-B*14:01(C67S);HLA-B*14:02(C67S);HLA-B*39:01;HLA-B*39:02;HLA-B*39:06(C67S);HLA-B*39:10,joint_pseudo,mlp,tobit,HLA-B*39:01,0.08310999442328192,-0.027950345404522684,0.5573529411764706,680
groove:B*14:01(C67S) +5,HLA-B*14:01(C67S);HLA-B*14:02(C67S);HLA-B*39:01;HLA-B*39:02;HLA-B*39:06(C67S);HLA-B*39:10,joint_pseudo,mlp,tobit,HLA-B*39:02,0.1706768436144032,-0.07280987598134031,0.5093333333333333,375
groove:B*14:01(C67S) +5,HLA-B*14:01(C67S);HLA-B*14:02(C67S);HLA-B*39:01;HLA-B*39:02;HLA-B*39:06(C67S);HLA-B*39:10,joint_pseudo,mlp,tobit,HLA-B*39:06(C67S),0.08744083744630732,0.07378053753557155,0.7229551451187335,379
groove:B*14:01(C67S) +5,HLA-B*14:01(C67S);HLA-B*14:02(C67S);HLA-B*39:01;HLA-B*39:02;HLA-B*39:06(C67S);HLA-B*39:10,joint_pseudo,mlp,tobit,HLA-B*39:10,0.2645629035918301,-0.09600734217548085,0.300531914893617,376
groove:A*03:01 +3,HLA-A*03:01;HLA-A*11:01;HLA-A*30:01;HLA-A*30:02,concat_groove,mlp,naive,HLA-A*03:01,0.03540754021289401,0.12738719575647248,0.3252032520325203,861
groove:A*03:01 +3,HLA-A*03:01;HLA-A*11:01;HLA-A*30:01;HLA-A*30:02,concat_groove,mlp,naive,HLA-A*11:01,0.19857260793958537,0.08576588577117054,0.2703639514731369,577
groove:A*03:01 +3,HLA-A*03:01;HLA-A*11:01;HLA-A*30:01;HLA-A*30:02,concat_groove,mlp,naive,HLA-A*30:01,0.015137985397499887,0.07409926298949072,0.2927461139896373,386
groove:A*03:01 +3,HLA-A*03:01;HLA-A*11:01;HLA-A*30:01;HLA-A*30:02,concat_groove,mlp,naive,HLA-A*30:02,0.2641922988217398,0.04069228842049248,0.47411444141689374,367
groove:A*03:01 +3,HLA-A*03:01;HLA-A*11:01;HLA-A*30:01;HLA-A*30:02,concat_groove,mlp,tobit,HLA-A*03:01,0.0818775389702383,0.03280307412843575,0.31823461091753774,861
groove:A*03:01 +3,HLA-A*03:01;HLA-A*11:01;HLA-A*30:01;HLA-A*30:02,concat_groove,mlp,tobit,HLA-A*11:01,0.1938322497408245,0.007887226916457277,0.29462738301559793,577
groove:A*03:01 +3,HLA-A*03:01;HLA-A*11:01;HLA-A*30:01;HLA-A*30:02,concat_groove,mlp,tobit,HLA-A*30:01,-0.01862417388923903,-0.10978081644426986,0.38341968911917096,386
groove:A*03:01 +3,HLA-A*03:01;HLA-A*11:01;HLA-A*30:01;HLA-A*30:02,concat_groove,mlp,tobit,HLA-A*30:02,0.27268726715514385,0.003368608722841867,0.6021798365122616,367
groove:A*03:01 +3,HLA-A*03:01;HLA-A*11:01;HLA-A*30:01;HLA-A*30:02,joint_groove,mlp,naive,HLA-A*03:01,-0.0874026197456698,0.0288670121949669,0.26480836236933797,861
groove:A*03:01 +3,HLA-A*03:01;HLA-A*11:01;HLA-A*30:01;HLA-A*30:02,joint_groove,mlp,naive,HLA-A*11:01,0.07992414704607587,0.012210737338058887,0.22357019064124783,577
groove:A*03:01 +3,HLA-A*03:01;HLA-A*11:01;HLA-A*30:01;HLA-A*30:02,joint_groove,mlp,naive,HLA-A*30:01,-0.07499969957675386,-0.012868916037972552,0.3082901554404145,386
groove:A*03:01 +3,HLA-A*03:01;HLA-A*11:01;HLA-A*30:01;HLA-A*30:02,joint_groove,mlp,naive,HLA-A*30:02,0.22773375331317924,-0.08156810726722223,0.4713896457765668,367
groove:A*03:01 +3,HLA-A*03:01;HLA-A*11:01;HLA-A*30:01;HLA-A*30:02,joint_groove,mlp,tobit,HLA-A*03:01,-0.013020145590364794,0.04663778012702081,0.3693379790940767,861
groove:A*03:01 +3,HLA-A*03:01;HLA-A*11:01;HLA-A*30:01;HLA-A*30:02,joint_groove,mlp,tobit,HLA-A*11:01,0.12234041566646724,0.12227672315740447,0.23743500866551126,577
groove:A*03:01 +3,HLA-A*03:01;HLA-A*11:01;HLA-A*30:01;HLA-A*30:02,joint_groove,mlp,tobit,HLA-A*30:01,-0.08831479840650677,-0.00041886859575737754,0.38341968911917096,386
groove:A*03:01 +3,HLA-A*03:01;HLA-A*11:01;HLA-A*30:01;HLA-A*30:02,joint_groove,mlp,tobit,HLA-A*30:02,0.2139328355433526,0.04385381850103224,0.5367847411444142,367
groove:A*03:01 +3,HLA-A*03:01;HLA-A*11:01;HLA-A*30:01;HLA-A*30:02,concat_pseudo,mlp,naive,HLA-A*03:01,-0.11279038635654336,-0.04358027165207458,0.3008130081300813,861
groove:A*03:01 +3,HLA-A*03:01;HLA-A*11:01;HLA-A*30:01;HLA-A*30:02,concat_pseudo,mlp,naive,HLA-A*11:01,0.07824670156479092,0.09260159487385534,0.2270363951473137,577
groove:A*03:01 +3,HLA-A*03:01;HLA-A*11:01;HLA-A*30:01;HLA-A*30:02,concat_pseudo,mlp,naive,HLA-A*30:01,-0.015561038252045552,0.038508473090952906,0.3134715025906736,386
groove:A*03:01 +3,HLA-A*03:01;HLA-A*11:01;HLA-A*30:01;HLA-A*30:02,concat_pseudo,mlp,naive,HLA-A*30:02,0.260103547955082,0.03472682127243878,0.48501362397820164,367
groove:A*03:01 +3,HLA-A*03:01;HLA-A*11:01;HLA-A*30:01;HLA-A*30:02,concat_pseudo,mlp,tobit,HLA-A*03:01,-0.07264447072754752,-0.10296593081631768,0.32752613240418116,861
groove:A*03:01 +3,HLA-A*03:01;HLA-A*11:01;HLA-A*30:01;HLA-A*30:02,concat_pseudo,mlp,tobit,HLA-A*11:01,0.0988697389668268,-0.1618137429811358,0.27902946273830154,577
groove:A*03:01 +3,HLA-A*03:01;HLA-A*11:01;HLA-A*30:01;HLA-A*30:02,concat_pseudo,mlp,tobit,HLA-A*30:01,0.011534994077584558,0.043478560239615785,0.33678756476683935,386
groove:A*03:01 +3,HLA-A*03:01;HLA-A*11:01;HLA-A*30:01;HLA-A*30:02,concat_pseudo,mlp,tobit,HLA-A*30:02,0.26436112780293625,0.03665461904327239,0.39509536784741145,367
groove:A*03:01 +3,HLA-A*03:01;HLA-A*11:01;HLA-A*30:01;HLA-A*30:02,joint_pseudo,mlp,naive,HLA-A*03:01,0.09151925085466597,-0.043697060954083045,0.3344947735191638,861
groove:A*03:01 +3,HLA-A*03:01;HLA-A*11:01;HLA-A*30:01;HLA-A*30:02,joint_pseudo,mlp,naive,HLA-A*11:01,-0.004812220153144603,0.09890045706324124,0.2045060658578856,577
groove:A*03:01 +3,HLA-A*03:01;HLA-A*11:01;HLA-A*30:01;HLA-A*30:02,joint_pseudo,mlp,naive,HLA-A*30:01,-0.0038017573294227675,-0.016530547413786355,0.32642487046632124,386
groove:A*03:01 +3,HLA-A*03:01;HLA-A*11:01;HLA-A*30:01;HLA-A*30:02,joint_pseudo,mlp,naive,HLA-A*30:02,0.25870255933446135,-0.006195365711078441,0.5177111716621253,367
groove:A*03:01 +3,HLA-A*03:01;HLA-A*11:01;HLA-A*30:01;HLA-A*30:02,joint_pseudo,mlp,tobit,HLA-A*03:01,0.12162527568015062,0.018738793650125183,0.3983739837398374,861
groove:A*03:01 +3,HLA-A*03:01;HLA-A*11:01;HLA-A*30:01;HLA-A*30:02,joint_pseudo,mlp,tobit,HLA-A*11:01,0.033650891112268044,0.04944470014532473,0.20797227036395147,577
groove:A*03:01 +3,HLA-A*03:01;HLA-A*11:01;HLA-A*30:01;HLA-A*30:02,joint_pseudo,mlp,tobit,HLA-A*30:01,0.02847468692620834,-0.04823582249778177,0.3756476683937824,386
groove:A*03:01 +3,HLA-A*03:01;HLA-A*11:01;HLA-A*30:01;HLA-A*30:02,joint_pseudo,mlp,tobit,HLA-A*30:02,0.26503960623025197,0.13841058766636694,0.5286103542234333,367
groove:A*23:01 +4,HLA-A*23:01;HLA-A*24:02;HLA-A*24:03;HLA-A*24:07;HLA-A*24:19,concat_groove,mlp,naive,HLA-A*23:01,0.08961143930908487,-0.03617403125920045,0.3064516129032258,372
groove:A*23:01 +4,HLA-A*23:01;HLA-A*24:02;HLA-A*24:03;HLA-A*24:07;HLA-A*24:19,concat_groove,mlp,naive,HLA-A*24:02,0.00847600514262059,0.0026344489376030687,0.418848167539267,573
groove:A*23:01 +4,HLA-A*23:01;HLA-A*24:02;HLA-A*24:03;HLA-A*24:07;HLA-A*24:19,concat_groove,mlp,naive,HLA-A*24:03,0.2173661728685938,0.00993377779494398,0.3828125,512
groove:A*23:01 +4,HLA-A*23:01;HLA-A*24:02;HLA-A*24:03;HLA-A*24:07;HLA-A*24:19,concat_groove,mlp,naive,HLA-A*24:07,-0.013051327955851023,0.039792950203715066,0.4318181818181818,352
groove:A*23:01 +4,HLA-A*23:01;HLA-A*24:02;HLA-A*24:03;HLA-A*24:07;HLA-A*24:19,concat_groove,mlp,naive,HLA-A*24:19,-0.02889600162656755,0.04050655720203532,0.5396825396825397,378
groove:A*23:01 +4,HLA-A*23:01;HLA-A*24:02;HLA-A*24:03;HLA-A*24:07;HLA-A*24:19,concat_groove,mlp,tobit,HLA-A*23:01,0.04774435379911557,0.005381977508425075,0.34946236559139787,372
groove:A*23:01 +4,HLA-A*23:01;HLA-A*24:02;HLA-A*24:03;HLA-A*24:07;HLA-A*24:19,concat_groove,mlp,tobit,HLA-A*24:02,-1.4615782726616433e-05,0.023338875401191835,0.4432809773123909,573
groove:A*23:01 +4,HLA-A*23:01;HLA-A*24:02;HLA-A*24:03;HLA-A*24:07;HLA-A*24:19,concat_groove,mlp,tobit,HLA-A*24:03,0.21965629155740507,0.061858949600027476,0.38671875,512
groove:A*23:01 +4,HLA-A*23:01;HLA-A*24:02;HLA-A*24:03;HLA-A*24:07;HLA-A*24:19,concat_groove,mlp,tobit,HLA-A*24:07,-0.04087484601816742,0.08982833345439577,0.3977272727272727,352
groove:A*23:01 +4,HLA-A*23:01;HLA-A*24:02;HLA-A*24:03;HLA-A*24:07;HLA-A*24:19,concat_groove,mlp,tobit,HLA-A*24:19,-0.0028566650511875295,-0.0073647780862774945,0.5555555555555556,378
groove:A*23:01 +4,HLA-A*23:01;HLA-A*24:02;HLA-A*24:03;HLA-A*24:07;HLA-A*24:19,joint_groove,mlp,naive,HLA-A*23:01,0.1818597228460313,-0.09834090659560317,0.33602150537634407,372
groove:A*23:01 +4,HLA-A*23:01;HLA-A*24:02;HLA-A*24:03;HLA-A*24:07;HLA-A*24:19,joint_groove,mlp,naive,HLA-A*24:02,0.1184674290858555,-0.01297030131150933,0.4223385689354276,573
groove:A*23:01 +4,HLA-A*23:01;HLA-A*24:02;HLA-A*24:03;HLA-A*24:07;HLA-A*24:19,joint_groove,mlp,naive,HLA-A*24:03,0.23183640673010963,-0.048684782733088426,0.451171875,512
groove:A*23:01 +4,HLA-A*23:01;HLA-A*24:02;HLA-A*24:03;HLA-A*24:07;HLA-A*24:19,joint_groove,mlp,naive,HLA-A*24:07,0.08686052737495457,0.017424737679695185,0.4289772727272727,352
groove:A*23:01 +4,HLA-A*23:01;HLA-A*24:02;HLA-A*24:03;HLA-A*24:07;HLA-A*24:19,joint_groove,mlp,naive,HLA-A*24:19,0.0058274661346026544,-0.0671312936802883,0.5026455026455027,378
groove:A*23:01 +4,HLA-A*23:01;HLA-A*24:02;HLA-A*24:03;HLA-A*24:07;HLA-A*24:19,joint_groove,mlp,tobit,HLA-A*23:01,0.15411906314774487,-0.028752599435927357,0.3844086021505376,372
groove:A*23:01 +4,HLA-A*23:01;HLA-A*24:02;HLA-A*24:03;HLA-A*24:07;HLA-A*24:19,joint_groove,mlp,tobit,HLA-A*24:02,0.06758471963982748,0.04997907293158689,0.5026178010471204,573
groove:A*23:01 +4,HLA-A*23:01;HLA-A*24:02;HLA-A*24:03;HLA-A*24:07;HLA-A*24:19,joint_groove,mlp,tobit,HLA-A*24:03,0.22290117415625493,0.02127026684862842,0.552734375,512
groove:A*23:01 +4,HLA-A*23:01;HLA-A*24:02;HLA-A*24:03;HLA-A*24:07;HLA-A*24:19,joint_groove,mlp,tobit,HLA-A*24:07,0.04323709164649614,0.05282394659165197,0.5227272727272727,352
groove:A*23:01 +4,HLA-A*23:01;HLA-A*24:02;HLA-A*24:03;HLA-A*24:07;HLA-A*24:19,joint_groove,mlp,tobit,HLA-A*24:19,0.005201631480573628,0.0623950398311239,0.5952380952380952,378
groove:A*23:01 +4,HLA-A*23:01;HLA-A*24:02;HLA-A*24:03;HLA-A*24:07;HLA-A*24:19,concat_pseudo,mlp,naive,HLA-A*23:01,0.11269586176401651,-0.02904071985347818,0.3172043010752688,372
groove:A*23:01 +4,HLA-A*23:01;HLA-A*24:02;HLA-A*24:03;HLA-A*24:07;HLA-A*24:19,concat_pseudo,mlp,naive,HLA-A*24:02,0.017943649657395942,0.05199761290937386,0.3944153577661431,573
groove:A*23:01 +4,HLA-A*23:01;HLA-A*24:02;HLA-A*24:03;HLA-A*24:07;HLA-A*24:19,concat_pseudo,mlp,naive,HLA-A*24:03,0.2558043302148205,0.04505198498529429,0.384765625,512
groove:A*23:01 +4,HLA-A*23:01;HLA-A*24:02;HLA-A*24:03;HLA-A*24:07;HLA-A*24:19,concat_pseudo,mlp,naive,HLA-A*24:07,-0.196295413354485,0.29478182346454296,0.29545454545454547,352
groove:A*23:01 +4,HLA-A*23:01;HLA-A*24:02;HLA-A*24:03;HLA-A*24:07;HLA-A*24:19,concat_pseudo,mlp,naive,HLA-A*24:19,0.03697782323794958,-0.07773559652369587,0.5634920634920635,378
groove:A*23:01 +4,HLA-A*23:01;HLA-A*24:02;HLA-A*24:03;HLA-A*24:07;HLA-A*24:19,concat_pseudo,mlp,tobit,HLA-A*23:01,0.10279309599178071,-0.10004538595897827,0.3978494623655914,372
groove:A*23:01 +4,HLA-A*23:01;HLA-A*24:02;HLA-A*24:03;HLA-A*24:07;HLA-A*24:19,concat_pseudo,mlp,tobit,HLA-A*24:02,0.02634938415904708,-0.03679668680179122,0.44502617801047123,573
groove:A*23:01 +4,HLA-A*23:01;HLA-A*24:02;HLA-A*24:03;HLA-A*24:07;HLA-A*24:19,concat_pseudo,mlp,tobit,HLA-A*24:03,0.2380241944708055,-0.1559832085922569,0.3984375,512
groove:A*23:01 +4,HLA-A*23:01;HLA-A*24:02;HLA-A*24:03;HLA-A*24:07;HLA-A*24:19,concat_pseudo,mlp,tobit,HLA-A*24:07,-0.17704427450729404,0.0669544100847217,0.32954545454545453,352
groove:A*23:01 +4,HLA-A*23:01;HLA-A*24:02;HLA-A*24:03;HLA-A*24:07;HLA-A*24:19,concat_pseudo,mlp,tobit,HLA-A*24:19,0.07520585250149275,-7.809697555853502e-05,0.6613756613756614,378
groove:A*23:01 +4,HLA-A*23:01;HLA-A*24:02;HLA-A*24:03;HLA-A*24:07;HLA-A*24:19,joint_pseudo,mlp,naive,HLA-A*23:01,0.2021136845989191,0.12106512244068765,0.19623655913978494,372
groove:A*23:01 +4,HLA-A*23:01;HLA-A*24:02;HLA-A*24:03;HLA-A*24:07;HLA-A*24:19,joint_pseudo,mlp,naive,HLA-A*24:02,0.057335609432018535,0.01518982868746628,0.3961605584642234,573
groove:A*23:01 +4,HLA-A*23:01;HLA-A*24:02;HLA-A*24:03;HLA-A*24:07;HLA-A*24:19,joint_pseudo,mlp,naive,HLA-A*24:03,0.3128177009276787,-0.018696677481374668,0.35546875,512
groove:A*23:01 +4,HLA-A*23:01;HLA-A*24:02;HLA-A*24:03;HLA-A*24:07;HLA-A*24:19,joint_pseudo,mlp,naive,HLA-A*24:07,-0.08236753976840776,0.06069438116180324,0.2840909090909091,352
groove:A*23:01 +4,HLA-A*23:01;HLA-A*24:02;HLA-A*24:03;HLA-A*24:07;HLA-A*24:19,joint_pseudo,mlp,naive,HLA-A*24:19,0.024020006774430246,0.11085826798682771,0.47883597883597884,378
groove:A*23:01 +4,HLA-A*23:01;HLA-A*24:02;HLA-A*24:03;HLA-A*24:07;HLA-A*24:19,joint_pseudo,mlp,tobit,HLA-A*23:01,0.22575447757237702,0.183749262507305,0.17473118279569894,372
groove:A*23:01 +4,HLA-A*23:01;HLA-A*24:02;HLA-A*24:03;HLA-A*24:07;HLA-A*24:19,joint_pseudo,mlp,tobit,HLA-A*24:02,0.03917770133526342,0.08539028332158201,0.39267015706806285,573
groove:A*23:01 +4,HLA-A*23:01;HLA-A*24:02;HLA-A*24:03;HLA-A*24:07;HLA-A*24:19,joint_pseudo,mlp,tobit,HLA-A*24:03,0.28098315960182796,0.16262456226181893,0.30859375,512
groove:A*23:01 +4,HLA-A*23:01;HLA-A*24:02;HLA-A*24:03;HLA-A*24:07;HLA-A*24:19,joint_pseudo,mlp,tobit,HLA-A*24:07,-0.09072630800554764,0.161486580880621,0.3181818181818182,352
groove:A*23:01 +4,HLA-A*23:01;HLA-A*24:02;HLA-A*24:03;HLA-A*24:07;HLA-A*24:19,joint_pseudo,mlp,tobit,HLA-A*24:19,0.03725539666543799,0.042178921170823634,0.5582010582010583,378
groove:A*25:01 +5,HLA-A*25:01;HLA-A*26:01;HLA-A*26:02;HLA-A*26:03;HLA-A*43:01;HLA-A*66:01,concat_groove,mlp,naive,HLA-A*25:01,0.10940668815311308,0.17940723264681074,0.40771349862258954,363
groove:A*25:01 +5,HLA-A*25:01;HLA-A*26:01;HLA-A*26:02;HLA-A*26:03;HLA-A*43:01;HLA-A*66:01,concat_groove,mlp,naive,HLA-A*26:01,0.20928477860810926,-0.1471530423125821,0.5073529411764706,272
groove:A*25:01 +5,HLA-A*25:01;HLA-A*26:01;HLA-A*26:02;HLA-A*26:03;HLA-A*43:01;HLA-A*66:01,concat_groove,mlp,naive,HLA-A*26:02,0.053503006430614154,-0.1877025858428701,0.4897959183673469,343
groove:A*25:01 +5,HLA-A*25:01;HLA-A*26:01;HLA-A*26:02;HLA-A*26:03;HLA-A*43:01;HLA-A*66:01,concat_groove,mlp,naive,HLA-A*26:03,0.1879164005074875,-0.10853647833573929,0.3782991202346041,341
groove:A*25:01 +5,HLA-A*25:01;HLA-A*26:01;HLA-A*26:02;HLA-A*26:03;HLA-A*43:01;HLA-A*66:01,concat_groove,mlp,naive,HLA-A*43:01,0.10149905947685836,0.029715275724519277,0.4011142061281337,359
groove:A*25:01 +5,HLA-A*25:01;HLA-A*26:01;HLA-A*26:02;HLA-A*26:03;HLA-A*43:01;HLA-A*66:01,concat_groove,mlp,naive,HLA-A*66:01,0.2737939770066209,0.01161087206884548,0.5078534031413613,382
groove:A*25:01 +5,HLA-A*25:01;HLA-A*26:01;HLA-A*26:02;HLA-A*26:03;HLA-A*43:01;HLA-A*66:01,concat_groove,mlp,tobit,HLA-A*25:01,0.07493151934144145,0.04105286978215155,0.3746556473829201,363
groove:A*25:01 +5,HLA-A*25:01;HLA-A*26:01;HLA-A*26:02;HLA-A*26:03;HLA-A*43:01;HLA-A*66:01,concat_groove,mlp,tobit,HLA-A*26:01,0.2043912611945894,0.08924248098331013,0.5551470588235294,272
groove:A*25:01 +5,HLA-A*25:01;HLA-A*26:01;HLA-A*26:02;HLA-A*26:03;HLA-A*43:01;HLA-A*66:01,concat_groove,mlp,tobit,HLA-A*26:02,0.04831782418853223,-0.04706117453101191,0.49854227405247814,343
groove:A*25:01 +5,HLA-A*25:01;HLA-A*26:01;HLA-A*26:02;HLA-A*26:03;HLA-A*43:01;HLA-A*66:01,concat_groove,mlp,tobit,HLA-A*26:03,0.18154940262986144,-0.015087356133995504,0.501466275659824,341
groove:A*25:01 +5,HLA-A*25:01;HLA-A*26:01;HLA-A*26:02;HLA-A*26:03;HLA-A*43:01;HLA-A*66:01,concat_groove,mlp,tobit,HLA-A*43:01,0.0857442714143266,-0.14944912155117412,0.5626740947075209,359
groove:A*25:01 +5,HLA-A*25:01;HLA-A*26:01;HLA-A*26:02;HLA-A*26:03;HLA-A*43:01;HLA-A*66:01,concat_groove,mlp,tobit,HLA-A*66:01,0.2707606151883982,-0.002008410589347254,0.675392670157068,382
groove:A*25:01 +5,HLA-A*25:01;HLA-A*26:01;HLA-A*26:02;HLA-A*26:03;HLA-A*43:01;HLA-A*66:01,joint_groove,mlp,naive,HLA-A*25:01,0.01956016666112052,-0.0827871274882827,0.36639118457300274,363
groove:A*25:01 +5,HLA-A*25:01;HLA-A*26:01;HLA-A*26:02;HLA-A*26:03;HLA-A*43:01;HLA-A*66:01,joint_groove,mlp,naive,HLA-A*26:01,-0.04473633233520406,0.16339206701698558,0.45955882352941174,272
groove:A*25:01 +5,HLA-A*25:01;HLA-A*26:01;HLA-A*26:02;HLA-A*26:03;HLA-A*43:01;HLA-A*66:01,joint_groove,mlp,naive,HLA-A*26:02,-0.06981283997417247,0.01787067336114372,0.40233236151603496,343
groove:A*25:01 +5,HLA-A*25:01;HLA-A*26:01;HLA-A*26:02;HLA-A*26:03;HLA-A*43:01;HLA-A*66:01,joint_groove,mlp,naive,HLA-A*26:03,0.028668195696011523,-0.042485375073011145,0.39296187683284456,341
groove:A*25:01 +5,HLA-A*25:01;HLA-A*26:01;HLA-A*26:02;HLA-A*26:03;HLA-A*43:01;HLA-A*66:01,joint_groove,mlp,naive,HLA-A*43:01,0.04108254451318633,-0.07952542495966969,0.45403899721448465,359
groove:A*25:01 +5,HLA-A*25:01;HLA-A*26:01;HLA-A*26:02;HLA-A*26:03;HLA-A*43:01;HLA-A*66:01,joint_groove,mlp,naive,HLA-A*66:01,0.1929355192344595,0.028250250176767907,0.5366492146596858,382
groove:A*25:01 +5,HLA-A*25:01;HLA-A*26:01;HLA-A*26:02;HLA-A*26:03;HLA-A*43:01;HLA-A*66:01,joint_groove,mlp,tobit,HLA-A*25:01,0.014809727859740903,-0.0666169591332826,0.3884297520661157,363
groove:A*25:01 +5,HLA-A*25:01;HLA-A*26:01;HLA-A*26:02;HLA-A*26:03;HLA-A*43:01;HLA-A*66:01,joint_groove,mlp,tobit,HLA-A*26:01,-0.021286247758327388,-0.017611756595911143,0.47794117647058826,272
groove:A*25:01 +5,HLA-A*25:01;HLA-A*26:01;HLA-A*26:02;HLA-A*26:03;HLA-A*43:01;HLA-A*66:01,joint_groove,mlp,tobit,HLA-A*26:02,-0.047326548104758004,-0.09808039319942,0.4606413994169096,343
groove:A*25:01 +5,HLA-A*25:01;HLA-A*26:01;HLA-A*26:02;HLA-A*26:03;HLA-A*43:01;HLA-A*66:01,joint_groove,mlp,tobit,HLA-A*26:03,0.05793640094071614,-0.036126369053563694,0.5043988269794721,341
groove:A*25:01 +5,HLA-A*25:01;HLA-A*26:01;HLA-A*26:02;HLA-A*26:03;HLA-A*43:01;HLA-A*66:01,joint_groove,mlp,tobit,HLA-A*43:01,0.08848678900541815,-0.06372657340118164,0.6211699164345403,359
groove:A*25:01 +5,HLA-A*25:01;HLA-A*26:01;HLA-A*26:02;HLA-A*26:03;HLA-A*43:01;HLA-A*66:01,joint_groove,mlp,tobit,HLA-A*66:01,0.18760691401132482,0.13062784708265957,0.5863874345549738,382
groove:A*25:01 +5,HLA-A*25:01;HLA-A*26:01;HLA-A*26:02;HLA-A*26:03;HLA-A*43:01;HLA-A*66:01,concat_pseudo,mlp,naive,HLA-A*25:01,0.08626719560444503,0.03835742359097457,0.40771349862258954,363
groove:A*25:01 +5,HLA-A*25:01;HLA-A*26:01;HLA-A*26:02;HLA-A*26:03;HLA-A*43:01;HLA-A*66:01,concat_pseudo,mlp,naive,HLA-A*26:01,0.17393882252027723,0.12786562254762815,0.4852941176470588,272
groove:A*25:01 +5,HLA-A*25:01;HLA-A*26:01;HLA-A*26:02;HLA-A*26:03;HLA-A*43:01;HLA-A*66:01,concat_pseudo,mlp,naive,HLA-A*26:02,0.07105792679872383,0.12922315280369887,0.33819241982507287,343
groove:A*25:01 +5,HLA-A*25:01;HLA-A*26:01;HLA-A*26:02;HLA-A*26:03;HLA-A*43:01;HLA-A*66:01,concat_pseudo,mlp,naive,HLA-A*26:03,0.10695909680824217,-0.03433717984801576,0.31085043988269795,341
groove:A*25:01 +5,HLA-A*25:01;HLA-A*26:01;HLA-A*26:02;HLA-A*26:03;HLA-A*43:01;HLA-A*66:01,concat_pseudo,mlp,naive,HLA-A*43:01,0.20999605973197788,-0.13260026380699205,0.5097493036211699,359
groove:A*25:01 +5,HLA-A*25:01;HLA-A*26:01;HLA-A*26:02;HLA-A*26:03;HLA-A*43:01;HLA-A*66:01,concat_pseudo,mlp,naive,HLA-A*66:01,0.27251845854261825,0.0886651006826271,0.5523560209424084,382
groove:A*25:01 +5,HLA-A*25:01;HLA-A*26:01;HLA-A*26:02;HLA-A*26:03;HLA-A*43:01;HLA-A*66:01,concat_pseudo,mlp,tobit,HLA-A*25:01,0.06071097151022055,-0.06437635694290642,0.4931129476584022,363
groove:A*25:01 +5,HLA-A*25:01;HLA-A*26:01;HLA-A*26:02;HLA-A*26:03;HLA-A*43:01;HLA-A*66:01,concat_pseudo,mlp,tobit,HLA-A*26:01,0.0951457492096051,-0.1247474578818186,0.4338235294117647,272
groove:A*25:01 +5,HLA-A*25:01;HLA-A*26:01;HLA-A*26:02;HLA-A*26:03;HLA-A*43:01;HLA-A*66:01,concat_pseudo,mlp,tobit,HLA-A*26:02,-0.00479918150845428,-0.15493616575848734,0.35276967930029157,343
groove:A*25:01 +5,HLA-A*25:01;HLA-A*26:01;HLA-A*26:02;HLA-A*26:03;HLA-A*43:01;HLA-A*66:01,concat_pseudo,mlp,tobit,HLA-A*26:03,0.05337019800488927,-0.03640509761552406,0.4310850439882698,341
groove:A*25:01 +5,HLA-A*25:01;HLA-A*26:01;HLA-A*26:02;HLA-A*26:03;HLA-A*43:01;HLA-A*66:01,concat_pseudo,mlp,tobit,HLA-A*43:01,0.1914138314238091,-0.007952205329308083,0.6573816155988857,359
groove:A*25:01 +5,HLA-A*25:01;HLA-A*26:01;HLA-A*26:02;HLA-A*26:03;HLA-A*43:01;HLA-A*66:01,concat_pseudo,mlp,tobit,HLA-A*66:01,0.26302483603219495,0.035671649679116076,0.6858638743455497,382
groove:A*25:01 +5,HLA-A*25:01;HLA-A*26:01;HLA-A*26:02;HLA-A*26:03;HLA-A*43:01;HLA-A*66:01,joint_pseudo,mlp,naive,HLA-A*25:01,0.1236468159852818,0.03899741644593478,0.4049586776859504,363
groove:A*25:01 +5,HLA-A*25:01;HLA-A*26:01;HLA-A*26:02;HLA-A*26:03;HLA-A*43:01;HLA-A*66:01,joint_pseudo,mlp,naive,HLA-A*26:01,0.08789051405836483,0.013382048817256107,0.3713235294117647,272
groove:A*25:01 +5,HLA-A*25:01;HLA-A*26:01;HLA-A*26:02;HLA-A*26:03;HLA-A*43:01;HLA-A*66:01,joint_pseudo,mlp,naive,HLA-A*26:02,0.1259909074087546,0.016743032236500126,0.1749271137026239,343
groove:A*25:01 +5,HLA-A*25:01;HLA-A*26:01;HLA-A*26:02;HLA-A*26:03;HLA-A*43:01;HLA-A*66:01,joint_pseudo,mlp,naive,HLA-A*26:03,0.11055486284436923,0.010795662608306172,0.3870967741935484,341
groove:A*25:01 +5,HLA-A*25:01;HLA-A*26:01;HLA-A*26:02;HLA-A*26:03;HLA-A*43:01;HLA-A*66:01,joint_pseudo,mlp,naive,HLA-A*43:01,0.20024840452749423,-0.07453665520300026,0.520891364902507,359
groove:A*25:01 +5,HLA-A*25:01;HLA-A*26:01;HLA-A*26:02;HLA-A*26:03;HLA-A*43:01;HLA-A*66:01,joint_pseudo,mlp,naive,HLA-A*66:01,0.2636824000693771,-0.061680776704546865,0.5157068062827225,382
groove:A*25:01 +5,HLA-A*25:01;HLA-A*26:01;HLA-A*26:02;HLA-A*26:03;HLA-A*43:01;HLA-A*66:01,joint_pseudo,mlp,tobit,HLA-A*25:01,0.1517130944867229,0.08429792206788692,0.49586776859504134,363
groove:A*25:01 +5,HLA-A*25:01;HLA-A*26:01;HLA-A*26:02;HLA-A*26:03;HLA-A*43:01;HLA-A*66:01,joint_pseudo,mlp,tobit,HLA-A*26:01,0.0969712156346473,-0.024163539954727274,0.33088235294117646,272
groove:A*25:01 +5,HLA-A*25:01;HLA-A*26:01;HLA-A*26:02;HLA-A*26:03;HLA-A*43:01;HLA-A*66:01,joint_pseudo,mlp,tobit,HLA-A*26:02,0.0843488267217774,0.030396351581373934,0.1457725947521866,343
groove:A*25:01 +5,HLA-A*25:01;HLA-A*26:01;HLA-A*26:02;HLA-A*26:03;HLA-A*43:01;HLA-A*66:01,joint_pseudo,mlp,tobit,HLA-A*26:03,0.08104037015528408,-0.020578096958802045,0.5278592375366569,341
groove:A*25:01 +5,HLA-A*25:01;HLA-A*26:01;HLA-A*26:02;HLA-A*26:03;HLA-A*43:01;HLA-A*66:01,joint_pseudo,mlp,tobit,HLA-A*43:01,0.1838710248003595,-0.03542532277223614,0.6295264623955432,359
groove:A*25:01 +5,HLA-A*25:01;HLA-A*26:01;HLA-A*26:02;HLA-A*26:03;HLA-A*43:01;HLA-A*66:01,joint_pseudo,mlp,tobit,HLA-A*66:01,0.2664628612012182,-0.0003901864186925235,0.7041884816753927,382
groove:B*15:17 +4,HLA-B*15:17;HLA-B*57:01;HLA-B*57:02;HLA-B*57:03;HLA-B*58:01,concat_groove,mlp,naive,HLA-B*15:17,0.11171650204529118,0.053642423390778515,0.6104972375690608,362
groove:B*15:17 +4,HLA-B*15:17;HLA-B*57:01;HLA-B*57:02;HLA-B*57:03;HLA-B*58:01,concat_groove,mlp,naive,HLA-B*57:01,0.10280101367813084,0.007291204991037023,0.20916905444126074,349
groove:B*15:17 +4,HLA-B*15:17;HLA-B*57:01;HLA-B*57:02;HLA-B*57:03;HLA-B*58:01,concat_groove,mlp,naive,HLA-B*57:02,0.017816757728885184,-0.02681672922757805,0.5785123966942148,363
groove:B*15:17 +4,HLA-B*15:17;HLA-B*57:01;HLA-B*57:02;HLA-B*57:03;HLA-B*58:01,concat_groove,mlp,naive,HLA-B*57:03,0.0544608885630942,-0.07370955260668939,0.5718157181571816,369
groove:B*15:17 +4,HLA-B*15:17;HLA-B*57:01;HLA-B*57:02;HLA-B*57:03;HLA-B*58:01,concat_groove,mlp,naive,HLA-B*58:01,0.11344610643027907,-0.0013148526549443089,0.23482849604221637,379
groove:B*15:17 +4,HLA-B*15:17;HLA-B*57:01;HLA-B*57:02;HLA-B*57:03;HLA-B*58:01,concat_groove,mlp,tobit,HLA-B*15:17,0.1533912112021308,-0.052222536038210726,0.7486187845303868,362
groove:B*15:17 +4,HLA-B*15:17;HLA-B*57:01;HLA-B*57:02;HLA-B*57:03;HLA-B*58:01,concat_groove,mlp,tobit,HLA-B*57:01,0.03270605393069152,0.02265191186641636,0.3753581661891118,349
groove:B*15:17 +4,HLA-B*15:17;HLA-B*57:01;HLA-B*57:02;HLA-B*57:03;HLA-B*58:01,concat_groove,mlp,tobit,HLA-B*57:02,-0.05053662481313253,-0.032689309685793866,0.6721763085399449,363
groove:B*15:17 +4,HLA-B*15:17;HLA-B*57:01;HLA-B*57:02;HLA-B*57:03;HLA-B*58:01,concat_groove,mlp,tobit,HLA-B*57:03,-0.04718670499261593,-0.036847133453708214,0.7018970189701897,369
groove:B*15:17 +4,HLA-B*15:17;HLA-B*57:01;HLA-B*57:02;HLA-B*57:03;HLA-B*58:01,concat_groove,mlp,tobit,HLA-B*58:01,0.06354289907507886,0.01980126217037757,0.3245382585751979,379
groove:B*15:17 +4,HLA-B*15:17;HLA-B*57:01;HLA-B*57:02;HLA-B*57:03;HLA-B*58:01,joint_groove,mlp,naive,HLA-B*15:17,-0.022053370674672862,0.18355768927942046,0.569060773480663,362
groove:B*15:17 +4,HLA-B*15:17;HLA-B*57:01;HLA-B*57:02;HLA-B*57:03;HLA-B*58:01,joint_groove,mlp,naive,HLA-B*57:01,0.21311618375199418,0.12069868872358744,0.6017191977077364,349
groove:B*15:17 +4,HLA-B*15:17;HLA-B*57:01;HLA-B*57:02;HLA-B*57:03;HLA-B*58:01,joint_groove,mlp,naive,HLA-B*57:02,0.0021601965260922206,-0.06900031159197408,0.5840220385674931,363
groove:B*15:17 +4,HLA-B*15:17;HLA-B*57:01;HLA-B*57:02;HLA-B*57:03;HLA-B*58:01,joint_groove,mlp,naive,HLA-B*57:03,0.08569335801629531,0.02757993943041663,0.6910569105691057,369
groove:B*15:17 +4,HLA-B*15:17;HLA-B*57:01;HLA-B*57:02;HLA-B*57:03;HLA-B*58:01,joint_groove,mlp,naive,HLA-B*58:01,0.21792718526667582,0.12606141563230855,0.43007915567282323,379
groove:B*15:17 +4,HLA-B*15:17;HLA-B*57:01;HLA-B*57:02;HLA-B*57:03;HLA-B*58:01,joint_groove,mlp,tobit,HLA-B*15:17,-0.004237035315755906,0.12116764169561312,0.7486187845303868,362
groove:B*15:17 +4,HLA-B*15:17;HLA-B*57:01;HLA-B*57:02;HLA-B*57:03;HLA-B*58:01,joint_groove,mlp,tobit,HLA-B*57:01,0.19352471535197216,0.07821389755388371,0.5787965616045845,349
groove:B*15:17 +4,HLA-B*15:17;HLA-B*57:01;HLA-B*57:02;HLA-B*57:03;HLA-B*58:01,joint_groove,mlp,tobit,HLA-B*57:02,-0.010579578489386983,0.005091593489383545,0.699724517906336,363
groove:B*15:17 +4,HLA-B*15:17;HLA-B*57:01;HLA-B*57:02;HLA-B*57:03;HLA-B*58:01,joint_groove,mlp,tobit,HLA-B*57:03,0.05687192121619732,0.08966089631519111,0.6287262872628726,369
groove:B*15:17 +4,HLA-B*15:17;HLA-B*57:01;HLA-B*57:02;HLA-B*57:03;HLA-B*58:01,joint_groove,mlp,tobit,HLA-B*58:01,0.20930361101614894,0.19182278475432205,0.5672823218997362,379
groove:B*15:17 +4,HLA-B*15:17;HLA-B*57:01;HLA-B*57:02;HLA-B*57:03;HLA-B*58:01,concat_pseudo,mlp,naive,HLA-B*15:17,0.2536262324464669,0.05818945263759949,0.6906077348066298,362
groove:B*15:17 +4,HLA-B*15:17;HLA-B*57:01;HLA-B*57:02;HLA-B*57:03;HLA-B*58:01,concat_pseudo,mlp,naive,HLA-B*57:01,-0.042839255321573816,0.06390672858413199,0.335243553008596,349
groove:B*15:17 +4,HLA-B*15:17;HLA-B*57:01;HLA-B*57:02;HLA-B*57:03;HLA-B*58:01,concat_pseudo,mlp,naive,HLA-B*57:02,-0.11863484033768781,0.012026145627351053,0.5647382920110193,363
groove:B*15:17 +4,HLA-B*15:17;HLA-B*57:01;HLA-B*57:02;HLA-B*57:03;HLA-B*58:01,concat_pseudo,mlp,naive,HLA-B*57:03,-0.063568756401819,0.012311436569124798,0.5962059620596206,369
groove:B*15:17 +4,HLA-B*15:17;HLA-B*57:01;HLA-B*57:02;HLA-B*57:03;HLA-B*58:01,concat_pseudo,mlp,naive,HLA-B*58:01,0.13177989817150673,0.1043314089974276,0.33773087071240104,379
groove:B*15:17 +4,HLA-B*15:17;HLA-B*57:01;HLA-B*57:02;HLA-B*57:03;HLA-B*58:01,concat_pseudo,mlp,tobit,HLA-B*15:17,0.2619020540324598,0.042233996575625314,0.7430939226519337,362
groove:B*15:17 +4,HLA-B*15:17;HLA-B*57:01;HLA-B*57:02;HLA-B*57:03;HLA-B*58:01,concat_pseudo,mlp,tobit,HLA-B*57:01,-0.07141176011784922,0.057842110463392944,0.2808022922636103,349
groove:B*15:17 +4,HLA-B*15:17;HLA-B*57:01;HLA-B*57:02;HLA-B*57:03;HLA-B*58:01,concat_pseudo,mlp,tobit,HLA-B*57:02,-0.1417695648791073,-0.018098676812890777,0.5785123966942148,363
groove:B*15:17 +4,HLA-B*15:17;HLA-B*57:01;HLA-B*57:02;HLA-B*57:03;HLA-B*58:01,concat_pseudo,mlp,tobit,HLA-B*57:03,-0.10399281756999322,-0.027134504600040125,0.4634146341463415,369
groove:B*15:17 +4,HLA-B*15:17;HLA-B*57:01;HLA-B*57:02;HLA-B*57:03;HLA-B*58:01,concat_pseudo,mlp,tobit,HLA-B*58:01,0.08300551878389374,0.1504131921712813,0.3641160949868074,379
groove:B*15:17 +4,HLA-B*15:17;HLA-B*57:01;HLA-B*57:02;HLA-B*57:03;HLA-B*58:01,joint_pseudo,mlp,naive,HLA-B*15:17,0.20897031845378708,0.02639262731144342,0.5994475138121547,362
groove:B*15:17 +4,HLA-B*15:17;HLA-B*57:01;HLA-B*57:02;HLA-B*57:03;HLA-B*58:01,joint_pseudo,mlp,naive,HLA-B*57:01,0.028758055224086976,0.1401834940082149,0.4297994269340974,349
groove:B*15:17 +4,HLA-B*15:17;HLA-B*57:01;HLA-B*57:02;HLA-B*57:03;HLA-B*58:01,joint_pseudo,mlp,naive,HLA-B*57:02,-0.07914206494241914,-0.11110888107372285,0.5289256198347108,363
groove:B*15:17 +4,HLA-B*15:17;HLA-B*57:01;HLA-B*57:02;HLA-B*57:03;HLA-B*58:01,joint_pseudo,mlp,naive,HLA-B*57:03,0.003898952838983066,0.005586923084271971,0.5121951219512195,369
groove:B*15:17 +4,HLA-B*15:17;HLA-B*57:01;HLA-B*57:02;HLA-B*57:03;HLA-B*58:01,joint_pseudo,mlp,naive,HLA-B*58:01,0.07590965008057894,0.05109431450217451,0.36675461741424803,379
groove:B*15:17 +4,HLA-B*15:17;HLA-B*57:01;HLA-B*57:02;HLA-B*57:03;HLA-B*58:01,joint_pseudo,mlp,tobit,HLA-B*15:17,0.21535631772081004,-0.024447839503401163,0.6270718232044199,362
groove:B*15:17 +4,HLA-B*15:17;HLA-B*57:01;HLA-B*57:02;HLA-B*57:03;HLA-B*58:01,joint_pseudo,mlp,tobit,HLA-B*57:01,0.023272517557398766,0.11729388682654171,0.45558739255014324,349
groove:B*15:17 +4,HLA-B*15:17;HLA-B*57:01;HLA-B*57:02;HLA-B*57:03;HLA-B*58:01,joint_pseudo,mlp,tobit,HLA-B*57:02,-0.11929754661029063,-0.04824507486486391,0.6391184573002755,363
groove:B*15:17 +4,HLA-B*15:17;HLA-B*57:01;HLA-B*57:02;HLA-B*57:03;HLA-B*58:01,joint_pseudo,mlp,tobit,HLA-B*57:03,-0.042500914925781105,0.19399606393243723,0.44986449864498645,369
groove:B*15:17 +4,HLA-B*15:17;HLA-B*57:01;HLA-B*57:02;HLA-B*57:03;HLA-B*58:01,joint_pseudo,mlp,tobit,HLA-B*58:01,0.029733938246601463,0.07391279429885178,0.47229551451187335,379
groove:B*07:02 +3,HLA-B*07:02;HLA-B*42:01;HLA-B*42:02;HLA-B*81:01,concat_groove,mlp,naive,HLA-B*07:02,0.24183611043191391,0.005825223877343449,0.16228748068006182,647
groove:B*07:02 +3,HLA-B*07:02;HLA-B*42:01;HLA-B*42:02;HLA-B*81:01,concat_groove,mlp,naive,HLA-B*42:01,0.19386643175945018,0.056420892065591206,0.09428571428571429,350
groove:B*07:02 +3,HLA-B*07:02;HLA-B*42:01;HLA-B*42:02;HLA-B*81:01,concat_groove,mlp,naive,HLA-B*42:02,0.18752136240665743,0.038632202720243806,0.28191489361702127,376
groove:B*07:02 +3,HLA-B*07:02;HLA-B*42:01;HLA-B*42:02;HLA-B*81:01,concat_groove,mlp,naive,HLA-B*81:01,0.08937550966635595,-0.07674484998087011,0.35149863760217986,367
groove:B*07:02 +3,HLA-B*07:02;HLA-B*42:01;HLA-B*42:02;HLA-B*81:01,concat_groove,mlp,tobit,HLA-B*07:02,0.27235403145780235,-0.031253815914861656,0.11746522411128284,647
groove:B*07:02 +3,HLA-B*07:02;HLA-B*42:01;HLA-B*42:02;HLA-B*81:01,concat_groove,mlp,tobit,HLA-B*42:01,0.24227272268791267,-0.02216512554621437,0.05714285714285714,350
groove:B*07:02 +3,HLA-B*07:02;HLA-B*42:01;HLA-B*42:02;HLA-B*81:01,concat_groove,mlp,tobit,HLA-B*42:02,0.23325702084962482,0.012604323043061121,0.2898936170212766,376
groove:B*07:02 +3,HLA-B*07:02;HLA-B*42:01;HLA-B*42:02;HLA-B*81:01,concat_groove,mlp,tobit,HLA-B*81:01,0.15111905337974113,-0.32089591008757024,0.1989100817438692,367
groove:B*07:02 +3,HLA-B*07:02;HLA-B*42:01;HLA-B*42:02;HLA-B*81:01,joint_groove,mlp,naive,HLA-B*07:02,0.23651252512201457,0.093141153891892,0.26275115919629055,647
groove:B*07:02 +3,HLA-B*07:02;HLA-B*42:01;HLA-B*42:02;HLA-B*81:01,joint_groove,mlp,naive,HLA-B*42:01,0.1937690288825722,-0.0056476729256098885,0.09714285714285714,350
groove:B*07:02 +3,HLA-B*07:02;HLA-B*42:01;HLA-B*42:02;HLA-B*81:01,joint_groove,mlp,naive,HLA-B*42:02,0.14131370968201862,0.06717738021333032,0.3404255319148936,376
groove:B*07:02 +3,HLA-B*07:02;HLA-B*42:01;HLA-B*42:02;HLA-B*81:01,joint_groove,mlp,naive,HLA-B*81:01,0.29844647013341213,-0.028884193272104737,0.6485013623978202,367
groove:B*07:02 +3,HLA-B*07:02;HLA-B*42:01;HLA-B*42:02;HLA-B*81:01,joint_groove,mlp,tobit,HLA-B*07:02,0.2470097402738897,0.17745317800466356,0.4574961360123648,647
groove:B*07:02 +3,HLA-B*07:02;HLA-B*42:01;HLA-B*42:02;HLA-B*81:01,joint_groove,mlp,tobit,HLA-B*42:01,0.2190502534589151,0.1135237255581095,0.08857142857142856,350
groove:B*07:02 +3,HLA-B*07:02;HLA-B*42:01;HLA-B*42:02;HLA-B*81:01,joint_groove,mlp,tobit,HLA-B*42:02,0.13050178705699067,0.15309170946441672,0.425531914893617,376
groove:B*07:02 +3,HLA-B*07:02;HLA-B*42:01;HLA-B*42:02;HLA-B*81:01,joint_groove,mlp,tobit,HLA-B*81:01,0.3452895492421816,0.07269212916657765,0.7275204359673024,367
groove:B*07:02 +3,HLA-B*07:02;HLA-B*42:01;HLA-B*42:02;HLA-B*81:01,concat_pseudo,mlp,naive,HLA-B*07:02,0.29037000535063606,0.06590444958047754,0.31993817619783615,647
groove:B*07:02 +3,HLA-B*07:02;HLA-B*42:01;HLA-B*42:02;HLA-B*81:01,concat_pseudo,mlp,naive,HLA-B*42:01,0.24059420242171328,0.038211810475420785,0.28285714285714286,350
groove:B*07:02 +3,HLA-B*07:02;HLA-B*42:01;HLA-B*42:02;HLA-B*81:01,concat_pseudo,mlp,naive,HLA-B*42:02,0.2087774859269765,-0.023346689993791973,0.4574468085106383,376
groove:B*07:02 +3,HLA-B*07:02;HLA-B*42:01;HLA-B*42:02;HLA-B*81:01,concat_pseudo,mlp,naive,HLA-B*81:01,0.08398981717455939,0.036001338121308755,0.6130790190735694,367
groove:B*07:02 +3,HLA-B*07:02;HLA-B*42:01;HLA-B*42:02;HLA-B*81:01,concat_pseudo,mlp,tobit,HLA-B*07:02,0.3441811494061486,-0.042677014585944105,0.517774343122102,647
groove:B*07:02 +3,HLA-B*07:02;HLA-B*42:01;HLA-B*42:02;HLA-B*81:01,concat_pseudo,mlp,tobit,HLA-B*42:01,0.24840644494464556,0.07803506267689649,0.44857142857142857,350
groove:B*07:02 +3,HLA-B*07:02;HLA-B*42:01;HLA-B*42:02;HLA-B*81:01,concat_pseudo,mlp,tobit,HLA-B*42:02,0.2575785088598609,-0.05434663355719848,0.5797872340425532,376
groove:B*07:02 +3,HLA-B*07:02;HLA-B*42:01;HLA-B*42:02;HLA-B*81:01,concat_pseudo,mlp,tobit,HLA-B*81:01,0.1352620334790764,-0.034662002986981966,0.7193460490463215,367
groove:B*07:02 +3,HLA-B*07:02;HLA-B*42:01;HLA-B*42:02;HLA-B*81:01,joint_pseudo,mlp,naive,HLA-B*07:02,0.2761756245088189,0.040854281099805816,0.40030911901081917,647
groove:B*07:02 +3,HLA-B*07:02;HLA-B*42:01;HLA-B*42:02;HLA-B*81:01,joint_pseudo,mlp,naive,HLA-B*42:01,0.1885558757696662,0.05808089395481946,0.14857142857142858,350
groove:B*07:02 +3,HLA-B*07:02;HLA-B*42:01;HLA-B*42:02;HLA-B*81:01,joint_pseudo,mlp,naive,HLA-B*42:02,0.2046797892815033,-0.011660703199954851,0.3803191489361702,376
groove:B*07:02 +3,HLA-B*07:02;HLA-B*42:01;HLA-B*42:02;HLA-B*81:01,joint_pseudo,mlp,naive,HLA-B*81:01,0.07246159054043226,0.02715570565992298,0.5831062670299727,367
groove:B*07:02 +3,HLA-B*07:02;HLA-B*42:01;HLA-B*42:02;HLA-B*81:01,joint_pseudo,mlp,tobit,HLA-B*07:02,0.29670711411796424,-0.10767632370792707,0.5038639876352395,647
groove:B*07:02 +3,HLA-B*07:02;HLA-B*42:01;HLA-B*42:02;HLA-B*81:01,joint_pseudo,mlp,tobit,HLA-B*42:01,0.23429772219686387,0.04650678197956135,0.2542857142857143,350
groove:B*07:02 +3,HLA-B*07:02;HLA-B*42:01;HLA-B*42:02;HLA-B*81:01,joint_pseudo,mlp,tobit,HLA-B*42:02,0.23819522430592513,0.0588065951129633,0.46808510638297873,376
groove:B*07:02 +3,HLA-B*07:02;HLA-B*42:01;HLA-B*42:02;HLA-B*81:01,joint_pseudo,mlp,tobit,HLA-B*81:01,0.09629741413264747,0.004804807137682778,0.6512261580381471,367
groove:A*31:01 +4,HLA-A*31:01;HLA-A*32:01;HLA-A*32:07;HLA-A*33:03;HLA-A*74:01,concat_groove,mlp,naive,HLA-A*31:01,0.145027640505241,-0.05627564533873617,0.4476439790575916,382
groove:A*31:01 +4,HLA-A*31:01;HLA-A*32:01;HLA-A*32:07;HLA-A*33:03;HLA-A*74:01,concat_groove,mlp,naive,HLA-A*32:01,0.48442175251713226,-0.09677419354838708,0.40625,32
groove:A*31:01 +4,HLA-A*31:01;HLA-A*32:01;HLA-A*32:07;HLA-A*33:03;HLA-A*74:01,concat_groove,mlp,naive,HLA-A*32:07,0.41143299541602874,-8.260730552137775e-05,0.3598901098901099,364
groove:A*31:01 +4,HLA-A*31:01;HLA-A*32:01;HLA-A*32:07;HLA-A*33:03;HLA-A*74:01,concat_groove,mlp,naive,HLA-A*33:03,0.08152896823332703,-0.023892869480209713,0.3018867924528302,371
groove:A*31:01 +4,HLA-A*31:01;HLA-A*32:01;HLA-A*32:07;HLA-A*33:03;HLA-A*74:01,concat_groove,mlp,naive,HLA-A*74:01,0.08384310053981851,0.1830956061278523,0.3628808864265928,361
groove:A*31:01 +4,HLA-A*31:01;HLA-A*32:01;HLA-A*32:07;HLA-A*33:03;HLA-A*74:01,concat_groove,mlp,tobit,HLA-A*31:01,0.024541200678959447,0.06943692924472503,0.46596858638743455,382
groove:A*31:01 +4,HLA-A*31:01;HLA-A*32:01;HLA-A*32:07;HLA-A*33:03;HLA-A*74:01,concat_groove,mlp,tobit,HLA-A*32:01,0.46677299037609066,-0.34750733137829903,0.5625,32
groove:A*31:01 +4,HLA-A*31:01;HLA-A*32:01;HLA-A*32:07;HLA-A*33:03;HLA-A*74:01,concat_groove,mlp,tobit,HLA-A*32:07,0.36495040473293283,-0.050366818735436414,0.3983516483516483,364
groove:A*31:01 +4,HLA-A*31:01;HLA-A*32:01;HLA-A*32:07;HLA-A*33:03;HLA-A*74:01,concat_groove,mlp,tobit,HLA-A*33:03,0.10053089527199313,0.014775213436199437,0.3557951482479784,371
groove:A*31:01 +4,HLA-A*31:01;HLA-A*32:01;HLA-A*32:07;HLA-A*33:03;HLA-A*74:01,concat_groove,mlp,tobit,HLA-A*74:01,-0.02029776887578885,0.21376751707707767,0.40166204986149584,361
groove:A*31:01 +4,HLA-A*31:01;HLA-A*32:01;HLA-A*32:07;HLA-A*33:03;HLA-A*74:01,joint_groove,mlp,naive,HLA-A*31:01,0.05409015031162967,0.028711585070703392,0.4109947643979058,382
groove:A*31:01 +4,HLA-A*31:01;HLA-A*32:01;HLA-A*32:07;HLA-A*33:03;HLA-A*74:01,joint_groove,mlp,naive,HLA-A*32:01,0.5316689594988792,-0.25109970674486803,0.5625,32
groove:A*31:01 +4,HLA-A*31:01;HLA-A*32:01;HLA-A*32:07;HLA-A*33:03;HLA-A*74:01,joint_groove,mlp,naive,HLA-A*32:07,0.3675152729004471,-0.06628713752001422,0.33791208791208793,364
groove:A*31:01 +4,HLA-A*31:01;HLA-A*32:01;HLA-A*32:07;HLA-A*33:03;HLA-A*74:01,joint_groove,mlp,naive,HLA-A*33:03,-0.23374997363149372,0.0655033522349408,0.2722371967654987,371
groove:A*31:01 +4,HLA-A*31:01;HLA-A*32:01;HLA-A*32:07;HLA-A*33:03;HLA-A*74:01,joint_groove,mlp,naive,HLA-A*74:01,0.10111040360142329,-0.03079842671523239,0.3268698060941828,361
groove:A*31:01 +4,HLA-A*31:01;HLA-A*32:01;HLA-A*32:07;HLA-A*33:03;HLA-A*74:01,joint_groove,mlp,tobit,HLA-A*31:01,0.011219188446252231,0.04347430167663911,0.4869109947643979,382
groove:A*31:01 +4,HLA-A*31:01;HLA-A*32:01;HLA-A*32:07;HLA-A*33:03;HLA-A*74:01,joint_groove,mlp,tobit,HLA-A*32:01,0.5175131815315853,-0.3541055718475073,0.59375,32
groove:A*31:01 +4,HLA-A*31:01;HLA-A*32:01;HLA-A*32:07;HLA-A*33:03;HLA-A*74:01,joint_groove,mlp,tobit,HLA-A*32:07,0.36511675249431946,-0.16071500106369346,0.4258241758241758,364
groove:A*31:01 +4,HLA-A*31:01;HLA-A*32:01;HLA-A*32:07;HLA-A*33:03;HLA-A*74:01,joint_groove,mlp,tobit,HLA-A*33:03,-0.19578456206256678,0.08376463643376715,0.31805929919137466,371
groove:A*31:01 +4,HLA-A*31:01;HLA-A*32:01;HLA-A*32:07;HLA-A*33:03;HLA-A*74:01,joint_groove,mlp,tobit,HLA-A*74:01,0.06056023784444876,0.015895073537288987,0.40166204986149584,361
groove:A*31:01 +4,HLA-A*31:01;HLA-A*32:01;HLA-A*32:07;HLA-A*33:03;HLA-A*74:01,concat_pseudo,mlp,naive,HLA-A*31:01,0.12161582183225067,0.06224297141020546,0.2670157068062827,382
groove:A*31:01 +4,HLA-A*31:01;HLA-A*32:01;HLA-A*32:07;HLA-A*33:03;HLA-A*74:01,concat_pseudo,mlp,naive,HLA-A*32:01,0.43790991062459556,-0.2562316715542522,0.4375,32
groove:A*31:01 +4,HLA-A*31:01;HLA-A*32:01;HLA-A*32:07;HLA-A*33:03;HLA-A*74:01,concat_pseudo,mlp,naive,HLA-A*32:07,0.39911152488166773,-0.007809873812364471,0.38461538461538464,364
groove:A*31:01 +4,HLA-A*31:01;HLA-A*32:01;HLA-A*32:07;HLA-A*33:03;HLA-A*74:01,concat_pseudo,mlp,naive,HLA-A*33:03,-0.16010340675326634,-0.08615749041798951,0.29649595687331537,371
groove:A*31:01 +4,HLA-A*31:01;HLA-A*32:01;HLA-A*32:07;HLA-A*33:03;HLA-A*74:01,concat_pseudo,mlp,naive,HLA-A*74:01,0.1142130687922007,0.0627551358769124,0.26869806094182824,361
groove:A*31:01 +4,HLA-A*31:01;HLA-A*32:01;HLA-A*32:07;HLA-A*33:03;HLA-A*74:01,concat_pseudo,mlp,tobit,HLA-A*31:01,0.08245253267608516,-0.11386802183881459,0.34554973821989526,382
groove:A*31:01 +4,HLA-A*31:01;HLA-A*32:01;HLA-A*32:07;HLA-A*33:03;HLA-A*74:01,concat_pseudo,mlp,tobit,HLA-A*32:01,0.42982089464328477,-0.11290322580645161,0.53125,32
groove:A*31:01 +4,HLA-A*31:01;HLA-A*32:01;HLA-A*32:07;HLA-A*33:03;HLA-A*74:01,concat_pseudo,mlp,tobit,HLA-A*32:07,0.41739434299068834,-0.09529499143446839,0.4642857142857143,364
groove:A*31:01 +4,HLA-A*31:01;HLA-A*32:01;HLA-A*32:07;HLA-A*33:03;HLA-A*74:01,concat_pseudo,mlp,tobit,HLA-A*33:03,-0.1433192147684598,-0.18889144774719943,0.3450134770889488,371
groove:A*31:01 +4,HLA-A*31:01;HLA-A*32:01;HLA-A*32:07;HLA-A*33:03;HLA-A*74:01,concat_pseudo,mlp,tobit,HLA-A*74:01,0.09008219712727623,-0.12857725879106022,0.33240997229916897,361
groove:A*31:01 +4,HLA-A*31:01;HLA-A*32:01;HLA-A*32:07;HLA-A*33:03;HLA-A*74:01,joint_pseudo,mlp,naive,HLA-A*31:01,-0.0183156533345269,0.11324372356890655,0.39790575916230364,382
groove:A*31:01 +4,HLA-A*31:01;HLA-A*32:01;HLA-A*32:07;HLA-A*33:03;HLA-A*74:01,joint_pseudo,mlp,naive,HLA-A*32:01,0.4151135928590834,0.13819648093841638,0.40625,32
groove:A*31:01 +4,HLA-A*31:01;HLA-A*32:01;HLA-A*32:07;HLA-A*33:03;HLA-A*74:01,joint_pseudo,mlp,naive,HLA-A*32:07,0.38640990378830975,0.04106752525183409,0.36813186813186816,364
groove:A*31:01 +4,HLA-A*31:01;HLA-A*32:01;HLA-A*32:07;HLA-A*33:03;HLA-A*74:01,joint_pseudo,mlp,naive,HLA-A*33:03,-0.17910726194282423,-0.056728677925108724,0.29110512129380056,371
groove:A*31:01 +4,HLA-A*31:01;HLA-A*32:01;HLA-A*32:07;HLA-A*33:03;HLA-A*74:01,joint_pseudo,mlp,naive,HLA-A*74:01,0.039488461083260776,0.12563449187085188,0.3628808864265928,361
groove:A*31:01 +4,HLA-A*31:01;HLA-A*32:01;HLA-A*32:07;HLA-A*33:03;HLA-A*74:01,joint_pseudo,mlp,tobit,HLA-A*31:01,3.5431170016577395e-05,0.040929532763334664,0.4424083769633508,382
groove:A*31:01 +4,HLA-A*31:01;HLA-A*32:01;HLA-A*32:07;HLA-A*33:03;HLA-A*74:01,joint_pseudo,mlp,tobit,HLA-A*32:01,0.4002224498025795,0.18988269794721407,0.59375,32
groove:A*31:01 +4,HLA-A*31:01;HLA-A*32:01;HLA-A*32:07;HLA-A*33:03;HLA-A*74:01,joint_pseudo,mlp,tobit,HLA-A*32:07,0.3602036254375383,0.02231044173758993,0.45879120879120877,364
groove:A*31:01 +4,HLA-A*31:01;HLA-A*32:01;HLA-A*32:07;HLA-A*33:03;HLA-A*74:01,joint_pseudo,mlp,tobit,HLA-A*33:03,-0.12874745542256033,-0.05558482576133215,0.3665768194070081,371
groove:A*31:01 +4,HLA-A*31:01;HLA-A*32:01;HLA-A*32:07;HLA-A*33:03;HLA-A*74:01,joint_pseudo,mlp,tobit,HLA-A*74:01,0.02430341305285194,-0.03387128041097218,0.4515235457063712,361
groove:B*27:02 +3,HLA-B*27:02;HLA-B*27:03;HLA-B*27:05;HLA-B*27:20,concat_groove,mlp,naive,HLA-B*27:02,-0.05041785823647421,0.03869895167104983,0.29526462395543174,359
groove:B*27:02 +3,HLA-B*27:02;HLA-B*27:03;HLA-B*27:05;HLA-B*27:20,concat_groove,mlp,naive,HLA-B*27:03,0.49064975618042267,0.038281018990737235,0.3695652173913043,368
groove:B*27:02 +3,HLA-B*27:02;HLA-B*27:03;HLA-B*27:05;HLA-B*27:20,concat_groove,mlp,naive,HLA-B*27:05,0.2968400214437208,-0.03065906032794228,0.5136612021857924,366
groove:B*27:02 +3,HLA-B*27:02;HLA-B*27:03;HLA-B*27:05;HLA-B*27:20,concat_groove,mlp,naive,HLA-B*27:20,0.03912205409995026,-0.07498653975995985,0.3695652173913043,368
groove:B*27:02 +3,HLA-B*27:02;HLA-B*27:03;HLA-B*27:05;HLA-B*27:20,concat_groove,mlp,tobit,HLA-B*27:02,-0.07351744047130504,-0.06457545530466899,0.3370473537604457,359
groove:B*27:02 +3,HLA-B*27:02;HLA-B*27:03;HLA-B*27:05;HLA-B*27:20,concat_groove,mlp,tobit,HLA-B*27:03,0.46335363297340626,-0.1069190931217451,0.45108695652173914,368
groove:B*27:02 +3,HLA-B*27:02;HLA-B*27:03;HLA-B*27:05;HLA-B*27:20,concat_groove,mlp,tobit,HLA-B*27:05,0.2672025563522928,-0.1111174476870444,0.5601092896174863,366
groove:B*27:02 +3,HLA-B*27:02;HLA-B*27:03;HLA-B*27:05;HLA-B*27:20,concat_groove,mlp,tobit,HLA-B*27:20,0.07894480207164505,0.12847016546222803,0.4157608695652174,368
groove:B*27:02 +3,HLA-B*27:02;HLA-B*27:03;HLA-B*27:05;HLA-B*27:20,joint_groove,mlp,naive,HLA-B*27:02,-0.08601384693560063,-0.043828293988577835,0.25348189415041783,359
groove:B*27:02 +3,HLA-B*27:02;HLA-B*27:03;HLA-B*27:05;HLA-B*27:20,joint_groove,mlp,naive,HLA-B*27:03,0.3383661603745475,-0.0888190433260807,0.3423913043478261,368
groove:B*27:02 +3,HLA-B*27:02;HLA-B*27:03;HLA-B*27:05;HLA-B*27:20,joint_groove,mlp,naive,HLA-B*27:05,0.24507972721847282,-0.08122240708434629,0.39344262295081966,366
groove:B*27:02 +3,HLA-B*27:02;HLA-B*27:03;HLA-B*27:05;HLA-B*27:20,joint_groove,mlp,naive,HLA-B*27:20,0.16133859005400883,0.020787281975414237,0.41304347826086957,368
groove:B*27:02 +3,HLA-B*27:02;HLA-B*27:03;HLA-B*27:05;HLA-B*27:20,joint_groove,mlp,tobit,HLA-B*27:02,-0.07037271859493464,-0.07685506502129337,0.3816155988857939,359
groove:B*27:02 +3,HLA-B*27:02;HLA-B*27:03;HLA-B*27:05;HLA-B*27:20,joint_groove,mlp,tobit,HLA-B*27:03,0.34029376493846436,-0.09209501051295314,0.483695652173913,368
groove:B*27:02 +3,HLA-B*27:02;HLA-B*27:03;HLA-B*27:05;HLA-B*27:20,joint_groove,mlp,tobit,HLA-B*27:05,0.2507429417974185,-0.06619925580587069,0.5519125683060109,366
groove:B*27:02 +3,HLA-B*27:02;HLA-B*27:03;HLA-B*27:05;HLA-B*27:20,joint_groove,mlp,tobit,HLA-B*27:20,0.1587094269923555,-0.060219043133447565,0.5543478260869565,368
groove:B*27:02 +3,HLA-B*27:02;HLA-B*27:03;HLA-B*27:05;HLA-B*27:20,concat_pseudo,mlp,naive,HLA-B*27:02,0.09445810788932457,-0.018973405331382955,0.2646239554317549,359
groove:B*27:02 +3,HLA-B*27:02;HLA-B*27:03;HLA-B*27:05;HLA-B*27:20,concat_pseudo,mlp,naive,HLA-B*27:03,0.45557615473930474,-0.031057758154882813,0.4076086956521739,368
groove:B*27:02 +3,HLA-B*27:02;HLA-B*27:03;HLA-B*27:05;HLA-B*27:20,concat_pseudo,mlp,naive,HLA-B*27:05,0.35256032073309745,-0.021504776286187185,0.5136612021857924,366
groove:B*27:02 +3,HLA-B*27:02;HLA-B*27:03;HLA-B*27:05;HLA-B*27:20,concat_pseudo,mlp,naive,HLA-B*27:20,-0.0021721142719936457,-0.05227340805572492,0.4048913043478261,368
groove:B*27:02 +3,HLA-B*27:02;HLA-B*27:03;HLA-B*27:05;HLA-B*27:20,concat_pseudo,mlp,tobit,HLA-B*27:02,0.12485171066057131,-0.010264131173391845,0.33147632311977715,359
groove:B*27:02 +3,HLA-B*27:02;HLA-B*27:03;HLA-B*27:05;HLA-B*27:20,concat_pseudo,mlp,tobit,HLA-B*27:03,0.4532720774288123,0.06203870384871365,0.483695652173913,368
groove:B*27:02 +3,HLA-B*27:02;HLA-B*27:03;HLA-B*27:05;HLA-B*27:20,concat_pseudo,mlp,tobit,HLA-B*27:05,0.3398765506400078,-0.031327990620779796,0.5983606557377049,366
groove:B*27:02 +3,HLA-B*27:02;HLA-B*27:03;HLA-B*27:05;HLA-B*27:20,concat_pseudo,mlp,tobit,HLA-B*27:20,0.00786214519903455,-0.11390661916333653,0.5027173913043478,368
groove:B*27:02 +3,HLA-B*27:02;HLA-B*27:03;HLA-B*27:05;HLA-B*27:20,joint_pseudo,mlp,naive,HLA-B*27:02,-0.009748228055165392,-0.03051773237266772,0.3008356545961003,359
groove:B*27:02 +3,HLA-B*27:02;HLA-B*27:03;HLA-B*27:05;HLA-B*27:20,joint_pseudo,mlp,naive,HLA-B*27:03,0.418148181003869,0.07316037767651697,0.4157608695652174,368
groove:B*27:02 +3,HLA-B*27:02;HLA-B*27:03;HLA-B*27:05;HLA-B*27:20,joint_pseudo,mlp,naive,HLA-B*27:05,0.2716824071673421,0.04002751107388033,0.2814207650273224,366
groove:B*27:02 +3,HLA-B*27:02;HLA-B*27:03;HLA-B*27:05;HLA-B*27:20,joint_pseudo,mlp,naive,HLA-B*27:20,0.016718827584890832,0.03078325594297289,0.391304347826087,368
groove:B*27:02 +3,HLA-B*27:02;HLA-B*27:03;HLA-B*27:05;HLA-B*27:20,joint_pseudo,mlp,tobit,HLA-B*27:02,-0.012929696292833375,0.017078269349475837,0.3955431754874652,359
groove:B*27:02 +3,HLA-B*27:02;HLA-B*27:03;HLA-B*27:05;HLA-B*27:20,joint_pseudo,mlp,tobit,HLA-B*27:03,0.40041513122877564,0.11744432661717923,0.39945652173913043,368
groove:B*27:02 +3,HLA-B*27:02;HLA-B*27:03;HLA-B*27:05;HLA-B*27:20,joint_pseudo,mlp,tobit,HLA-B*27:05,0.24321971740399173,0.10169906581057622,0.3469945355191257,366
groove:B*27:02 +3,HLA-B*27:02;HLA-B*27:03;HLA-B*27:05;HLA-B*27:20,joint_pseudo,mlp,tobit,HLA-B*27:20,0.07045628087263757,0.04172433621030915,0.4891304347826087,368
groove:B*54:01 +2,HLA-B*54:01;HLA-B*55:01;HLA-B*56:01,concat_groove,mlp,naive,HLA-B*54:01,0.3015018238301523,0.039342722212229314,0.37254901960784315,357
groove:B*54:01 +2,HLA-B*54:01;HLA-B*55:01;HLA-B*56:01,concat_groove,mlp,naive,HLA-B*55:01,0.25637954559716336,-0.06386366289923746,0.328042328042328,378
groove:B*54:01 +2,HLA-B*54:01;HLA-B*55:01;HLA-B*56:01,concat_groove,mlp,naive,HLA-B*56:01,0.16115767166757472,0.004652571700459334,0.31521739130434784,368
groove:B*54:01 +2,HLA-B*54:01;HLA-B*55:01;HLA-B*56:01,concat_groove,mlp,tobit,HLA-B*54:01,0.3385927623756962,0.07913802643648633,0.5238095238095238,357
groove:B*54:01 +2,HLA-B*54:01;HLA-B*55:01;HLA-B*56:01,concat_groove,mlp,tobit,HLA-B*55:01,0.2759003053741087,-0.059010541314244346,0.48677248677248675,378
groove:B*54:01 +2,HLA-B*54:01;HLA-B*55:01;HLA-B*56:01,concat_groove,mlp,tobit,HLA-B*56:01,0.19562674579948158,-0.11253771997499623,0.37228260869565216,368
groove:B*54:01 +2,HLA-B*54:01;HLA-B*55:01;HLA-B*56:01,joint_groove,mlp,naive,HLA-B*54:01,0.21469074168257174,0.1803083043524359,0.29971988795518206,357
groove:B*54:01 +2,HLA-B*54:01;HLA-B*55:01;HLA-B*56:01,joint_groove,mlp,naive,HLA-B*55:01,0.25140811490449794,0.12174207579539215,0.3544973544973545,378
groove:B*54:01 +2,HLA-B*54:01;HLA-B*55:01;HLA-B*56:01,joint_groove,mlp,naive,HLA-B*56:01,0.04745478932582955,-0.0037045759037142557,0.3070652173913043,368
groove:B*54:01 +2,HLA-B*54:01;HLA-B*55:01;HLA-B*56:01,joint_groove,mlp,tobit,HLA-B*54:01,0.29076987167103524,-0.01763619263536185,0.42857142857142855,357
groove:B*54:01 +2,HLA-B*54:01;HLA-B*55:01;HLA-B*56:01,joint_groove,mlp,tobit,HLA-B*55:01,0.2865757780933141,0.04711758282861914,0.5211640211640212,378
groove:B*54:01 +2,HLA-B*54:01;HLA-B*55:01;HLA-B*56:01,joint_groove,mlp,tobit,HLA-B*56:01,0.07927498317726822,0.008921562678486636,0.41847826086956524,368
groove:B*54:01 +2,HLA-B*54:01;HLA-B*55:01;HLA-B*56:01,concat_pseudo,mlp,naive,HLA-B*54:01,0.301019851568737,0.028613943851346333,0.35294117647058826,357
groove:B*54:01 +2,HLA-B*54:01;HLA-B*55:01;HLA-B*56:01,concat_pseudo,mlp,naive,HLA-B*55:01,0.4868712529420566,-0.013590762294246963,0.30423280423280424,378
groove:B*54:01 +2,HLA-B*54:01;HLA-B*55:01;HLA-B*56:01,concat_pseudo,mlp,naive,HLA-B*56:01,0.17749057924486866,0.10290847133089268,0.33967391304347827,368
groove:B*54:01 +2,HLA-B*54:01;HLA-B*55:01;HLA-B*56:01,concat_pseudo,mlp,tobit,HLA-B*54:01,0.35241185354862253,0.10467620605457677,0.5658263305322129,357
groove:B*54:01 +2,HLA-B*54:01;HLA-B*55:01;HLA-B*56:01,concat_pseudo,mlp,tobit,HLA-B*55:01,0.530042986826541,0.03076265589054252,0.5,378
groove:B*54:01 +2,HLA-B*54:01;HLA-B*55:01;HLA-B*56:01,concat_pseudo,mlp,tobit,HLA-B*56:01,0.23057137801794708,0.027444442197057918,0.532608695652174,368
groove:B*54:01 +2,HLA-B*54:01;HLA-B*55:01;HLA-B*56:01,joint_pseudo,mlp,naive,HLA-B*54:01,0.16379657711232057,0.0309137778518601,0.3025210084033613,357
groove:B*54:01 +2,HLA-B*54:01;HLA-B*55:01;HLA-B*56:01,joint_pseudo,mlp,naive,HLA-B*55:01,0.232495708157881,0.16245715081125872,0.2962962962962963,378
groove:B*54:01 +2,HLA-B*54:01;HLA-B*55:01;HLA-B*56:01,joint_pseudo,mlp,naive,HLA-B*56:01,0.08100765649613592,0.0416451158351176,0.3070652173913043,368
groove:B*54:01 +2,HLA-B*54:01;HLA-B*55:01;HLA-B*56:01,joint_pseudo,mlp,tobit,HLA-B*54:01,0.20229828293269364,-0.009336482066305904,0.46218487394957986,357
groove:B*54:01 +2,HLA-B*54:01;HLA-B*55:01;HLA-B*56:01,joint_pseudo,mlp,tobit,HLA-B*55:01,0.2750164602110654,0.13787827391454802,0.5529100529100529,378
groove:B*54:01 +2,HLA-B*54:01;HLA-B*55:01;HLA-B*56:01,joint_pseudo,mlp,tobit,HLA-B*56:01,0.14234147878751985,-0.06246875731403921,0.4891304347826087,368
groove:B*40:01 +3,HLA-B*40:01;HLA-B*40:02;HLA-B*41:01;HLA-B*45:01,concat_groove,mlp,naive,HLA-B*40:01,0.14245196111924893,-0.05158836052578439,0.7052980132450332,302
groove:B*40:01 +3,HLA-B*40:01;HLA-B*40:02;HLA-B*41:01;HLA-B*45:01,concat_groove,mlp,naive,HLA-B*41:01,0.018012339697880166,0.12633386403760968,0.453804347826087,368
groove:B*40:01 +3,HLA-B*40:01;HLA-B*40:02;HLA-B*41:01;HLA-B*45:01,concat_groove,mlp,naive,HLA-B*45:01,0.04670570381750004,0.17014273151853662,0.3070652173913043,368
groove:B*40:01 +3,HLA-B*40:01;HLA-B*40:02;HLA-B*41:01;HLA-B*45:01,concat_groove,mlp,tobit,HLA-B*40:01,0.16967642785744577,-0.046787193955583985,0.6655629139072847,302
groove:B*40:01 +3,HLA-B*40:01;HLA-B*40:02;HLA-B*41:01;HLA-B*45:01,concat_groove,mlp,tobit,HLA-B*41:01,0.06478536561556784,0.10212036103301445,0.6494565217391305,368
groove:B*40:01 +3,HLA-B*40:01;HLA-B*40:02;HLA-B*41:01;HLA-B*45:01,concat_groove,mlp,tobit,HLA-B*45:01,0.06890142204391117,-0.027163679408385127,0.6086956521739131,368
groove:B*40:01 +3,HLA-B*40:01;HLA-B*40:02;HLA-B*41:01;HLA-B*45:01,joint_groove,mlp,naive,HLA-B*40:01,0.06420758180256382,0.07788237185470764,0.1986754966887417,302
groove:B*40:01 +3,HLA-B*40:01;HLA-B*40:02;HLA-B*41:01;HLA-B*45:01,joint_groove,mlp,naive,HLA-B*41:01,0.15573333103602874,-0.04951369766037431,0.3858695652173913,368
groove:B*40:01 +3,HLA-B*40:01;HLA-B*40:02;HLA-B*41:01;HLA-B*45:01,joint_groove,mlp,naive,HLA-B*45:01,0.06954089445139283,-0.04184762141425466,0.2826086956521739,368
groove:B*40:01 +3,HLA-B*40:01;HLA-B*40:02;HLA-B*41:01;HLA-B*45:01,joint_groove,mlp,tobit,HLA-B*40:01,0.06410831320750453,-0.11827316590099969,0.304635761589404,302
groove:B*40:01 +3,HLA-B*40:01;HLA-B*40:02;HLA-B*41:01;HLA-B*45:01,joint_groove,mlp,tobit,HLA-B*41:01,0.14656057016931928,-0.051655055704685704,0.5733695652173914,368
groove:B*40:01 +3,HLA-B*40:01;HLA-B*40:02;HLA-B*41:01;HLA-B*45:01,joint_groove,mlp,tobit,HLA-B*45:01,0.024097990067963895,-0.0129374818804461,0.421195652173913,368
groove:B*40:01 +3,HLA-B*40:01;HLA-B*40:02;HLA-B*41:01;HLA-B*45:01,concat_pseudo,mlp,naive,HLA-B*40:01,0.05146454861525934,-0.0881796106829006,0.18543046357615894,302
groove:B*40:01 +3,HLA-B*40:01;HLA-B*40:02;HLA-B*41:01;HLA-B*45:01,concat_pseudo,mlp,naive,HLA-B*41:01,0.1531922916879411,0.046945898021946694,0.28804347826086957,368
groove:B*40:01 +3,HLA-B*40:01;HLA-B*40:02;HLA-B*41:01;HLA-B*45:01,concat_pseudo,mlp,naive,HLA-B*45:01,0.07780545545079126,-0.01926499865638391,0.4266304347826087,368
groove:B*40:01 +3,HLA-B*40:01;HLA-B*40:02;HLA-B*41:01;HLA-B*45:01,concat_pseudo,mlp,tobit,HLA-B*40:01,0.051184851167202144,0.11295180033943639,0.28807947019867547,302
groove:B*40:01 +3,HLA-B*40:01;HLA-B*40:02;HLA-B*41:01;HLA-B*45:01,concat_pseudo,mlp,tobit,HLA-B*41:01,0.2634664450858445,0.07107127136903403,0.6711956521739131,368
groove:B*40:01 +3,HLA-B*40:01;HLA-B*40:02;HLA-B*41:01;HLA-B*45:01,concat_pseudo,mlp,tobit,HLA-B*45:01,0.09460371518285421,0.05580148385300937,0.5869565217391305,368
groove:B*40:01 +3,HLA-B*40:01;HLA-B*40:02;HLA-B*41:01;HLA-B*45:01,joint_pseudo,mlp,naive,HLA-B*40:01,0.10591457295533503,0.17858618714834015,0.44039735099337746,302
groove:B*40:01 +3,HLA-B*40:01;HLA-B*40:02;HLA-B*41:01;HLA-B*45:01,joint_pseudo,mlp,naive,HLA-B*41:01,0.22932350393727285,-0.05541356888512613,0.4266304347826087,368
groove:B*40:01 +3,HLA-B*40:01;HLA-B*40:02;HLA-B*41:01;HLA-B*45:01,joint_pseudo,mlp,naive,HLA-B*45:01,0.08540430779875816,-0.09790386258322956,0.33695652173913043,368
groove:B*40:01 +3,HLA-B*40:01;HLA-B*40:02;HLA-B*41:01;HLA-B*45:01,joint_pseudo,mlp,tobit,HLA-B*40:01,0.12070515727369781,-0.048104682858332255,0.5,302
groove:B*40:01 +3,HLA-B*40:01;HLA-B*40:02;HLA-B*41:01;HLA-B*45:01,joint_pseudo,mlp,tobit,HLA-B*41:01,0.27706510755387076,-0.061933718792228795,0.6929347826086957,368
groove:B*40:01 +3,HLA-B*40:01;HLA-B*40:02;HLA-B*41:01;HLA-B*45:01,joint_pseudo,mlp,tobit,HLA-B*45:01,0.07418355638902913,-0.0878700843636798,0.5896739130434783,368
groove:B*08:01 +1,HLA-B*08:01;HLA-B*08:03,concat_groove,mlp,naive,HLA-B*08:01,0.17427239675648412,-0.1128367475545074,0.443010752688172,465
groove:B*08:01 +1,HLA-B*08:01;HLA-B*08:03,concat_groove,mlp,naive,HLA-B*08:03,0.1252657330935052,0.12198774800493999,0.19142857142857142,350
groove:B*08:01 +1,HLA-B*08:01;HLA-B*08:03,concat_groove,mlp,tobit,HLA-B*08:01,0.16928837477543032,-0.057928337160507395,0.6043010752688172,465
groove:B*08:01 +1,HLA-B*08:01;HLA-B*08:03,concat_groove,mlp,tobit,HLA-B*08:03,0.15649805712121564,0.20190686104726216,0.2914285714285714,350
groove:B*08:01 +1,HLA-B*08:01;HLA-B*08:03,joint_groove,mlp,naive,HLA-B*08:01,0.1729725459157104,0.05166673032028912,0.5634408602150538,465
groove:B*08:01 +1,HLA-B*08:01;HLA-B*08:03,joint_groove,mlp,naive,HLA-B*08:03,0.11242990551272028,0.0201670217716063,0.3942857142857143,350
groove:B*08:01 +1,HLA-B*08:01;HLA-B*08:03,joint_groove,mlp,tobit,HLA-B*08:01,0.17354179406841416,-0.0038819957320246155,0.5956989247311828,465
groove:B*08:01 +1,HLA-B*08:01;HLA-B*08:03,joint_groove,mlp,tobit,HLA-B*08:03,0.13795866226729378,-0.033357473472086646,0.44285714285714284,350
groove:B*08:01 +1,HLA-B*08:01;HLA-B*08:03,concat_pseudo,mlp,naive,HLA-B*08:01,0.14462303200492968,-0.01418791504151012,0.5376344086021505,465
groove:B*08:01 +1,HLA-B*08:01;HLA-B*08:03,concat_pseudo,mlp,naive,HLA-B*08:03,0.13464507812705645,0.057191137420363775,0.4257142857142857,350
groove:B*08:01 +1,HLA-B*08:01;HLA-B*08:03,concat_pseudo,mlp,tobit,HLA-B*08:01,0.2016868771674204,0.049343213966877845,0.5913978494623656,465
groove:B*08:01 +1,HLA-B*08:01;HLA-B*08:03,concat_pseudo,mlp,tobit,HLA-B*08:03,0.17335628568590286,0.00018010642652476464,0.5857142857142857,350
groove:B*08:01 +1,HLA-B*08:01;HLA-B*08:03,joint_pseudo,mlp,naive,HLA-B*08:01,0.12889783160078394,0.011639661617343068,0.5268817204301075,465
groove:B*08:01 +1,HLA-B*08:01;HLA-B*08:03,joint_pseudo,mlp,naive,HLA-B*08:03,0.095738149226652,0.004790942899825421,0.43142857142857144,350
groove:B*08:01 +1,HLA-B*08:01;HLA-B*08:03,joint_pseudo,mlp,tobit,HLA-B*08:01,0.144115494248204,0.07624196174099024,0.6365591397849463,465
groove:B*08:01 +1,HLA-B*08:01;HLA-B*08:03,joint_pseudo,mlp,tobit,HLA-B*08:03,0.13718348934054292,-0.015743428809331387,0.5628571428571428,350
groove:A*68:01 +3,HLA-A*68:01;HLA-A*68:02;HLA-A*68:23;HLA-A*69:01,concat_groove,mlp,naive,HLA-A*68:01,0.3880770411358725,-0.006732894163127342,0.38242894056847543,387
groove:A*68:01 +3,HLA-A*68:01;HLA-A*68:02;HLA-A*68:23;HLA-A*69:01,concat_groove,mlp,naive,HLA-A*68:23,0.27180013185301394,-0.011219225588260584,0.44986449864498645,369
groove:A*68:01 +3,HLA-A*68:01;HLA-A*68:02;HLA-A*68:23;HLA-A*69:01,concat_groove,mlp,tobit,HLA-A*68:01,0.392451034021863,-0.16001079085005482,0.46770025839793283,387
groove:A*68:01 +3,HLA-A*68:01;HLA-A*68:02;HLA-A*68:23;HLA-A*69:01,concat_groove,mlp,tobit,HLA-A*68:23,0.28082833169453547,0.06805623226620046,0.5311653116531165,369
groove:A*68:01 +3,HLA-A*68:01;HLA-A*68:02;HLA-A*68:23;HLA-A*69:01,joint_groove,mlp,naive,HLA-A*68:01,0.1704282329095771,0.03460318546448411,0.3281653746770026,387
groove:A*68:01 +3,HLA-A*68:01;HLA-A*68:02;HLA-A*68:23;HLA-A*69:01,joint_groove,mlp,naive,HLA-A*68:23,0.15775586252483081,-0.09604386995691343,0.4173441734417344,369
groove:A*68:01 +3,HLA-A*68:01;HLA-A*68:02;HLA-A*68:23;HLA-A*69:01,joint_groove,mlp,tobit,HLA-A*68:01,0.2210768188869551,0.01959061022132837,0.4444444444444444,387
groove:A*68:01 +3,HLA-A*68:01;HLA-A*68:02;HLA-A*68:23;HLA-A*69:01,joint_groove,mlp,tobit,HLA-A*68:23,0.15597782967656365,0.005490432107611322,0.5582655826558266,369
groove:A*68:01 +3,HLA-A*68:01;HLA-A*68:02;HLA-A*68:23;HLA-A*69:01,concat_pseudo,mlp,naive,HLA-A*68:01,0.22151931465740402,-0.037085162001466665,0.3462532299741602,387
groove:A*68:01 +3,HLA-A*68:01;HLA-A*68:02;HLA-A*68:23;HLA-A*69:01,concat_pseudo,mlp,naive,HLA-A*68:23,0.3458739205369366,-0.047240453603125926,0.5772357723577236,369
groove:A*68:01 +3,HLA-A*68:01;HLA-A*68:02;HLA-A*68:23;HLA-A*69:01,concat_pseudo,mlp,tobit,HLA-A*68:01,0.15049890015450856,-0.006246146494692153,0.4005167958656331,387
groove:A*68:01 +3,HLA-A*68:01;HLA-A*68:02;HLA-A*68:23;HLA-A*69:01,concat_pseudo,mlp,tobit,HLA-A*68:23,0.32059421743530586,0.08105242039494426,0.6260162601626016,369
groove:A*68:01 +3,HLA-A*68:01;HLA-A*68:02;HLA-A*68:23;HLA-A*69:01,joint_pseudo,mlp,naive,HLA-A*68:01,0.16647031345985489,0.16314431954497893,0.35142118863049093,387
groove:A*68:01 +3,HLA-A*68:01;HLA-A*68:02;HLA-A*68:23;HLA-A*69:01,joint_pseudo,mlp,naive,HLA-A*68:23,0.30414735362549844,-0.026413927182750086,0.5230352303523035,369
groove:A*68:01 +3,HLA-A*68:01;HLA-A*68:02;HLA-A*68:23;HLA-A*69:01,joint_pseudo,mlp,tobit,HLA-A*68:01,0.13625026481218447,0.06755067993535428,0.4392764857881137,387
groove:A*68:01 +3,HLA-A*68:01;HLA-A*68:02;HLA-A*68:23;HLA-A*69:01,joint_pseudo,mlp,tobit,HLA-A*68:23,0.2796851906511197,-0.03098626197777841,0.6666666666666666,369
groove:A*29:02,HLA-A*29:02,concat_groove,mlp,naive,HLA-A*29:02,0.4019716115444154,-0.09467720906866432,0.5456919060052219,383
groove:A*29:02,HLA-A*29:02,concat_groove,mlp,tobit,HLA-A*29:02,0.441592993910624,0.03131215568739491,0.6553524804177546,383
groove:A*29:02,HLA-A*29:02,joint_groove,mlp,naive,HLA-A*29:02,0.18325016256169366,-0.07864424562218912,0.4177545691906005,383
groove:A*29:02,HLA-A*29:02,joint_groove,mlp,tobit,HLA-A*29:02,0.14231359991372278,-0.09392429223681874,0.4699738903394256,383
groove:A*29:02,HLA-A*29:02,concat_pseudo,mlp,naive,HLA-A*29:02,0.2897466347256233,0.035021632742334566,0.5248041775456919,383
groove:A*29:02,HLA-A*29:02,concat_pseudo,mlp,tobit,HLA-A*29:02,0.2432333272147696,0.08307929955025768,0.6109660574412533,383
groove:A*29:02,HLA-A*29:02,joint_pseudo,mlp,naive,HLA-A*29:02,0.1883406348516837,-0.007450565937145436,0.42036553524804177,383
groove:A*29:02,HLA-A*29:02,joint_pseudo,mlp,tobit,HLA-A*29:02,0.1521520162308191,0.100184502002652,0.4464751958224543,383
groove:B*46:01,HLA-B*46:01,concat_groove,mlp,naive,HLA-B*46:01,-0.0023255714446883645,-0.20489687434637768,0.21606648199445982,361
groove:B*46:01,HLA-B*46:01,concat_groove,mlp,tobit,HLA-B*46:01,0.00015863379568133458,-0.13176668044056053,0.34349030470914127,361
groove:B*46:01,HLA-B*46:01,joint_groove,mlp,naive,HLA-B*46:01,0.056291466787181034,0.02762328910382965,0.3268698060941828,361
groove:B*46:01,HLA-B*46:01,joint_groove,mlp,tobit,HLA-B*46:01,0.05061660713634076,0.05624442029761813,0.4709141274238227,361
groove:B*46:01,HLA-B*46:01,concat_pseudo,mlp,naive,HLA-B*46:01,0.22035172803428485,0.08245205919713502,0.38227146814404434,361
groove:B*46:01,HLA-B*46:01,concat_pseudo,mlp,tobit,HLA-B*46:01,0.21326026858801023,-0.031281788361569814,0.43490304709141275,361
groove:B*46:01,HLA-B*46:01,joint_pseudo,mlp,naive,HLA-B*46:01,0.14568584088816458,-0.06743443371441106,0.4487534626038781,361
groove:B*46:01,HLA-B*46:01,joint_pseudo,mlp,tobit,HLA-B*46:01,0.13989888002170947,-0.0024004836167184464,0.4930747922437673,361
groove:B*18:01,HLA-B*18:01,concat_groove,mlp,naive,HLA-B*18:01,0.003563363567555206,0.031027891463458915,0.38997214484679665,359
groove:B*18:01,HLA-B*18:01,concat_groove,mlp,tobit,HLA-B*18:01,-0.02879983042531282,0.030176156611319466,0.40947075208913647,359
groove:B*18:01,HLA-B*18:01,joint_groove,mlp,naive,HLA-B*18:01,0.029373209433996822,0.05773071277031688,0.4986072423398329,359
groove:B*18:01,HLA-B*18:01,joint_groove,mlp,tobit,HLA-B*18:01,0.02629856837293768,0.038803732694272834,0.403899721448468,359
groove:B*18:01,HLA-B*18:01,concat_pseudo,mlp,naive,HLA-B*18:01,0.22737269281432756,0.0567220657423113,0.20055710306406685,359
groove:B*18:01,HLA-B*18:01,concat_pseudo,mlp,tobit,HLA-B*18:01,0.14070313171545826,0.12505718865252644,0.07799442896935933,359
groove:B*18:01,HLA-B*18:01,joint_pseudo,mlp,naive,HLA-B*18:01,0.10240346542729103,0.053630506839295995,0.3788300835654596,359
groove:B*18:01,HLA-B*18:01,joint_pseudo,mlp,tobit,HLA-B*18:01,0.042434591086752106,-0.11585798540327727,0.3370473537604457,359
groove:B*51:01,HLA-B*51:01,concat_groove,mlp,naive,HLA-B*51:01,0.40005824786861394,0.16960637852088856,0.46175637393767704,353
groove:B*51:01,HLA-B*51:01,concat_groove,mlp,tobit,HLA-B*51:01,0.44307018805427856,-0.17070034745107968,0.07365439093484419,353
groove:B*51:01,HLA-B*51:01,joint_groove,mlp,naive,HLA-B*51:01,0.35472193887196635,-0.019434453528418095,0.2577903682719547,353
groove:B*51:01,HLA-B*51:01,joint_groove,mlp,tobit,HLA-B*51:01,0.43156317279210316,0.026498601029258353,0.4475920679886686,353
groove:B*51:01,HLA-B*51:01,concat_pseudo,mlp,naive,HLA-B*51:01,0.43597727935221764,-0.003174692379210553,0.29745042492917845,353
groove:B*51:01,HLA-B*51:01,concat_pseudo,mlp,tobit,HLA-B*51:01,0.4811014842094112,-0.09960382501735073,0.5155807365439093,353
groove:B*51:01,HLA-B*51:01,joint_pseudo,mlp,naive,HLA-B*51:01,0.4313302970748543,0.0386757574302588,0.26062322946175637,353
groove:B*51:01,HLA-B*51:01,joint_pseudo,mlp,tobit,HLA-B*51:01,0.490756903473511,0.024932670440904945,0.48441926345609065,353
groove:B*44:05,HLA-B*44:05,concat_groove,mlp,naive,HLA-B*44:05,0.19865663127246036,-0.013418671350682683,0.6363636363636364,352
groove:B*44:05,HLA-B*44:05,concat_groove,mlp,tobit,HLA-B*44:05,0.29063290248346,-0.09505823103556811,0.6931818181818182,352
groove:B*44:05,HLA-B*44:05,joint_groove,mlp,naive,HLA-B*44:05,0.05492027204235163,0.14025359280316785,0.44886363636363635,352
groove:B*44:05,HLA-B*44:05,joint_groove,mlp,tobit,HLA-B*44:05,0.11698487720700393,0.05889385244909323,0.5284090909090909,352
groove:B*44:05,HLA-B*44:05,concat_pseudo,mlp,naive,HLA-B*44:05,0.2689674921257343,-0.05411628818144398,0.5738636363636364,352
groove:B*44:05,HLA-B*44:05,concat_pseudo,mlp,tobit,HLA-B*44:05,0.3125369159543227,-0.13234023609377715,0.5909090909090909,352
groove:B*44:05,HLA-B*44:05,joint_pseudo,mlp,naive,HLA-B*44:05,0.2032643958898209,0.10571530295326328,0.5710227272727273,352
groove:B*44:05,HLA-B*44:05,joint_pseudo,mlp,tobit,HLA-B*44:05,0.205686341330607,0.049804539181309705,0.6789772727272727,352
groove:A*80:01,HLA-A*80:01,concat_groove,mlp,naive,HLA-A*80:01,0.3247509422450407,0.11009768009768009,0.5641025641025641,351
groove:A*80:01,HLA-A*80:01,concat_groove,mlp,tobit,HLA-A*80:01,0.27784215017708935,-0.04765706515706516,0.7207977207977208,351
groove:A*80:01,HLA-A*80:01,joint_groove,mlp,naive,HLA-A*80:01,0.23863684092188464,-0.08008713508713508,0.5242165242165242,351
groove:A*80:01,HLA-A*80:01,joint_groove,mlp,tobit,HLA-A*80:01,0.23240466083064495,-0.04175824175824175,0.6581196581196581,351
groove:A*80:01,HLA-A*80:01,concat_pseudo,mlp,naive,HLA-A*80:01,0.2652315735750814,-0.029577367077367075,0.25071225071225073,351
groove:A*80:01,HLA-A*80:01,concat_pseudo,mlp,tobit,HLA-A*80:01,0.2872582222826819,0.028030025530025527,0.38746438746438744,351
groove:A*80:01,HLA-A*80:01,joint_pseudo,mlp,naive,HLA-A*80:01,0.33157830570528907,-0.003988511488511488,0.07407407407407407,351
groove:A*80:01,HLA-A*80:01,joint_pseudo,mlp,tobit,HLA-A*80:01,0.31754934139650276,-0.07027666777666777,0.11965811965811966,351
groove:A*01:01,HLA-A*01:01,concat_groove,mlp,naive,HLA-A*01:01,0.1106056914862828,0.05986149225472351,0.33181818181818185,220
groove:A*01:01,HLA-A*01:01,concat_groove,mlp,tobit,HLA-A*01:01,0.12632458873329344,0.022207446059178532,0.4818181818181818,220
groove:A*01:01,HLA-A*01:01,joint_groove,mlp,naive,HLA-A*01:01,0.029070290295872225,0.046178640054546576,0.42727272727272725,220
groove:A*01:01,HLA-A*01:01,joint_groove,mlp,tobit,HLA-A*01:01,0.06743468375971043,-0.05021215690031161,0.4954545454545455,220
groove:A*01:01,HLA-A*01:01,concat_pseudo,mlp,naive,HLA-A*01:01,0.048688042396467235,0.051402264133932146,0.4,220
groove:A*01:01,HLA-A*01:01,concat_pseudo,mlp,tobit,HLA-A*01:01,0.07806110710396273,0.043801806573764666,0.509090909090909,220
groove:A*01:01,HLA-A*01:01,joint_pseudo,mlp,naive,HLA-A*01:01,0.02160072715772534,-0.039245363822317886,0.2818181818181818,220
groove:A*01:01,HLA-A*01:01,joint_pseudo,mlp,tobit,HLA-A*01:01,0.02499721329481749,-0.03572124893639801,0.33181818181818185,220
